patient_id,date,sleep_hours,activity_level,mood_score,therapy_attended,heart_rate,stress_level
1,2025-01-01,6.98,4,3.69,1,96,7
1,2025-01-02,3.29,6,3.93,0,95,5
1,2025-01-03,5.8,6,4.13,1,88,5
1,2025-01-04,9.59,10,4.24,1,93,4
1,2025-01-05,7.53,8,4.14,1,94,6
1,2025-01-06,5.86,1,4.19,0,88,5
1,2025-01-07,6.59,7,4.0,1,91,4
1,2025-01-08,8.5,7,4.17,1,93,4
1,2025-01-09,6.32,5,4.05,0,90,4
1,2025-01-10,6.31,2,4.07,1,87,5
1,2025-01-11,5.18,2,4.31,1,95,5
1,2025-01-12,5.77,1,4.29,1,88,6
1,2025-01-13,7.39,9,4.09,0,91,5
1,2025-01-14,7.39,5,4.25,0,97,6
1,2025-01-15,7.97,7,4.29,0,86,5
1,2025-01-16,5.34,4,4.48,1,90,6
1,2025-01-17,6.77,10,4.61,0,92,4
1,2025-01-18,7.65,4,4.63,0,97,6
1,2025-01-19,7.2,6,4.63,1,97,6
1,2025-01-20,6.08,8,4.43,0,88,4
1,2025-01-21,6.14,6,4.47,0,88,6
1,2025-01-22,6.72,3,4.26,0,93,6
1,2025-01-23,5.92,5,4.13,1,87,5
1,2025-01-24,6.54,4,4.13,0,92,4
1,2025-01-25,6.99,1,4.32,1,84,4
1,2025-01-26,4.69,1,4.54,0,94,5
1,2025-01-27,5.1,3,4.57,1,93,5
1,2025-01-28,8.25,4,4.71,1,84,4
1,2025-01-29,6.72,9,4.91,1,92,5
1,2025-01-30,5.92,6,4.7,1,90,4
1,2025-01-31,5.04,8,4.9,1,94,5
1,2025-02-01,5.59,10,4.69,0,85,4
1,2025-02-02,3.88,7,4.64,1,92,6
1,2025-02-03,6.17,1,4.46,1,90,6
1,2025-02-04,6.06,4,4.45,1,88,5
1,2025-02-05,4.74,5,4.47,0,88,5
1,2025-02-06,5.61,1,4.38,1,91,4
1,2025-02-07,7.01,4,4.33,0,92,4
1,2025-02-08,5.84,5,4.16,0,88,5
1,2025-02-09,4.95,7,4.03,0,90,6
1,2025-02-10,4.74,1,3.99,0,93,6
1,2025-02-11,6.94,8,4.14,1,90,6
1,2025-02-12,6.29,10,4.22,1,88,5
1,2025-02-13,3.93,7,4.36,0,97,6
1,2025-02-14,5.12,8,4.56,1,85,4
1,2025-02-15,7.75,1,4.33,1,95,5
1,2025-02-16,5.11,4,4.35,1,95,6
1,2025-02-17,4.57,8,4.24,0,91,6
1,2025-02-18,6.37,5,4.04,1,90,5
1,2025-02-19,9.93,8,4.15,1,93,5
1,2025-02-20,6.5,1,4.08,1,94,5
1,2025-02-21,6.82,3,4.17,1,91,5
1,2025-02-22,7.64,1,4.1,0,94,5
1,2025-02-23,6.72,7,4.08,0,86,5
1,2025-02-24,5.52,6,4.17,0,94,5
1,2025-02-25,8.24,10,4.14,1,94,6
1,2025-02-26,8.24,5,4.28,1,93,6
1,2025-02-27,6.32,1,4.25,1,87,5
1,2025-02-28,6.69,1,4.37,0,93,4
1,2025-03-01,6.76,1,4.56,1,93,4
1,2025-03-02,4.45,1,4.35,0,86,5
1,2025-03-03,6.7,3,4.42,1,93,5
1,2025-03-04,7.2,3,4.38,0,88,5
1,2025-03-05,6.79,2,4.37,1,90,4
1,2025-03-06,6.04,5,4.61,0,87,5
1,2025-03-07,7.17,5,4.56,1,93,6
1,2025-03-08,6.66,8,4.78,0,87,5
1,2025-03-09,8.09,8,4.85,1,90,4
1,2025-03-10,6.62,2,5.0,0,91,5
1,2025-03-11,6.77,6,5.0,0,88,5
1,2025-03-12,6.13,5,4.82,1,89,4
1,2025-03-13,5.57,4,4.81,0,94,5
1,2025-03-14,9.05,7,4.66,1,87,5
1,2025-03-15,8.57,10,4.75,0,92,6
1,2025-03-16,6.44,2,4.51,1,92,6
1,2025-03-17,7.8,2,4.51,1,89,6
1,2025-03-18,7.35,4,4.3,0,88,4
1,2025-03-19,6.94,9,4.07,1,89,6
1,2025-03-20,7.87,10,4.16,0,97,6
1,2025-03-21,7.45,8,4.35,1,94,6
1,2025-03-22,7.98,4,4.48,1,93,6
1,2025-03-23,9.02,1,4.56,1,90,6
1,2025-03-24,7.12,10,4.66,1,87,5
1,2025-03-25,6.94,5,4.45,0,91,4
1,2025-03-26,6.67,4,4.22,1,92,6
1,2025-03-27,5.34,6,4.04,0,86,5
1,2025-03-28,8.18,2,4.13,1,94,5
1,2025-03-29,5.15,4,4.21,1,87,5
1,2025-03-30,5.19,9,4.03,0,88,6
1,2025-03-31,6.28,1,3.87,1,88,5
1,2025-04-01,6.31,4,3.78,0,98,7
1,2025-04-02,8.26,1,3.7,1,95,6
1,2025-04-03,6.12,2,3.51,0,89,6
1,2025-04-04,7.07,1,3.74,1,97,6
1,2025-04-05,6.47,5,3.82,1,92,6
1,2025-04-06,5.06,3,3.74,1,88,6
1,2025-04-07,6.8,7,3.78,0,93,7
1,2025-04-08,4.99,2,3.82,1,92,5
1,2025-04-09,5.72,5,3.57,1,95,5
1,2025-04-10,3.47,8,3.67,1,105,7
2,2025-01-01,6.89,5,2.68,1,92,7
2,2025-01-02,6.35,10,2.49,0,95,7
2,2025-01-03,6.18,3,2.66,1,95,8
2,2025-01-04,7.98,6,2.85,1,87,6
2,2025-01-05,6.13,5,3.03,1,90,6
2,2025-01-06,5.51,3,2.8,0,88,6
2,2025-01-07,6.18,7,2.82,1,93,6
2,2025-01-08,5.25,3,2.86,1,89,7
2,2025-01-09,8.23,8,2.85,0,90,7
2,2025-01-10,7.82,3,3.01,0,90,6
2,2025-01-11,7.37,5,3.01,0,86,6
2,2025-01-12,6.25,7,2.93,1,89,6
2,2025-01-13,6.66,1,2.77,1,87,7
2,2025-01-14,6.91,3,2.83,1,86,7
2,2025-01-15,6.68,10,2.61,0,87,6
2,2025-01-16,6.0,4,2.53,0,87,7
2,2025-01-17,6.17,2,2.38,0,93,8
2,2025-01-18,7.53,1,2.22,0,90,6
2,2025-01-19,6.51,4,2.02,1,87,7
2,2025-01-20,7.16,5,2.12,1,94,7
2,2025-01-21,5.78,9,2.01,0,91,7
2,2025-01-22,8.1,2,2.07,1,94,7
2,2025-01-23,7.11,4,1.92,0,94,7
2,2025-01-24,6.6,6,1.72,1,91,8
2,2025-01-25,7.68,10,1.61,1,97,8
2,2025-01-26,5.16,9,1.67,0,96,8
2,2025-01-27,6.38,10,1.55,1,95,8
2,2025-01-28,7.15,10,1.5,0,93,8
2,2025-01-29,7.87,7,1.32,1,87,7
2,2025-01-30,8.06,9,1.26,0,95,7
2,2025-01-31,5.13,10,1.39,1,90,8
2,2025-02-01,8.07,7,1.58,0,99,9
2,2025-02-02,6.08,4,1.62,1,93,8
2,2025-02-03,7.43,2,1.61,0,90,8
2,2025-02-04,7.26,6,1.65,1,91,7
2,2025-02-05,6.27,10,1.41,0,92,7
2,2025-02-06,5.15,6,1.4,1,89,7
2,2025-02-07,4.23,1,1.63,0,93,8
2,2025-02-08,7.99,7,1.67,0,95,8
2,2025-02-09,5.55,4,1.75,1,94,8
2,2025-02-10,6.71,9,1.59,1,93,7
2,2025-02-11,7.83,9,1.55,0,92,9
2,2025-02-12,6.11,8,1.36,1,91,9
2,2025-02-13,7.31,4,1.18,1,96,8
2,2025-02-14,5.95,8,1.38,1,93,8
2,2025-02-15,6.25,5,1.55,1,96,8
2,2025-02-16,6.84,7,1.77,1,89,8
2,2025-02-17,7.47,4,1.68,0,90,8
2,2025-02-18,5.72,1,1.77,1,89,8
2,2025-02-19,7.4,9,1.64,1,87,7
2,2025-02-20,6.57,3,1.6,1,93,8
2,2025-02-21,6.79,2,1.61,0,90,8
2,2025-02-22,7.99,6,1.56,1,94,9
2,2025-02-23,5.35,5,1.5,0,91,8
2,2025-02-24,6.15,3,1.54,1,91,9
2,2025-02-25,6.96,6,1.3,1,92,8
2,2025-02-26,6.47,6,1.25,1,97,9
2,2025-02-27,5.83,7,1.18,0,90,8
2,2025-02-28,7.64,4,1.23,0,94,9
2,2025-03-01,7.7,8,0.99,0,94,9
2,2025-03-02,6.63,1,1.01,1,90,9
2,2025-03-03,7.26,9,0.85,0,90,9
2,2025-03-04,7.78,4,0.61,0,99,9
2,2025-03-05,7.71,5,0.57,1,89,8
2,2025-03-06,6.26,2,0.81,0,98,9
2,2025-03-07,6.19,2,0.8,0,88,8
2,2025-03-08,6.45,4,0.82,0,95,10
2,2025-03-09,6.38,10,0.87,1,96,9
2,2025-03-10,8.5,8,1.0,0,94,8
2,2025-03-11,6.51,2,1.02,1,93,9
2,2025-03-12,7.99,3,0.77,1,97,9
2,2025-03-13,5.95,4,0.9,0,90,8
2,2025-03-14,6.49,6,1.02,0,96,9
2,2025-03-15,7.22,3,1.16,0,96,9
2,2025-03-16,5.21,9,1.1,0,95,8
2,2025-03-17,6.29,9,0.9,0,97,9
2,2025-03-18,7.4,7,0.96,1,95,9
2,2025-03-19,6.02,4,0.98,1,89,8
2,2025-03-20,6.36,8,1.12,0,88,8
2,2025-03-21,6.44,3,1.37,1,90,9
2,2025-03-22,5.54,9,1.39,0,90,8
2,2025-03-23,6.93,4,1.23,1,92,9
2,2025-03-24,6.35,9,1.27,1,91,8
2,2025-03-25,4.91,2,1.38,1,93,7
2,2025-03-26,6.29,8,1.23,1,94,8
2,2025-03-27,5.7,5,1.2,1,96,9
2,2025-03-28,7.64,5,1.19,1,90,9
2,2025-03-29,6.53,10,0.96,1,95,8
2,2025-03-30,8.22,7,1.2,0,92,8
2,2025-03-31,7.88,8,1.03,1,93,8
2,2025-04-01,5.29,5,0.96,0,99,9
2,2025-04-02,7.64,4,1.04,1,94,9
2,2025-04-03,9.55,10,1.25,1,93,9
2,2025-04-04,7.15,8,1.11,1,93,8
2,2025-04-05,7.07,6,1.23,1,94,8
2,2025-04-06,7.8,10,1.45,1,93,8
2,2025-04-07,8.82,1,1.24,1,93,9
2,2025-04-08,6.06,8,1.45,0,94,8
2,2025-04-09,9.42,2,1.61,0,89,7
2,2025-04-10,6.48,9,1.57,1,86,7
3,2025-01-01,4.94,7,2.54,1,88,8
3,2025-01-02,6.53,1,2.35,1,87,6
3,2025-01-03,6.0,10,2.39,1,86,7
3,2025-01-04,5.66,9,2.32,1,95,8
3,2025-01-05,6.01,2,2.48,1,94,7
3,2025-01-06,5.9,9,2.59,0,87,6
3,2025-01-07,6.23,7,2.4,1,87,7
3,2025-01-08,6.6,5,2.5,1,93,8
3,2025-01-09,6.08,5,2.3,0,91,7
3,2025-01-10,4.81,4,2.12,1,94,8
3,2025-01-11,6.13,5,2.13,0,87,7
3,2025-01-12,8.2,6,2.27,1,90,7
3,2025-01-13,7.6,3,2.31,1,91,6
3,2025-01-14,5.72,3,2.34,0,91,7
3,2025-01-15,4.29,9,2.11,0,92,7
3,2025-01-16,6.44,7,1.92,0,89,8
3,2025-01-17,5.22,4,1.84,1,88,7
3,2025-01-18,7.59,5,1.78,1,91,9
3,2025-01-19,8.87,5,1.85,1,91,9
3,2025-01-20,6.78,6,1.67,0,88,8
3,2025-01-21,6.93,5,1.74,1,90,8
3,2025-01-22,6.59,9,1.88,0,90,7
3,2025-01-23,8.12,9,1.65,0,91,7
3,2025-01-24,5.35,9,1.8,1,96,8
3,2025-01-25,5.43,5,1.72,0,88,8
3,2025-01-26,6.27,9,1.71,1,95,8
3,2025-01-27,4.24,4,1.83,1,89,7
3,2025-01-28,8.13,6,2.01,1,94,7
3,2025-01-29,6.73,9,1.89,1,86,7
3,2025-01-30,7.87,6,1.89,1,92,8
3,2025-01-31,3.56,4,1.69,1,89,8
3,2025-02-01,6.43,10,1.86,0,89,8
3,2025-02-02,5.49,4,1.98,1,96,8
3,2025-02-03,6.32,10,1.86,1,93,7
3,2025-02-04,5.47,4,1.69,1,92,9
3,2025-02-05,5.83,7,1.71,0,94,8
3,2025-02-06,7.09,9,1.5,0,91,8
3,2025-02-07,6.54,9,1.32,1,92,8
3,2025-02-08,7.15,5,1.39,1,96,8
3,2025-02-09,8.38,9,1.59,1,96,8
3,2025-02-10,3.85,8,1.74,0,93,7
3,2025-02-11,4.75,1,1.61,1,95,8
3,2025-02-12,7.41,7,1.47,0,89,8
3,2025-02-13,4.67,2,1.64,0,88,8
3,2025-02-14,6.38,2,1.75,0,90,7
3,2025-02-15,4.4,1,1.74,0,98,9
3,2025-02-16,7.77,8,1.93,0,98,9
3,2025-02-17,6.7,7,1.94,1,89,7
3,2025-02-18,7.16,7,1.8,0,92,8
3,2025-02-19,4.54,1,1.72,1,92,8
3,2025-02-20,5.85,4,1.62,1,89,8
3,2025-02-21,6.19,7,1.39,0,88,8
3,2025-02-22,6.79,9,1.37,1,94,7
3,2025-02-23,7.87,8,1.42,1,90,7
3,2025-02-24,6.15,3,1.54,1,90,9
3,2025-02-25,7.9,2,1.35,0,86,7
3,2025-02-26,7.19,10,1.59,1,94,8
3,2025-02-27,6.72,4,1.44,0,89,8
3,2025-02-28,5.56,8,1.24,0,90,8
3,2025-03-01,6.05,7,1.21,1,93,8
3,2025-03-02,6.04,3,1.29,0,89,7
3,2025-03-03,5.25,3,1.39,1,94,8
3,2025-03-04,5.48,8,1.56,0,92,8
3,2025-03-05,5.58,2,1.44,1,97,8
3,2025-03-06,7.26,3,1.32,1,97,9
3,2025-03-07,6.82,5,1.26,1,90,9
3,2025-03-08,6.29,4,1.28,0,97,8
3,2025-03-09,4.37,3,1.2,0,91,8
3,2025-03-10,3.7,3,1.27,0,89,8
3,2025-03-11,5.91,5,1.46,1,95,7
3,2025-03-12,7.14,3,1.28,1,91,9
3,2025-03-13,7.21,5,1.35,0,88,7
3,2025-03-14,7.2,3,1.1,0,88,8
3,2025-03-15,5.28,6,1.34,0,90,7
3,2025-03-16,7.13,6,1.53,1,94,8
3,2025-03-17,5.43,4,1.69,1,90,8
3,2025-03-18,8.3,10,1.67,1,96,9
3,2025-03-19,5.58,5,1.42,1,91,8
3,2025-03-20,6.07,10,1.46,0,94,9
3,2025-03-21,7.5,5,1.27,1,97,9
3,2025-03-22,6.94,5,1.41,0,87,7
3,2025-03-23,5.92,7,1.51,0,87,7
3,2025-03-24,7.54,4,1.33,0,96,8
3,2025-03-25,6.7,8,1.09,0,95,8
3,2025-03-26,7.01,8,0.96,0,98,9
3,2025-03-27,6.33,4,1.13,1,96,8
3,2025-03-28,6.84,5,1.28,1,97,8
3,2025-03-29,7.97,7,1.09,1,89,8
3,2025-03-30,7.87,5,1.31,0,94,8
3,2025-03-31,6.83,3,1.44,0,91,9
3,2025-04-01,8.24,5,1.34,0,93,8
3,2025-04-02,6.42,9,1.39,0,86,7
3,2025-04-03,4.37,10,1.39,1,92,9
3,2025-04-04,4.49,1,1.23,0,96,9
3,2025-04-05,6.19,7,1.32,1,93,8
3,2025-04-06,7.23,9,1.19,0,92,8
3,2025-04-07,7.13,5,1.32,1,90,8
3,2025-04-08,6.96,5,1.25,0,99,9
3,2025-04-09,5.68,5,1.02,0,91,8
3,2025-04-10,5.85,7,1.19,1,92,8
4,2025-01-01,6.99,2,2.83,1,89,7
4,2025-01-02,7.19,8,2.61,0,84,7
4,2025-01-03,8.09,10,2.7,1,83,7
4,2025-01-04,6.06,3,2.82,0,82,7
4,2025-01-05,5.95,1,2.87,0,84,7
4,2025-01-06,6.8,9,2.73,0,92,8
4,2025-01-07,7.73,7,2.91,1,87,6
4,2025-01-08,6.57,2,3.06,0,83,7
4,2025-01-09,7.4,1,3.3,0,82,5
4,2025-01-10,6.64,7,3.09,0,82,6
4,2025-01-11,6.29,3,3.01,1,85,6
4,2025-01-12,4.96,7,2.86,1,83,6
4,2025-01-13,7.09,8,2.74,1,84,7
4,2025-01-14,4.67,9,2.55,0,87,8
4,2025-01-15,7.33,8,2.71,0,90,7
4,2025-01-16,7.33,5,2.49,1,83,6
4,2025-01-17,5.9,1,2.39,1,85,7
4,2025-01-18,7.64,8,2.42,0,82,6
4,2025-01-19,6.72,4,2.63,1,84,7
4,2025-01-20,6.96,7,2.46,0,83,7
4,2025-01-21,4.63,1,2.54,0,81,6
4,2025-01-22,6.22,3,2.49,1,86,7
4,2025-01-23,6.46,9,2.65,1,90,8
4,2025-01-24,6.16,9,2.83,1,83,7
4,2025-01-25,9.06,7,2.87,0,83,8
4,2025-01-26,6.38,2,2.64,0,87,6
4,2025-01-27,6.41,10,2.59,0,87,8
4,2025-01-28,5.57,9,2.58,0,85,7
4,2025-01-29,5.14,5,2.48,0,89,7
4,2025-01-30,7.06,2,2.24,1,83,8
4,2025-01-31,6.58,5,2.34,1,86,6
4,2025-02-01,8.65,2,2.26,1,90,8
4,2025-02-02,5.05,8,2.43,0,81,7
4,2025-02-03,6.57,5,2.21,0,87,8
4,2025-02-04,5.46,1,2.04,0,90,7
4,2025-02-05,6.53,9,1.86,1,92,8
4,2025-02-06,7.96,8,1.64,0,90,8
4,2025-02-07,5.84,1,1.42,1,83,8
4,2025-02-08,6.13,9,1.64,1,84,8
4,2025-02-09,7.6,3,1.61,1,81,7
4,2025-02-10,6.36,5,1.7,1,83,8
4,2025-02-11,7.94,2,1.88,0,84,7
4,2025-02-12,5.99,7,2.11,0,89,7
4,2025-02-13,7.58,6,2.21,0,85,7
4,2025-02-14,7.9,5,2.39,0,85,8
4,2025-02-15,7.28,2,2.29,1,82,7
4,2025-02-16,4.75,10,2.15,1,87,8
4,2025-02-17,6.53,3,2.28,0,84,6
4,2025-02-18,7.13,6,2.16,0,85,8
4,2025-02-19,7.06,5,2.04,0,83,7
4,2025-02-20,6.93,7,1.8,1,92,8
4,2025-02-21,3.55,3,1.79,1,89,7
4,2025-02-22,7.94,4,1.61,0,92,9
4,2025-02-23,6.09,8,1.73,0,87,9
4,2025-02-24,6.91,10,1.9,0,90,8
4,2025-02-25,3.37,10,1.97,1,90,7
4,2025-02-26,4.68,9,1.94,0,84,7
4,2025-02-27,4.89,9,2.15,1,89,8
4,2025-02-28,3.79,1,2.1,0,83,7
4,2025-03-01,6.2,4,2.04,1,84,7
4,2025-03-02,5.96,8,2.17,0,84,7
4,2025-03-03,5.1,10,2.13,1,86,8
4,2025-03-04,6.66,9,2.36,0,86,8
4,2025-03-05,8.5,3,2.46,1,87,7
4,2025-03-06,6.5,3,2.48,0,86,7
4,2025-03-07,6.17,10,2.42,0,87,7
4,2025-03-08,6.46,4,2.25,1,84,7
4,2025-03-09,7.9,5,2.16,1,89,7
4,2025-03-10,7.06,8,2.02,0,92,8
4,2025-03-11,6.28,10,2.17,0,84,8
4,2025-03-12,8.57,9,2.23,0,79,6
4,2025-03-13,7.91,10,2.16,1,83,8
4,2025-03-14,6.27,8,2.39,0,84,6
4,2025-03-15,6.15,6,2.38,1,81,6
4,2025-03-16,6.1,6,2.46,1,85,7
4,2025-03-17,7.04,2,2.65,0,83,6
4,2025-03-18,4.99,3,2.47,1,83,7
4,2025-03-19,7.02,7,2.68,0,88,7
4,2025-03-20,9.01,7,2.53,1,86,8
4,2025-03-21,7.9,9,2.34,0,81,6
4,2025-03-22,5.98,8,2.15,1,82,7
4,2025-03-23,6.03,8,2.2,1,88,7
4,2025-03-24,6.61,8,2.33,1,88,7
4,2025-03-25,7.45,9,2.31,0,83,8
4,2025-03-26,6.93,5,2.55,1,82,7
4,2025-03-27,7.89,4,2.63,0,86,7
4,2025-03-28,6.36,10,2.88,0,81,7
4,2025-03-29,6.07,2,2.63,0,79,6
4,2025-03-30,6.0,4,2.43,1,82,7
4,2025-03-31,7.86,4,2.67,1,83,7
4,2025-04-01,5.61,5,2.84,1,86,7
4,2025-04-02,4.97,2,3.07,0,86,6
4,2025-04-03,7.43,3,3.12,1,83,6
4,2025-04-04,7.78,2,3.05,0,82,6
4,2025-04-05,8.65,4,3.11,0,86,7
4,2025-04-06,7.26,1,3.33,1,81,6
4,2025-04-07,5.94,10,3.12,0,80,5
4,2025-04-08,6.55,9,3.03,1,79,6
4,2025-04-09,8.1,9,2.95,1,87,7
4,2025-04-10,4.94,1,3.12,0,85,7
5,2025-01-01,5.87,8,3.25,0,89,7
5,2025-01-02,5.79,2,3.03,1,81,6
5,2025-01-03,4.53,7,3.27,0,84,7
5,2025-01-04,7.94,10,3.46,0,83,7
5,2025-01-05,7.57,1,3.35,0,86,6
5,2025-01-06,5.7,2,3.52,1,80,5
5,2025-01-07,7.54,8,3.69,0,86,6
5,2025-01-08,6.78,9,3.77,1,87,6
5,2025-01-09,6.02,1,3.58,1,87,6
5,2025-01-10,7.51,1,3.46,0,84,7
5,2025-01-11,5.08,10,3.35,0,86,7
5,2025-01-12,3.96,2,3.34,1,81,5
5,2025-01-13,5.41,10,3.15,0,81,6
5,2025-01-14,7.69,10,3.35,1,87,7
5,2025-01-15,5.33,9,3.12,0,87,6
5,2025-01-16,7.42,10,3.12,0,86,7
5,2025-01-17,6.67,3,2.98,0,87,6
5,2025-01-18,6.05,7,3.08,0,85,7
5,2025-01-19,7.02,8,3.3,1,80,6
5,2025-01-20,8.46,6,3.15,0,79,6
5,2025-01-21,8.67,5,3.37,1,84,6
5,2025-01-22,7.47,1,3.12,1,85,7
5,2025-01-23,6.85,2,3.24,1,85,6
5,2025-01-24,5.98,6,3.35,1,86,7
5,2025-01-25,6.22,8,3.42,1,86,6
5,2025-01-26,7.86,9,3.31,1,81,5
5,2025-01-27,8.14,10,3.15,0,88,7
5,2025-01-28,6.16,6,2.97,1,78,6
5,2025-01-29,6.7,2,2.98,1,84,7
5,2025-01-30,7.49,2,3.16,0,81,7
5,2025-01-31,5.5,7,2.98,0,85,8
5,2025-02-01,7.23,2,3.03,0,87,7
5,2025-02-02,6.97,5,3.24,0,83,6
5,2025-02-03,8.06,8,3.32,1,89,7
5,2025-02-04,5.59,7,3.48,0,83,6
5,2025-02-05,4.81,2,3.61,1,83,6
5,2025-02-06,7.95,8,3.44,0,87,6
5,2025-02-07,7.56,1,3.69,1,84,6
5,2025-02-08,5.4,4,3.8,0,78,6
5,2025-02-09,6.98,2,4.01,1,83,5
5,2025-02-10,4.99,9,3.82,1,80,7
5,2025-02-11,8.89,2,3.92,1,78,6
5,2025-02-12,5.55,7,3.82,0,77,5
5,2025-02-13,4.98,2,3.66,1,86,6
5,2025-02-14,7.31,8,3.47,0,78,6
5,2025-02-15,8.03,6,3.32,0,85,6
5,2025-02-16,5.83,2,3.5,1,81,5
5,2025-02-17,9.05,9,3.73,1,85,7
5,2025-02-18,7.18,10,3.92,1,78,5
5,2025-02-19,5.34,5,3.7,1,86,6
5,2025-02-20,7.81,6,3.85,0,78,5
5,2025-02-21,7.21,2,3.74,0,79,5
5,2025-02-22,7.04,1,3.94,0,85,6
5,2025-02-23,6.65,7,4.01,0,78,5
5,2025-02-24,7.59,10,4.0,1,79,5
5,2025-02-25,4.58,5,4.21,1,82,5
5,2025-02-26,8.53,8,4.39,1,76,5
5,2025-02-27,3.13,4,4.56,1,81,4
5,2025-02-28,5.72,1,4.36,0,85,5
5,2025-03-01,7.92,7,4.21,0,82,6
5,2025-03-02,5.36,5,4.32,0,83,6
5,2025-03-03,6.14,10,4.12,0,86,6
5,2025-03-04,7.02,8,3.88,1,83,5
5,2025-03-05,5.91,7,4.04,1,83,6
5,2025-03-06,8.28,5,3.98,1,80,5
5,2025-03-07,7.49,9,3.74,0,86,6
5,2025-03-08,5.73,1,3.75,1,82,6
5,2025-03-09,6.42,2,3.63,0,85,5
5,2025-03-10,6.43,2,3.42,0,82,5
5,2025-03-11,7.23,10,3.18,0,89,7
5,2025-03-12,7.69,1,3.24,0,79,6
5,2025-03-13,6.51,9,3.14,1,87,6
5,2025-03-14,5.25,7,3.01,1,89,7
5,2025-03-15,7.17,10,2.97,0,82,7
5,2025-03-16,8.74,4,3.17,1,84,6
5,2025-03-17,6.63,6,3.06,1,82,6
5,2025-03-18,5.14,1,2.93,0,89,7
5,2025-03-19,6.65,9,2.71,0,81,7
5,2025-03-20,6.69,8,2.58,0,81,7
5,2025-03-21,8.52,2,2.58,1,90,8
5,2025-03-22,5.95,10,2.58,1,88,7
5,2025-03-23,5.62,7,2.66,0,85,8
5,2025-03-24,5.34,6,2.68,1,82,6
5,2025-03-25,7.39,3,2.74,1,83,8
5,2025-03-26,5.57,4,2.87,1,89,8
5,2025-03-27,7.51,6,2.82,0,82,8
5,2025-03-28,6.52,6,2.71,0,78,6
5,2025-03-29,6.1,7,2.63,1,86,6
5,2025-03-30,4.09,2,2.65,1,86,6
5,2025-03-31,4.88,8,2.41,0,78,6
5,2025-04-01,4.97,4,2.25,0,81,6
5,2025-04-02,5.92,8,2.33,0,82,8
5,2025-04-03,6.54,1,2.21,0,86,8
5,2025-04-04,6.84,10,2.37,0,87,8
5,2025-04-05,6.36,5,2.6,1,84,8
5,2025-04-06,6.82,1,2.74,1,83,7
5,2025-04-07,7.53,7,2.68,1,88,7
5,2025-04-08,6.93,8,2.82,1,81,7
5,2025-04-09,5.09,10,2.65,1,82,6
5,2025-04-10,5.42,3,2.81,1,88,7
6,2025-01-01,6.06,8,3.67,1,92,6
6,2025-01-02,6.2,4,3.43,1,96,5
6,2025-01-03,6.04,6,3.64,0,95,6
6,2025-01-04,7.67,5,3.84,1,93,6
6,2025-01-05,8.86,8,3.66,1,91,5
6,2025-01-06,6.67,7,3.65,1,89,5
6,2025-01-07,6.86,1,3.52,0,87,5
6,2025-01-08,5.94,7,3.74,1,97,6
6,2025-01-09,3.81,4,3.83,1,93,5
6,2025-01-10,7.25,3,3.72,1,90,5
6,2025-01-11,7.08,6,3.52,1,90,6
6,2025-01-12,7.01,1,3.47,0,100,7
6,2025-01-13,6.75,3,3.25,1,94,5
6,2025-01-14,8.02,3,3.33,0,97,7
6,2025-01-15,7.8,4,3.51,1,98,7
6,2025-01-16,6.56,4,3.47,1,94,5
6,2025-01-17,6.68,4,3.72,0,93,5
6,2025-01-18,6.42,9,3.63,1,99,7
6,2025-01-19,6.72,4,3.42,1,94,6
6,2025-01-20,7.9,3,3.6,0,100,7
6,2025-01-21,6.1,6,3.79,1,96,6
6,2025-01-22,8.18,5,3.89,0,93,6
6,2025-01-23,6.3,8,3.87,0,94,5
6,2025-01-24,5.45,5,4.12,0,96,5
6,2025-01-25,5.06,9,3.91,0,97,6
6,2025-01-26,7.61,1,4.06,1,94,5
6,2025-01-27,5.06,8,4.02,0,95,6
6,2025-01-28,6.07,4,3.98,0,91,6
6,2025-01-29,6.38,7,3.94,0,92,6
6,2025-01-30,4.98,8,4.13,1,91,6
6,2025-01-31,6.98,5,4.1,1,94,5
6,2025-02-01,4.72,6,3.93,1,91,5
6,2025-02-02,5.98,1,4.04,0,94,6
6,2025-02-03,7.61,3,4.28,1,98,6
6,2025-02-04,4.86,8,4.51,1,91,5
6,2025-02-05,7.36,1,4.35,1,88,5
6,2025-02-06,7.75,3,4.14,1,93,6
6,2025-02-07,9.4,10,4.01,0,91,6
6,2025-02-08,8.31,9,4.04,1,88,5
6,2025-02-09,6.13,5,3.99,1,87,5
6,2025-02-10,3.18,2,3.99,0,95,6
6,2025-02-11,5.61,8,4.04,1,87,5
6,2025-02-12,4.55,10,4.28,1,92,4
6,2025-02-13,4.65,8,4.2,1,91,6
6,2025-02-14,7.45,8,4.19,1,93,5
6,2025-02-15,6.91,8,4.15,0,92,5
6,2025-02-16,7.67,1,3.93,1,91,6
6,2025-02-17,7.28,6,3.95,1,91,6
6,2025-02-18,6.88,4,3.99,0,96,5
6,2025-02-19,6.78,1,4.16,1,96,6
6,2025-02-20,6.86,10,4.06,1,98,6
6,2025-02-21,5.84,9,4.0,0,96,6
6,2025-02-22,7.03,8,3.98,1,94,5
6,2025-02-23,6.83,4,3.91,1,93,6
6,2025-02-24,6.82,1,4.03,0,90,6
6,2025-02-25,6.71,3,3.99,0,90,6
6,2025-02-26,6.28,1,3.79,1,93,5
6,2025-02-27,5.4,2,3.93,0,89,5
6,2025-02-28,6.92,3,4.14,1,90,4
6,2025-03-01,5.96,4,4.05,0,85,4
6,2025-03-02,6.47,5,4.14,0,92,5
6,2025-03-03,5.25,3,4.19,0,90,6
6,2025-03-04,6.88,8,4.22,1,90,5
6,2025-03-05,6.95,8,4.19,0,87,5
6,2025-03-06,7.22,8,4.18,1,89,6
6,2025-03-07,8.64,8,4.24,1,98,6
6,2025-03-08,7.06,2,4.39,0,91,5
6,2025-03-09,9.01,10,4.64,0,93,5
6,2025-03-10,3.91,7,4.51,0,97,6
6,2025-03-11,6.82,8,4.31,0,94,5
6,2025-03-12,4.89,6,4.33,1,97,6
6,2025-03-13,5.18,7,4.29,0,91,4
6,2025-03-14,6.32,9,4.25,1,90,5
6,2025-03-15,6.01,9,4.45,0,91,4
6,2025-03-16,6.46,3,4.49,0,93,5
6,2025-03-17,6.13,10,4.54,0,95,5
6,2025-03-18,5.32,9,4.6,0,91,4
6,2025-03-19,8.43,6,4.38,0,94,6
6,2025-03-20,4.09,1,4.28,1,90,6
6,2025-03-21,5.13,7,4.28,0,95,5
6,2025-03-22,6.1,4,4.15,1,94,6
6,2025-03-23,7.07,7,4.04,0,95,5
6,2025-03-24,8.7,9,4.02,1,90,5
6,2025-03-25,7.51,5,3.86,0,89,6
6,2025-03-26,6.67,9,3.62,1,91,6
6,2025-03-27,5.49,5,3.53,0,99,7
6,2025-03-28,8.25,2,3.67,1,94,6
6,2025-03-29,5.7,6,3.78,1,99,7
6,2025-03-30,6.62,4,3.62,0,89,6
6,2025-03-31,6.16,8,3.38,1,91,7
6,2025-04-01,7.28,6,3.53,0,96,7
6,2025-04-02,7.07,1,3.57,1,89,6
6,2025-04-03,4.76,3,3.4,1,96,7
6,2025-04-04,4.89,6,3.33,0,91,7
6,2025-04-05,7.02,3,3.12,1,93,7
6,2025-04-06,6.77,4,3.11,1,92,6
6,2025-04-07,6.19,4,3.04,0,96,7
6,2025-04-08,6.73,4,3.04,1,91,7
6,2025-04-09,7.56,5,3.28,1,90,6
6,2025-04-10,5.62,5,3.46,1,96,6
7,2025-01-01,4.06,5,3.47,1,88,6
7,2025-01-02,7.7,3,3.26,1,88,7
7,2025-01-03,6.0,4,3.28,0,91,6
7,2025-01-04,7.11,5,3.07,1,92,7
7,2025-01-05,6.64,8,3.22,1,90,7
7,2025-01-06,7.72,2,3.1,0,94,7
7,2025-01-07,9.25,8,3.13,1,89,7
7,2025-01-08,6.74,5,3.05,0,89,6
7,2025-01-09,8.03,1,3.14,0,92,7
7,2025-01-10,8.2,1,3.26,1,88,6
7,2025-01-11,4.36,6,3.3,1,96,7
7,2025-01-12,5.35,7,3.52,0,89,7
7,2025-01-13,7.62,5,3.71,1,90,5
7,2025-01-14,7.19,2,3.84,0,89,5
7,2025-01-15,5.86,5,3.89,1,90,6
7,2025-01-16,5.49,7,3.72,0,87,5
7,2025-01-17,6.21,6,3.77,0,84,5
7,2025-01-18,5.6,3,3.86,1,87,6
7,2025-01-19,7.13,1,3.68,0,92,6
7,2025-01-20,8.65,8,3.53,0,94,6
7,2025-01-21,9.29,6,3.4,0,89,6
7,2025-01-22,5.09,7,3.38,1,88,5
7,2025-01-23,7.27,3,3.46,1,86,6
7,2025-01-24,6.24,3,3.69,0,91,5
7,2025-01-25,5.24,2,3.55,1,86,6
7,2025-01-26,6.49,8,3.7,0,94,7
7,2025-01-27,8.02,8,3.48,1,85,5
7,2025-01-28,5.47,1,3.32,0,85,6
7,2025-01-29,8.5,8,3.11,1,95,7
7,2025-01-30,6.06,7,3.28,0,87,6
7,2025-01-31,7.13,8,3.35,0,87,6
7,2025-02-01,4.84,8,3.3,1,94,7
7,2025-02-02,8.04,8,3.17,1,95,7
7,2025-02-03,4.87,7,3.17,1,91,5
7,2025-02-04,3.41,10,2.92,1,88,6
7,2025-02-05,5.23,6,2.94,0,90,6
7,2025-02-06,6.99,2,2.69,1,87,7
7,2025-02-07,7.27,5,2.46,0,92,7
7,2025-02-08,6.87,9,2.37,0,97,8
7,2025-02-09,5.67,5,2.15,0,96,7
7,2025-02-10,5.39,5,2.09,0,87,7
7,2025-02-11,4.2,8,1.9,0,91,7
7,2025-02-12,8.46,6,2.1,1,93,8
7,2025-02-13,8.26,6,1.98,1,90,7
7,2025-02-14,5.01,5,2.19,1,93,8
7,2025-02-15,5.27,7,2.42,0,96,8
7,2025-02-16,5.61,1,2.58,0,87,6
7,2025-02-17,6.46,8,2.8,0,85,6
7,2025-02-18,9.01,10,2.59,0,88,7
7,2025-02-19,6.62,10,2.49,0,95,7
7,2025-02-20,6.72,2,2.49,1,95,7
7,2025-02-21,5.67,1,2.67,0,92,8
7,2025-02-22,8.4,5,2.53,1,95,8
7,2025-02-23,7.93,7,2.39,0,92,8
7,2025-02-24,6.08,1,2.47,0,94,6
7,2025-02-25,6.01,4,2.27,0,96,8
7,2025-02-26,6.7,7,2.44,1,92,7
7,2025-02-27,5.01,4,2.65,0,95,7
7,2025-02-28,6.15,1,2.4,0,93,6
7,2025-03-01,7.24,1,2.56,0,90,7
7,2025-03-02,6.42,4,2.35,0,89,7
7,2025-03-03,6.17,2,2.5,0,91,7
7,2025-03-04,3.98,7,2.51,1,96,7
7,2025-03-05,5.42,8,2.26,1,95,7
7,2025-03-06,5.89,3,2.14,1,94,8
7,2025-03-07,7.77,1,2.34,1,88,7
7,2025-03-08,6.17,1,2.29,0,91,7
7,2025-03-09,7.27,8,2.54,0,89,8
7,2025-03-10,4.92,10,2.72,1,89,8
7,2025-03-11,5.28,6,2.47,0,88,6
7,2025-03-12,7.48,5,2.22,1,92,7
7,2025-03-13,6.5,1,2.45,0,96,8
7,2025-03-14,5.66,8,2.67,0,89,6
7,2025-03-15,5.74,7,2.64,1,92,7
7,2025-03-16,6.0,7,2.85,1,92,7
7,2025-03-17,4.83,4,2.67,0,85,6
7,2025-03-18,4.42,8,2.64,1,88,6
7,2025-03-19,7.93,1,2.44,1,89,8
7,2025-03-20,7.01,6,2.35,1,91,6
7,2025-03-21,7.4,3,2.42,0,95,7
7,2025-03-22,6.9,10,2.18,0,95,7
7,2025-03-23,6.18,9,2.24,0,93,6
7,2025-03-24,6.27,10,2.2,0,90,7
7,2025-03-25,10.0,8,2.31,0,94,8
7,2025-03-26,6.9,8,2.33,1,96,7
7,2025-03-27,7.87,8,2.32,1,88,7
7,2025-03-28,5.8,2,2.48,0,87,6
7,2025-03-29,7.2,8,2.51,1,90,6
7,2025-03-30,5.69,5,2.67,0,92,6
7,2025-03-31,8.92,9,2.75,0,94,6
7,2025-04-01,7.38,6,2.66,0,93,6
7,2025-04-02,7.51,10,2.88,0,86,6
7,2025-04-03,7.41,4,2.86,1,89,7
7,2025-04-04,6.26,6,2.9,0,89,6
7,2025-04-05,5.66,7,2.82,0,88,7
7,2025-04-06,6.75,7,2.65,0,96,7
7,2025-04-07,6.38,1,2.84,1,92,7
7,2025-04-08,7.21,7,3.05,0,96,7
7,2025-04-09,5.71,1,3.08,1,96,7
7,2025-04-10,5.72,1,3.3,1,87,7
8,2025-01-01,5.08,1,3.14,1,85,6
8,2025-01-02,3.79,6,3.32,1,87,6
8,2025-01-03,4.33,10,3.47,0,88,7
8,2025-01-04,4.92,3,3.7,1,86,5
8,2025-01-05,5.09,3,3.48,1,82,7
8,2025-01-06,6.91,3,3.62,0,84,5
8,2025-01-07,10.0,3,3.8,1,81,6
8,2025-01-08,7.73,3,3.76,1,84,6
8,2025-01-09,4.7,9,3.66,1,87,5
8,2025-01-10,6.73,6,3.53,1,79,5
8,2025-01-11,6.61,6,3.71,1,87,5
8,2025-01-12,7.39,1,3.83,1,83,6
8,2025-01-13,5.31,8,3.7,1,85,6
8,2025-01-14,6.54,3,3.6,1,90,7
8,2025-01-15,5.25,10,3.56,0,79,5
8,2025-01-16,3.38,8,3.4,0,82,6
8,2025-01-17,5.83,8,3.37,0,82,5
8,2025-01-18,7.03,2,3.38,0,85,6
8,2025-01-19,7.24,6,3.41,0,86,6
8,2025-01-20,7.76,1,3.57,0,91,7
8,2025-01-21,7.06,10,3.59,1,84,6
8,2025-01-22,5.98,10,3.67,1,89,6
8,2025-01-23,7.08,8,3.48,1,86,7
8,2025-01-24,5.1,8,3.35,1,83,6
8,2025-01-25,6.33,7,3.15,0,83,6
8,2025-01-26,6.23,3,3.19,0,81,5
8,2025-01-27,7.88,4,3.05,0,83,6
8,2025-01-28,7.84,2,3.15,1,89,7
8,2025-01-29,7.43,8,3.19,1,84,6
8,2025-01-30,8.45,10,2.95,0,82,7
8,2025-01-31,6.54,3,2.73,0,85,7
8,2025-02-01,5.17,5,2.69,1,90,7
8,2025-02-02,5.35,2,2.75,0,84,7
8,2025-02-03,5.44,3,2.81,0,87,7
8,2025-02-04,6.82,3,2.95,1,90,8
8,2025-02-05,7.11,8,2.73,0,89,7
8,2025-02-06,6.2,5,2.66,1,91,7
8,2025-02-07,8.68,6,2.61,1,86,6
8,2025-02-08,7.46,4,2.37,0,82,6
8,2025-02-09,6.5,9,2.4,0,91,7
8,2025-02-10,5.51,5,2.33,0,88,8
8,2025-02-11,6.44,2,2.2,0,88,7
8,2025-02-12,4.01,3,2.19,0,91,8
8,2025-02-13,5.99,5,1.99,1,90,7
8,2025-02-14,8.25,10,2.1,1,88,7
8,2025-02-15,6.05,4,1.94,1,89,7
8,2025-02-16,5.15,4,2.02,1,87,8
8,2025-02-17,5.75,3,1.99,0,83,7
8,2025-02-18,8.65,6,1.86,1,91,8
8,2025-02-19,6.46,5,1.88,1,86,8
8,2025-02-20,5.74,1,1.92,1,82,7
8,2025-02-21,7.35,10,1.88,1,84,7
8,2025-02-22,8.14,10,2.13,0,87,8
8,2025-02-23,6.8,10,2.03,0,84,8
8,2025-02-24,6.6,1,2.17,0,90,7
8,2025-02-25,8.2,4,2.37,0,83,7
8,2025-02-26,7.17,5,2.53,1,88,7
8,2025-02-27,6.64,8,2.55,1,88,6
8,2025-02-28,4.51,6,2.56,0,85,7
8,2025-03-01,5.79,2,2.45,1,83,6
8,2025-03-02,7.55,5,2.21,0,82,7
8,2025-03-03,5.82,10,2.42,1,93,8
8,2025-03-04,6.97,4,2.54,1,89,7
8,2025-03-05,5.63,9,2.67,0,84,7
8,2025-03-06,7.94,2,2.71,1,80,6
8,2025-03-07,5.34,2,2.8,0,88,7
8,2025-03-08,6.15,4,2.61,1,87,7
8,2025-03-09,6.98,3,2.81,0,84,8
8,2025-03-10,7.19,1,2.93,0,83,6
8,2025-03-11,7.95,2,3.02,1,86,7
8,2025-03-12,6.7,8,3.07,1,81,6
8,2025-03-13,5.97,10,2.94,1,83,7
8,2025-03-14,5.55,1,2.85,1,81,6
8,2025-03-15,7.76,1,2.91,1,83,7
8,2025-03-16,6.88,7,2.84,0,81,6
8,2025-03-17,6.31,1,2.77,0,87,8
8,2025-03-18,7.29,10,2.67,1,87,6
8,2025-03-19,6.58,4,2.47,1,90,8
8,2025-03-20,4.71,3,2.41,0,88,7
8,2025-03-21,7.13,5,2.37,1,89,7
8,2025-03-22,7.24,7,2.56,1,89,7
8,2025-03-23,4.23,8,2.47,0,82,7
8,2025-03-24,5.99,3,2.38,1,89,8
8,2025-03-25,5.68,6,2.42,0,89,7
8,2025-03-26,4.41,1,2.2,1,84,7
8,2025-03-27,5.73,5,2.4,0,84,7
8,2025-03-28,6.26,3,2.6,1,84,7
8,2025-03-29,6.25,8,2.8,0,88,7
8,2025-03-30,5.06,5,2.6,1,84,6
8,2025-03-31,5.52,6,2.77,0,88,7
8,2025-04-01,6.01,8,2.99,1,88,7
8,2025-04-02,5.96,7,2.97,0,80,6
8,2025-04-03,7.35,2,3.04,0,83,6
8,2025-04-04,6.46,7,2.92,0,86,7
8,2025-04-05,7.07,6,2.94,0,83,7
8,2025-04-06,6.58,5,2.85,1,89,7
8,2025-04-07,4.95,4,2.73,1,90,7
8,2025-04-08,6.45,8,2.58,0,90,7
8,2025-04-09,9.04,3,2.5,0,86,6
8,2025-04-10,4.6,8,2.42,0,84,8
9,2025-01-01,8.1,2,4.09,0,83,5
9,2025-01-02,7.17,6,4.05,0,86,4
9,2025-01-03,7.43,6,3.84,1,86,6
9,2025-01-04,4.02,6,4.04,0,91,6
9,2025-01-05,4.68,3,4.2,0,90,6
9,2025-01-06,7.07,5,4.12,1,87,5
9,2025-01-07,6.21,9,4.07,0,86,6
9,2025-01-08,6.26,8,4.1,1,86,5
9,2025-01-09,4.91,10,3.87,1,89,5
9,2025-01-10,7.35,2,3.85,1,93,6
9,2025-01-11,7.67,6,3.68,0,89,5
9,2025-01-12,6.07,10,3.77,0,85,6
9,2025-01-13,5.7,3,3.71,1,90,6
9,2025-01-14,6.3,10,3.7,1,92,6
9,2025-01-15,6.07,10,3.89,1,86,5
9,2025-01-16,9.3,8,4.04,1,86,6
9,2025-01-17,9.05,4,4.15,0,88,5
9,2025-01-18,5.16,4,4.12,0,85,6
9,2025-01-19,5.16,10,3.91,1,92,5
9,2025-01-20,5.93,7,3.75,0,91,6
9,2025-01-21,4.95,9,3.96,0,90,6
9,2025-01-22,4.47,5,3.89,0,88,6
9,2025-01-23,6.61,4,3.97,1,83,5
9,2025-01-24,4.74,4,3.86,0,88,6
9,2025-01-25,5.43,5,3.62,0,86,5
9,2025-01-26,5.46,7,3.84,1,89,5
9,2025-01-27,5.28,9,3.75,0,88,5
9,2025-01-28,5.8,6,3.67,0,86,6
9,2025-01-29,5.65,9,3.42,0,89,6
9,2025-01-30,4.84,10,3.52,0,88,5
9,2025-01-31,7.45,4,3.44,1,90,7
9,2025-02-01,6.96,3,3.28,1,86,6
9,2025-02-02,8.94,3,3.39,0,96,7
9,2025-02-03,5.83,8,3.46,0,89,6
9,2025-02-04,4.61,5,3.66,0,89,6
9,2025-02-05,6.88,3,3.82,1,93,6
9,2025-02-06,6.77,1,3.96,1,91,5
9,2025-02-07,6.5,1,3.93,1,90,6
9,2025-02-08,5.02,8,4.09,1,86,5
9,2025-02-09,7.46,5,4.07,0,87,6
9,2025-02-10,6.1,9,4.0,1,92,6
9,2025-02-11,6.07,8,3.84,0,85,5
9,2025-02-12,6.77,6,3.93,0,94,6
9,2025-02-13,9.9,3,3.73,0,87,7
9,2025-02-14,4.95,5,3.56,0,91,6
9,2025-02-15,7.94,4,3.35,0,89,7
9,2025-02-16,6.22,10,3.32,0,87,6
9,2025-02-17,3.55,2,3.33,1,88,6
9,2025-02-18,5.13,9,3.46,0,94,7
9,2025-02-19,4.99,5,3.53,0,83,5
9,2025-02-20,6.21,10,3.32,1,90,7
9,2025-02-21,8.24,3,3.08,1,89,7
9,2025-02-22,6.35,9,3.09,1,88,7
9,2025-02-23,7.69,9,2.98,1,85,6
9,2025-02-24,5.16,5,3.17,1,94,6
9,2025-02-25,6.82,1,3.21,1,92,6
9,2025-02-26,5.72,9,3.37,0,89,6
9,2025-02-27,6.24,2,3.18,0,89,7
9,2025-02-28,8.29,7,3.36,0,85,6
9,2025-03-01,6.75,4,3.59,1,83,5
9,2025-03-02,7.72,7,3.56,0,87,6
9,2025-03-03,7.37,3,3.56,1,87,7
9,2025-03-04,7.21,7,3.33,1,87,5
9,2025-03-05,6.11,10,3.36,1,92,6
9,2025-03-06,4.49,1,3.28,1,86,6
9,2025-03-07,8.13,3,3.25,0,87,7
9,2025-03-08,6.67,1,3.41,1,95,7
9,2025-03-09,6.35,5,3.22,1,91,6
9,2025-03-10,6.47,6,3.35,0,91,6
9,2025-03-11,6.89,5,3.26,1,90,7
9,2025-03-12,6.9,6,3.28,1,96,7
9,2025-03-13,7.11,7,3.39,1,88,6
9,2025-03-14,4.38,8,3.24,1,89,6
9,2025-03-15,5.94,3,3.21,1,93,6
9,2025-03-16,6.72,5,3.05,1,92,5
9,2025-03-17,5.1,9,3.1,0,92,6
9,2025-03-18,5.02,7,3.23,1,93,6
9,2025-03-19,7.66,10,3.35,0,94,6
9,2025-03-20,6.6,4,3.4,1,91,6
9,2025-03-21,6.23,6,3.53,1,90,6
9,2025-03-22,8.05,7,3.42,0,85,6
9,2025-03-23,6.57,1,3.47,0,89,7
9,2025-03-24,6.13,4,3.72,1,87,6
9,2025-03-25,6.06,10,3.91,0,89,6
9,2025-03-26,6.1,1,3.68,1,84,5
9,2025-03-27,8.18,1,3.87,0,92,5
9,2025-03-28,8.97,5,3.73,0,88,6
9,2025-03-29,6.9,7,3.78,1,84,5
9,2025-03-30,6.75,10,3.61,0,93,7
9,2025-03-31,3.69,10,3.69,0,96,7
9,2025-04-01,5.22,2,3.53,0,89,7
9,2025-04-02,7.14,8,3.36,1,91,6
9,2025-04-03,5.2,3,3.32,0,87,5
9,2025-04-04,6.7,1,3.43,0,96,7
9,2025-04-05,5.39,6,3.47,0,92,6
9,2025-04-06,6.73,1,3.23,1,92,7
9,2025-04-07,5.77,7,3.2,0,96,7
9,2025-04-08,6.93,9,3.4,1,83,5
9,2025-04-09,6.41,3,3.23,1,88,5
9,2025-04-10,6.18,4,3.35,0,93,7
10,2025-01-01,6.99,10,2.8,0,83,6
10,2025-01-02,8.16,4,3.02,1,76,6
10,2025-01-03,7.41,6,2.96,1,86,7
10,2025-01-04,7.36,6,2.76,1,79,7
10,2025-01-05,5.58,8,3.0,0,78,6
10,2025-01-06,5.98,3,3.04,1,80,6
10,2025-01-07,4.97,5,3.0,0,82,7
10,2025-01-08,5.67,10,3.21,0,87,7
10,2025-01-09,5.7,10,3.4,0,81,6
10,2025-01-10,4.99,4,3.19,1,81,6
10,2025-01-11,6.63,7,3.0,0,86,7
10,2025-01-12,6.34,3,2.77,0,82,6
10,2025-01-13,5.96,1,2.88,1,85,8
10,2025-01-14,7.71,6,2.74,1,82,7
10,2025-01-15,6.01,6,2.91,1,84,7
10,2025-01-16,7.37,9,2.87,1,78,7
10,2025-01-17,5.82,3,2.68,0,83,7
10,2025-01-18,3.71,8,2.53,0,78,7
10,2025-01-19,7.24,8,2.38,1,87,8
10,2025-01-20,5.06,1,2.39,0,81,7
10,2025-01-21,7.05,6,2.27,1,81,7
10,2025-01-22,8.68,2,2.25,1,78,7
10,2025-01-23,7.01,2,2.35,0,78,7
10,2025-01-24,4.56,1,2.16,1,81,7
10,2025-01-25,8.19,2,2.18,0,80,7
10,2025-01-26,6.94,2,1.93,0,86,8
10,2025-01-27,7.82,1,1.74,0,82,7
10,2025-01-28,8.78,7,1.89,1,81,8
10,2025-01-29,5.55,3,2.0,1,89,8
10,2025-01-30,5.6,1,2.22,0,89,8
10,2025-01-31,7.61,9,2.01,0,83,8
10,2025-02-01,8.39,2,2.17,0,81,7
10,2025-02-02,5.09,5,2.39,0,85,6
10,2025-02-03,5.98,4,2.55,0,81,7
10,2025-02-04,5.6,5,2.43,0,80,6
10,2025-02-05,7.25,3,2.35,1,82,7
10,2025-02-06,5.12,1,2.11,0,83,7
10,2025-02-07,5.94,1,1.89,0,85,8
10,2025-02-08,6.89,4,2.09,1,83,6
10,2025-02-09,7.7,1,1.85,1,84,8
10,2025-02-10,5.91,1,1.64,1,81,8
10,2025-02-11,4.88,10,1.64,0,81,8
10,2025-02-12,9.12,1,1.59,1,88,8
10,2025-02-13,6.58,7,1.49,0,85,8
10,2025-02-14,5.41,7,1.49,0,87,8
10,2025-02-15,5.35,3,1.28,0,82,8
10,2025-02-16,8.13,3,1.31,1,83,8
10,2025-02-17,5.92,4,1.15,0,86,8
10,2025-02-18,4.83,8,1.09,0,82,9
10,2025-02-19,6.22,8,1.25,1,84,7
10,2025-02-20,6.62,5,1.38,1,84,8
10,2025-02-21,6.59,4,1.43,0,89,9
10,2025-02-22,6.98,2,1.6,1,83,8
10,2025-02-23,5.79,8,1.42,0,91,9
10,2025-02-24,6.97,8,1.48,1,86,8
10,2025-02-25,6.91,2,1.39,1,90,9
10,2025-02-26,8.03,3,1.61,1,85,8
10,2025-02-27,5.63,4,1.69,1,87,8
10,2025-02-28,6.85,5,1.89,1,87,9
10,2025-03-01,6.47,3,1.7,1,87,7
10,2025-03-02,4.3,10,1.54,0,85,8
10,2025-03-03,6.09,6,1.44,0,83,8
10,2025-03-04,5.59,2,1.27,0,82,9
10,2025-03-05,5.88,5,1.38,0,82,7
10,2025-03-06,3.2,10,1.37,1,89,9
10,2025-03-07,6.01,5,1.45,0,87,8
10,2025-03-08,6.46,6,1.35,0,83,7
10,2025-03-09,6.61,6,1.16,1,88,8
10,2025-03-10,5.05,9,1.34,1,82,8
10,2025-03-11,7.37,5,1.27,0,80,8
10,2025-03-12,8.2,1,1.29,1,85,7
10,2025-03-13,6.33,9,1.45,0,80,7
10,2025-03-14,9.4,7,1.51,0,85,9
10,2025-03-15,4.82,10,1.27,0,90,9
10,2025-03-16,5.4,4,1.3,1,88,9
10,2025-03-17,6.91,5,1.46,0,82,7
10,2025-03-18,7.24,6,1.57,1,80,8
10,2025-03-19,4.62,10,1.55,0,85,7
10,2025-03-20,6.22,1,1.71,1,87,8
10,2025-03-21,6.19,9,1.86,0,80,8
10,2025-03-22,5.32,4,1.65,1,84,8
10,2025-03-23,5.72,6,1.76,1,80,7
10,2025-03-24,5.36,3,1.81,1,88,8
10,2025-03-25,5.4,1,1.74,1,82,8
10,2025-03-26,6.91,10,1.61,0,79,7
10,2025-03-27,7.28,3,1.4,1,86,9
10,2025-03-28,5.58,9,1.32,1,91,9
10,2025-03-29,6.21,4,1.35,1,89,8
10,2025-03-30,6.12,5,1.35,0,87,8
10,2025-03-31,6.07,7,1.19,0,87,7
10,2025-04-01,6.54,6,1.21,0,82,9
10,2025-04-02,8.55,5,0.98,0,88,8
10,2025-04-03,5.75,4,1.07,1,84,9
10,2025-04-04,4.8,2,0.95,0,84,9
10,2025-04-05,6.03,10,1.06,0,82,8
10,2025-04-06,5.69,5,1.21,0,82,9
10,2025-04-07,5.26,1,1.01,0,83,9
10,2025-04-08,7.15,1,1.09,1,84,9
10,2025-04-09,6.57,3,1.24,0,89,9
10,2025-04-10,5.19,1,1.06,1,82,8
11,2025-01-01,8.28,6,2.53,0,88,7
11,2025-01-02,8.03,10,2.64,1,85,7
11,2025-01-03,6.35,6,2.47,1,90,8
11,2025-01-04,5.04,2,2.66,0,81,7
11,2025-01-05,4.19,9,2.68,1,82,7
11,2025-01-06,5.68,6,2.58,0,91,8
11,2025-01-07,6.85,4,2.37,0,85,7
11,2025-01-08,4.03,9,2.33,1,81,7
11,2025-01-09,5.11,9,2.37,0,86,6
11,2025-01-10,6.65,10,2.27,0,86,7
11,2025-01-11,8.37,3,2.17,1,85,8
11,2025-01-12,6.17,3,2.11,1,81,7
11,2025-01-13,5.72,2,2.35,1,81,7
11,2025-01-14,8.07,7,2.52,1,81,7
11,2025-01-15,7.44,6,2.76,1,92,8
11,2025-01-16,5.74,10,2.75,0,91,8
11,2025-01-17,6.59,10,2.94,1,81,7
11,2025-01-18,7.42,7,2.9,1,83,6
11,2025-01-19,7.44,9,2.7,0,87,7
11,2025-01-20,6.99,8,2.77,1,86,7
11,2025-01-21,5.24,3,2.85,1,88,7
11,2025-01-22,7.86,10,2.72,1,90,7
11,2025-01-23,6.04,3,2.54,0,83,7
11,2025-01-24,3.94,1,2.7,0,86,7
11,2025-01-25,5.14,10,2.48,1,83,8
11,2025-01-26,5.9,8,2.43,1,82,7
11,2025-01-27,8.09,2,2.27,1,90,8
11,2025-01-28,7.4,6,2.24,1,89,8
11,2025-01-29,8.27,1,2.47,1,89,7
11,2025-01-30,6.94,6,2.52,0,88,8
11,2025-01-31,5.72,7,2.63,0,88,7
11,2025-02-01,5.29,4,2.45,0,87,8
11,2025-02-02,5.34,2,2.42,1,86,7
11,2025-02-03,5.4,5,2.36,1,81,7
11,2025-02-04,7.37,9,2.29,1,91,8
11,2025-02-05,6.26,3,2.15,0,85,8
11,2025-02-06,6.27,3,2.02,0,92,8
11,2025-02-07,6.81,9,2.15,0,90,7
11,2025-02-08,5.79,3,2.12,1,90,7
11,2025-02-09,6.29,6,2.36,1,82,7
11,2025-02-10,7.9,6,2.15,0,89,7
11,2025-02-11,6.6,4,2.33,0,87,7
11,2025-02-12,6.36,2,2.49,0,86,7
11,2025-02-13,6.44,9,2.59,0,85,8
11,2025-02-14,7.2,1,2.44,1,89,7
11,2025-02-15,6.64,2,2.46,1,85,8
11,2025-02-16,7.12,2,2.39,0,85,8
11,2025-02-17,4.89,6,2.26,0,87,7
11,2025-02-18,6.36,3,2.24,1,86,6
11,2025-02-19,5.23,5,2.16,1,82,7
11,2025-02-20,7.61,3,2.2,0,85,7
11,2025-02-21,5.22,10,2.44,1,86,8
11,2025-02-22,8.49,10,2.2,0,84,7
11,2025-02-23,8.38,2,2.15,0,91,8
11,2025-02-24,8.23,8,2.22,0,85,7
11,2025-02-25,6.93,8,2.36,1,90,7
11,2025-02-26,7.52,7,2.58,0,87,6
11,2025-02-27,5.03,9,2.57,0,88,7
11,2025-02-28,5.32,3,2.8,1,87,7
11,2025-03-01,8.35,10,2.64,1,85,7
11,2025-03-02,6.56,4,2.64,0,83,6
11,2025-03-03,5.38,1,2.48,1,79,6
11,2025-03-04,6.04,7,2.47,1,85,8
11,2025-03-05,6.35,7,2.41,1,81,7
11,2025-03-06,4.07,10,2.38,0,88,8
11,2025-03-07,7.81,5,2.38,1,88,7
11,2025-03-08,5.1,10,2.32,1,89,8
11,2025-03-09,6.89,5,2.47,1,92,8
11,2025-03-10,5.2,3,2.62,0,84,7
11,2025-03-11,8.42,7,2.67,0,90,7
11,2025-03-12,8.6,9,2.57,1,88,7
11,2025-03-13,7.76,10,2.51,0,82,7
11,2025-03-14,5.73,3,2.42,1,91,8
11,2025-03-15,5.09,6,2.64,0,91,8
11,2025-03-16,7.82,5,2.43,1,83,7
11,2025-03-17,9.93,4,2.53,0,81,7
11,2025-03-18,6.21,4,2.32,1,84,8
11,2025-03-19,7.49,7,2.08,0,86,8
11,2025-03-20,5.71,6,2.25,0,79,6
11,2025-03-21,6.9,4,2.03,1,89,7
11,2025-03-22,4.88,1,2.03,0,90,7
11,2025-03-23,4.06,10,1.89,0,83,8
11,2025-03-24,8.06,9,1.99,1,85,7
11,2025-03-25,7.47,9,2.01,0,87,7
11,2025-03-26,6.15,7,2.24,1,82,6
11,2025-03-27,5.39,7,2.44,0,86,8
11,2025-03-28,5.03,2,2.65,1,87,7
11,2025-03-29,6.96,3,2.46,0,90,8
11,2025-03-30,5.04,8,2.29,0,88,6
11,2025-03-31,6.44,9,2.54,1,83,6
11,2025-04-01,7.1,1,2.47,1,86,6
11,2025-04-02,5.85,10,2.72,1,87,6
11,2025-04-03,5.55,4,2.49,0,86,7
11,2025-04-04,8.09,9,2.58,1,88,6
11,2025-04-05,8.16,9,2.5,0,82,7
11,2025-04-06,4.02,2,2.4,1,88,6
11,2025-04-07,4.11,3,2.56,1,90,8
11,2025-04-08,7.38,7,2.54,1,84,8
11,2025-04-09,7.72,4,2.75,0,80,6
11,2025-04-10,6.5,5,2.87,0,86,7
12,2025-01-01,7.01,9,2.72,1,89,7
12,2025-01-02,6.54,5,2.7,0,93,7
12,2025-01-03,8.13,3,2.91,0,96,6
12,2025-01-04,6.35,2,2.96,0,96,6
12,2025-01-05,5.89,8,3.1,1,93,7
12,2025-01-06,6.63,5,3.25,0,97,7
12,2025-01-07,7.7,5,3.36,0,87,6
12,2025-01-08,7.04,8,3.31,0,93,7
12,2025-01-09,5.21,9,3.09,0,89,7
12,2025-01-10,5.33,1,3.02,1,88,6
12,2025-01-11,7.12,9,2.93,0,90,7
12,2025-01-12,6.5,9,2.94,0,92,7
12,2025-01-13,7.39,1,3.14,1,88,6
12,2025-01-14,6.32,6,3.22,1,90,7
12,2025-01-15,7.51,8,3.43,1,96,6
12,2025-01-16,7.17,4,3.35,0,98,7
12,2025-01-17,6.42,7,3.53,0,91,7
12,2025-01-18,7.09,9,3.74,1,97,7
12,2025-01-19,6.61,9,3.72,0,87,6
12,2025-01-20,9.15,6,3.55,1,87,6
12,2025-01-21,5.84,1,3.52,0,94,5
12,2025-01-22,5.14,9,3.67,1,90,5
12,2025-01-23,5.04,5,3.58,1,94,5
12,2025-01-24,7.65,8,3.45,1,91,5
12,2025-01-25,8.22,4,3.59,0,91,5
12,2025-01-26,7.37,5,3.39,0,85,5
12,2025-01-27,5.85,7,3.62,1,95,6
12,2025-01-28,9.45,1,3.62,1,91,6
12,2025-01-29,6.81,6,3.73,1,96,6
12,2025-01-30,6.94,6,3.98,0,94,6
12,2025-01-31,5.42,5,4.02,1,94,6
12,2025-02-01,6.65,10,4.25,1,94,5
12,2025-02-02,4.07,8,4.09,1,89,6
12,2025-02-03,3.19,6,4.22,1,84,4
12,2025-02-04,6.48,1,4.41,1,93,5
12,2025-02-05,6.55,1,4.28,0,87,5
12,2025-02-06,8.42,3,4.22,0,94,5
12,2025-02-07,6.89,9,4.25,1,94,5
12,2025-02-08,6.91,9,4.1,1,91,6
12,2025-02-09,7.2,6,4.31,0,91,6
12,2025-02-10,7.52,9,4.54,1,89,6
12,2025-02-11,6.06,4,4.74,0,89,5
12,2025-02-12,7.22,9,4.54,1,85,4
12,2025-02-13,7.7,3,4.53,1,90,5
12,2025-02-14,6.41,1,4.77,1,87,4
12,2025-02-15,5.15,3,4.83,0,94,6
12,2025-02-16,6.56,8,4.95,1,89,6
12,2025-02-17,6.82,2,5.0,0,88,5
12,2025-02-18,6.8,6,4.82,1,86,5
12,2025-02-19,7.31,10,4.88,0,86,5
12,2025-02-20,8.17,6,5.0,1,91,5
12,2025-02-21,5.8,6,5.0,0,86,4
12,2025-02-22,3.72,7,4.91,0,89,4
12,2025-02-23,6.35,7,4.7,1,88,5
12,2025-02-24,9.08,3,4.56,1,90,5
12,2025-02-25,9.2,1,4.63,0,92,4
12,2025-02-26,6.63,1,4.79,1,86,5
12,2025-02-27,4.79,2,4.77,1,87,6
12,2025-02-28,6.37,10,4.57,0,90,4
12,2025-03-01,5.68,2,4.75,1,85,4
12,2025-03-02,7.5,6,4.72,0,91,4
12,2025-03-03,6.74,2,4.63,1,88,5
12,2025-03-04,5.73,5,4.44,0,87,5
12,2025-03-05,8.21,5,4.38,1,87,6
12,2025-03-06,7.03,10,4.28,1,86,4
12,2025-03-07,5.04,10,4.48,0,92,5
12,2025-03-08,5.21,3,4.34,0,91,6
12,2025-03-09,6.13,5,4.18,1,88,5
12,2025-03-10,5.63,4,4.42,1,89,6
12,2025-03-11,5.53,6,4.39,1,91,4
12,2025-03-12,5.54,1,4.52,0,87,4
12,2025-03-13,7.14,9,4.49,0,84,4
12,2025-03-14,5.45,2,4.31,1,87,4
12,2025-03-15,6.1,5,4.17,1,88,5
12,2025-03-16,8.25,1,4.33,0,87,4
12,2025-03-17,8.52,1,4.49,1,86,5
12,2025-03-18,6.21,1,4.74,1,92,4
12,2025-03-19,3.98,6,4.9,0,92,4
12,2025-03-20,7.72,6,5.0,1,85,5
12,2025-03-21,6.94,2,4.9,1,91,5
12,2025-03-22,6.31,2,5.0,1,92,5
12,2025-03-23,7.69,9,5.0,0,86,4
12,2025-03-24,4.7,2,4.84,1,94,5
12,2025-03-25,7.49,7,4.97,1,91,5
12,2025-03-26,6.92,7,4.82,0,91,4
12,2025-03-27,4.2,3,4.69,1,91,5
12,2025-03-28,5.43,3,4.59,1,86,4
12,2025-03-29,7.4,7,4.39,1,96,6
12,2025-03-30,6.94,4,4.46,0,87,5
12,2025-03-31,6.75,2,4.32,1,95,6
12,2025-04-01,6.38,4,4.5,0,88,4
12,2025-04-02,7.61,5,4.6,0,93,5
12,2025-04-03,7.1,5,4.84,0,87,5
12,2025-04-04,7.16,7,4.98,1,88,4
12,2025-04-05,5.23,3,5.0,0,87,5
12,2025-04-06,7.11,2,5.0,0,86,4
12,2025-04-07,5.85,7,5.0,0,94,5
12,2025-04-08,7.56,3,5.0,0,88,5
12,2025-04-09,8.63,1,5.0,0,94,5
12,2025-04-10,7.1,1,4.86,1,84,4
13,2025-01-01,5.18,4,2.75,1,98,8
13,2025-01-02,5.1,3,2.79,1,96,7
13,2025-01-03,6.29,8,2.62,1,103,7
13,2025-01-04,6.9,10,2.61,0,96,6
13,2025-01-05,7.19,10,2.66,1,98,7
13,2025-01-06,5.24,7,2.8,0,101,7
13,2025-01-07,8.04,2,2.8,1,102,8
13,2025-01-08,6.18,1,2.91,1,97,7
13,2025-01-09,5.07,1,3.13,1,98,7
13,2025-01-10,7.78,2,3.04,1,100,6
13,2025-01-11,6.41,9,2.92,1,103,7
13,2025-01-12,5.14,8,2.74,0,98,8
13,2025-01-13,6.2,5,2.8,1,94,6
13,2025-01-14,6.37,10,3.0,1,94,7
13,2025-01-15,5.9,7,3.2,1,101,6
13,2025-01-16,6.71,10,3.19,1,94,6
13,2025-01-17,5.65,7,3.35,1,98,7
13,2025-01-18,4.81,6,3.36,1,92,6
13,2025-01-19,8.08,8,3.46,1,94,7
13,2025-01-20,7.25,9,3.37,0,101,7
13,2025-01-21,7.01,1,3.23,1,97,6
13,2025-01-22,7.15,9,2.99,0,97,6
13,2025-01-23,7.04,4,3.0,1,94,6
13,2025-01-24,5.91,2,3.11,1,102,7
13,2025-01-25,6.09,4,3.06,1,96,7
13,2025-01-26,6.36,5,3.1,1,101,7
13,2025-01-27,4.94,2,3.25,0,94,6
13,2025-01-28,6.58,1,3.1,1,100,6
13,2025-01-29,6.54,4,3.3,0,90,5
13,2025-01-30,5.2,6,3.17,1,102,7
13,2025-01-31,5.39,5,3.39,1,97,6
13,2025-02-01,5.28,1,3.6,0,98,5
13,2025-02-02,5.54,7,3.73,1,97,7
13,2025-02-03,4.93,7,3.57,1,95,6
13,2025-02-04,5.23,3,3.32,1,96,7
13,2025-02-05,6.66,8,3.2,0,99,7
13,2025-02-06,4.54,7,3.4,0,91,5
13,2025-02-07,8.26,1,3.4,1,98,5
13,2025-02-08,9.85,4,3.18,1,92,6
13,2025-02-09,6.09,4,2.98,1,98,7
13,2025-02-10,5.69,3,2.87,0,92,6
13,2025-02-11,4.31,8,3.02,0,99,7
13,2025-02-12,7.38,10,2.84,0,101,6
13,2025-02-13,7.65,10,3.02,1,95,7
13,2025-02-14,6.15,8,3.14,0,101,6
13,2025-02-15,4.13,4,3.15,1,94,6
13,2025-02-16,6.4,3,3.22,1,96,7
13,2025-02-17,6.88,1,3.39,0,100,6
13,2025-02-18,8.0,4,3.41,0,99,6
13,2025-02-19,7.76,2,3.51,0,96,6
13,2025-02-20,5.94,8,3.72,0,95,7
13,2025-02-21,5.78,1,3.68,1,100,6
13,2025-02-22,8.06,4,3.76,0,96,6
13,2025-02-23,6.55,2,3.67,1,97,6
13,2025-02-24,8.02,1,3.62,0,92,6
13,2025-02-25,4.98,4,3.51,1,95,6
13,2025-02-26,7.96,9,3.73,0,93,6
13,2025-02-27,5.87,5,3.96,0,94,6
13,2025-02-28,3.67,10,3.92,1,93,5
13,2025-03-01,5.85,8,4.1,0,98,5
13,2025-03-02,7.02,7,3.89,1,99,6
13,2025-03-03,9.52,7,3.71,1,93,5
13,2025-03-04,6.86,7,3.9,1,96,6
13,2025-03-05,4.34,3,4.13,0,96,5
13,2025-03-06,9.46,10,4.37,1,94,5
13,2025-03-07,4.13,1,4.17,1,96,4
13,2025-03-08,4.48,10,4.39,0,101,6
13,2025-03-09,6.62,7,4.34,1,96,5
13,2025-03-10,6.21,2,4.2,0,98,5
13,2025-03-11,5.03,2,4.26,1,89,4
13,2025-03-12,5.45,8,4.19,1,97,5
13,2025-03-13,4.97,1,4.18,1,101,6
13,2025-03-14,8.03,5,4.26,0,94,5
13,2025-03-15,7.0,5,4.42,1,95,6
13,2025-03-16,6.14,1,4.24,1,90,4
13,2025-03-17,6.02,2,4.3,1,99,6
13,2025-03-18,5.61,9,4.26,1,96,5
13,2025-03-19,7.96,10,4.23,0,90,5
13,2025-03-20,4.85,3,4.42,0,92,4
13,2025-03-21,4.43,5,4.42,0,96,6
13,2025-03-22,8.96,1,4.39,1,98,5
13,2025-03-23,5.76,3,4.27,1,93,6
13,2025-03-24,7.51,6,4.48,1,99,6
13,2025-03-25,6.78,10,4.57,0,94,5
13,2025-03-26,6.25,7,4.46,1,94,5
13,2025-03-27,5.89,9,4.6,0,96,5
13,2025-03-28,6.31,2,4.74,1,98,5
13,2025-03-29,5.54,6,4.96,1,96,5
13,2025-03-30,6.01,8,4.88,1,91,4
13,2025-03-31,4.79,5,4.87,0,92,5
13,2025-04-01,6.7,7,4.95,1,93,5
13,2025-04-02,4.97,6,5.0,1,93,5
13,2025-04-03,6.54,5,4.77,1,97,5
13,2025-04-04,6.54,2,4.53,1,97,6
13,2025-04-05,6.24,5,4.41,1,92,5
13,2025-04-06,6.69,6,4.18,0,98,5
13,2025-04-07,8.67,4,4.06,1,95,5
13,2025-04-08,4.27,1,3.96,0,94,6
13,2025-04-09,7.58,7,3.76,1,100,6
13,2025-04-10,7.74,5,3.76,1,101,6
14,2025-01-01,6.99,3,3.61,0,86,6
14,2025-01-02,4.42,4,3.65,1,85,7
14,2025-01-03,5.79,9,3.55,0,77,6
14,2025-01-04,5.48,8,3.72,1,80,5
14,2025-01-05,6.3,1,3.51,1,86,6
14,2025-01-06,8.11,3,3.5,0,85,7
14,2025-01-07,6.49,6,3.63,0,88,7
14,2025-01-08,6.14,9,3.87,1,79,6
14,2025-01-09,8.86,3,3.91,1,82,6
14,2025-01-10,6.36,3,3.96,0,81,5
14,2025-01-11,5.47,3,4.07,1,79,6
14,2025-01-12,5.41,8,4.23,1,79,4
14,2025-01-13,7.57,6,4.4,0,81,6
14,2025-01-14,5.06,10,4.54,1,80,5
14,2025-01-15,6.28,5,4.75,0,82,5
14,2025-01-16,7.14,9,4.85,0,82,5
14,2025-01-17,7.93,9,5.0,1,76,5
14,2025-01-18,4.35,7,4.94,0,80,5
14,2025-01-19,5.51,9,4.74,1,77,5
14,2025-01-20,6.84,10,4.92,0,76,4
14,2025-01-21,5.96,7,4.82,0,82,4
14,2025-01-22,3.42,9,4.84,0,81,5
14,2025-01-23,6.58,1,4.75,0,78,5
14,2025-01-24,6.59,8,4.61,0,83,6
14,2025-01-25,7.84,9,4.83,1,75,5
14,2025-01-26,6.45,2,4.86,0,75,4
14,2025-01-27,9.61,6,4.86,0,81,4
14,2025-01-28,6.14,9,4.8,0,77,5
14,2025-01-29,6.21,3,4.61,0,82,5
14,2025-01-30,5.66,8,4.38,0,77,5
14,2025-01-31,8.38,8,4.43,1,80,6
14,2025-02-01,7.12,4,4.32,1,84,5
14,2025-02-02,6.54,1,4.11,0,81,5
14,2025-02-03,6.47,9,4.05,0,83,5
14,2025-02-04,4.77,7,4.09,1,75,5
14,2025-02-05,6.37,10,4.24,1,80,6
14,2025-02-06,6.35,7,4.03,0,78,5
14,2025-02-07,7.14,1,4.07,1,77,5
14,2025-02-08,6.67,5,4.21,0,84,5
14,2025-02-09,6.22,9,3.98,1,83,5
14,2025-02-10,5.39,1,4.22,1,79,5
14,2025-02-11,5.48,2,4.28,1,82,6
14,2025-02-12,6.63,6,4.44,1,81,4
14,2025-02-13,7.0,10,4.42,0,80,5
14,2025-02-14,5.61,10,4.46,0,78,5
14,2025-02-15,4.58,4,4.31,1,85,6
14,2025-02-16,7.29,8,4.23,1,81,5
14,2025-02-17,6.43,10,4.29,0,83,6
14,2025-02-18,6.49,6,4.08,1,77,6
14,2025-02-19,6.86,5,3.83,0,84,6
14,2025-02-20,5.2,9,4.08,1,82,6
14,2025-02-21,5.26,2,3.85,0,86,7
14,2025-02-22,6.29,5,4.08,0,76,5
14,2025-02-23,7.22,4,4.08,1,81,5
14,2025-02-24,7.3,8,4.16,1,78,4
14,2025-02-25,6.17,5,4.17,0,82,5
14,2025-02-26,8.54,6,4.08,1,84,5
14,2025-02-27,7.03,3,3.88,0,75,5
14,2025-02-28,8.61,7,3.75,1,83,7
14,2025-03-01,6.55,10,3.85,0,83,6
14,2025-03-02,5.84,4,3.88,0,76,5
14,2025-03-03,5.74,6,3.94,1,75,5
14,2025-03-04,5.64,7,3.89,0,85,6
14,2025-03-05,4.7,4,3.72,1,79,5
14,2025-03-06,6.49,8,3.65,0,76,5
14,2025-03-07,3.52,2,3.63,0,78,5
14,2025-03-08,5.76,10,3.5,0,80,6
14,2025-03-09,8.59,6,3.43,0,83,6
14,2025-03-10,7.28,3,3.49,0,78,5
14,2025-03-11,5.9,7,3.55,1,76,5
14,2025-03-12,5.06,3,3.48,0,77,6
14,2025-03-13,8.48,4,3.47,0,85,7
14,2025-03-14,8.08,3,3.62,1,85,6
14,2025-03-15,5.12,1,3.49,0,81,6
14,2025-03-16,6.71,4,3.71,0,76,5
14,2025-03-17,6.17,9,3.58,0,82,5
14,2025-03-18,6.05,1,3.42,0,86,6
14,2025-03-19,9.4,8,3.44,1,79,7
14,2025-03-20,7.3,5,3.44,1,79,6
14,2025-03-21,4.67,9,3.54,0,86,6
14,2025-03-22,7.5,8,3.43,1,84,6
14,2025-03-23,5.44,6,3.28,0,86,6
14,2025-03-24,3.64,5,3.21,1,80,6
14,2025-03-25,7.48,8,3.22,1,80,7
14,2025-03-26,7.2,7,3.11,0,77,6
14,2025-03-27,6.23,8,3.1,0,79,6
14,2025-03-28,5.93,3,3.33,1,85,6
14,2025-03-29,7.34,8,3.24,0,80,6
14,2025-03-30,4.97,9,3.06,0,79,7
14,2025-03-31,5.98,1,3.31,1,79,6
14,2025-04-01,5.95,6,3.12,0,79,7
14,2025-04-02,5.34,9,2.87,0,85,6
14,2025-04-03,7.7,4,2.98,1,83,6
14,2025-04-04,8.56,9,2.93,0,88,7
14,2025-04-05,5.77,2,3.04,0,78,6
14,2025-04-06,6.24,1,3.15,1,83,7
14,2025-04-07,4.93,4,3.11,1,83,6
14,2025-04-08,6.03,9,3.06,1,81,7
14,2025-04-09,8.09,2,2.89,1,86,6
14,2025-04-10,6.23,3,2.92,1,87,8
15,2025-01-01,5.46,7,3.46,0,88,5
15,2025-01-02,4.7,9,3.52,0,87,6
15,2025-01-03,6.66,5,3.58,1,85,6
15,2025-01-04,5.93,7,3.79,0,89,6
15,2025-01-05,7.25,3,3.86,0,89,6
15,2025-01-06,6.24,10,4.07,0,82,5
15,2025-01-07,4.13,8,4.12,0,83,6
15,2025-01-08,7.17,8,4.15,0,80,5
15,2025-01-09,5.97,2,4.36,1,88,5
15,2025-01-10,7.11,8,4.32,1,83,5
15,2025-01-11,6.73,6,4.28,1,90,6
15,2025-01-12,7.8,5,4.08,1,81,5
15,2025-01-13,8.59,2,4.26,1,90,6
15,2025-01-14,7.28,6,4.29,1,82,4
15,2025-01-15,5.37,10,4.17,1,87,6
15,2025-01-16,8.51,7,3.95,1,88,5
15,2025-01-17,9.04,6,4.06,1,87,5
15,2025-01-18,8.03,6,4.19,0,85,5
15,2025-01-19,8.62,2,3.98,1,82,5
15,2025-01-20,5.89,9,3.96,1,81,5
15,2025-01-21,6.12,5,3.82,0,87,5
15,2025-01-22,4.61,1,3.84,1,91,6
15,2025-01-23,5.13,2,3.71,0,85,6
15,2025-01-24,6.25,4,3.95,0,87,5
15,2025-01-25,6.9,3,3.71,1,80,5
15,2025-01-26,5.55,9,3.59,0,90,7
15,2025-01-27,5.85,3,3.69,0,84,7
15,2025-01-28,5.38,7,3.85,0,82,6
15,2025-01-29,7.04,8,3.96,1,89,6
15,2025-01-30,5.72,3,4.07,0,89,5
15,2025-01-31,6.02,7,4.32,1,82,6
15,2025-02-01,6.34,6,4.25,1,85,5
15,2025-02-02,6.63,4,4.11,1,83,5
15,2025-02-03,5.78,3,3.93,0,88,5
15,2025-02-04,6.9,4,4.06,0,83,5
15,2025-02-05,6.36,1,4.28,1,81,4
15,2025-02-06,6.04,1,4.24,1,87,5
15,2025-02-07,7.23,9,4.16,0,86,6
15,2025-02-08,8.82,5,4.21,1,87,5
15,2025-02-09,6.59,1,4.05,0,86,6
15,2025-02-10,6.68,2,3.89,1,85,5
15,2025-02-11,5.17,6,3.78,1,90,6
15,2025-02-12,5.27,5,3.55,0,90,7
15,2025-02-13,6.06,6,3.47,1,85,7
15,2025-02-14,5.97,8,3.41,1,88,6
15,2025-02-15,6.56,8,3.59,1,87,7
15,2025-02-16,6.14,1,3.46,1,89,7
15,2025-02-17,6.03,10,3.52,0,87,6
15,2025-02-18,5.42,3,3.61,0,89,5
15,2025-02-19,5.87,1,3.58,0,80,5
15,2025-02-20,7.85,5,3.56,1,92,7
15,2025-02-21,7.56,1,3.56,1,83,6
15,2025-02-22,7.67,2,3.76,1,89,6
15,2025-02-23,8.75,3,3.77,0,87,5
15,2025-02-24,6.15,1,4.01,0,88,5
15,2025-02-25,6.64,2,4.18,1,83,5
15,2025-02-26,7.17,10,4.38,1,82,5
15,2025-02-27,5.87,6,4.36,0,84,5
15,2025-02-28,8.25,1,4.25,0,86,5
15,2025-03-01,6.24,1,4.45,0,80,4
15,2025-03-02,5.38,3,4.56,0,82,5
15,2025-03-03,5.17,6,4.64,1,81,5
15,2025-03-04,7.48,7,4.52,1,87,5
15,2025-03-05,7.8,2,4.42,0,80,5
15,2025-03-06,6.25,5,4.51,1,84,5
15,2025-03-07,6.01,7,4.35,1,86,5
15,2025-03-08,7.46,10,4.45,0,83,5
15,2025-03-09,5.15,8,4.47,0,89,5
15,2025-03-10,3.93,8,4.69,1,81,4
15,2025-03-11,6.11,6,4.51,1,81,4
15,2025-03-12,5.85,9,4.52,1,85,4
15,2025-03-13,6.36,10,4.4,1,88,5
15,2025-03-14,10.0,2,4.29,0,86,5
15,2025-03-15,4.93,5,4.4,0,85,5
15,2025-03-16,6.07,5,4.48,1,83,5
15,2025-03-17,7.12,10,4.49,1,78,4
15,2025-03-18,5.08,5,4.25,1,81,5
15,2025-03-19,7.85,4,4.33,1,90,6
15,2025-03-20,7.74,2,4.32,0,85,5
15,2025-03-21,7.19,10,4.24,0,80,5
15,2025-03-22,7.87,8,4.29,0,81,5
15,2025-03-23,5.07,4,4.16,1,85,6
15,2025-03-24,7.67,6,3.96,1,89,6
15,2025-03-25,5.62,5,3.78,1,88,6
15,2025-03-26,7.06,2,3.62,0,89,6
15,2025-03-27,5.52,7,3.66,1,90,7
15,2025-03-28,3.7,1,3.58,0,82,6
15,2025-03-29,5.54,2,3.71,0,88,5
15,2025-03-30,5.26,2,3.68,0,87,6
15,2025-03-31,6.88,3,3.44,0,86,6
15,2025-04-01,5.78,2,3.54,1,86,6
15,2025-04-02,7.02,5,3.66,1,89,6
15,2025-04-03,8.46,2,3.74,1,86,5
15,2025-04-04,6.35,7,3.79,1,88,7
15,2025-04-05,6.25,8,3.97,0,83,6
15,2025-04-06,6.04,6,3.87,1,83,5
15,2025-04-07,6.98,3,4.12,1,87,5
15,2025-04-08,6.05,6,4.13,1,85,5
15,2025-04-09,6.17,3,4.23,1,88,6
15,2025-04-10,5.68,5,4.04,1,80,5
16,2025-01-01,5.46,1,3.17,1,99,7
16,2025-01-02,5.29,10,2.95,1,98,6
16,2025-01-03,6.52,1,3.14,1,92,6
16,2025-01-04,8.21,9,2.94,0,93,6
16,2025-01-05,6.42,8,2.75,1,96,6
16,2025-01-06,6.92,3,2.7,0,100,7
16,2025-01-07,7.09,5,2.54,1,93,7
16,2025-01-08,8.28,6,2.68,1,90,6
16,2025-01-09,5.71,9,2.57,0,94,7
16,2025-01-10,8.37,2,2.64,0,95,7
16,2025-01-11,6.11,2,2.83,1,89,6
16,2025-01-12,7.39,3,2.7,1,93,7
16,2025-01-13,8.55,2,2.77,0,89,6
16,2025-01-14,6.8,8,3.0,1,91,6
16,2025-01-15,8.02,6,3.22,0,92,6
16,2025-01-16,6.41,4,3.29,0,99,7
16,2025-01-17,7.77,1,3.4,1,94,6
16,2025-01-18,6.14,6,3.29,0,98,6
16,2025-01-19,6.17,7,3.34,1,91,7
16,2025-01-20,5.98,6,3.26,0,91,7
16,2025-01-21,6.8,6,3.23,1,92,6
16,2025-01-22,4.8,8,3.25,1,96,6
16,2025-01-23,6.3,5,3.01,0,92,6
16,2025-01-24,5.52,3,2.76,1,94,7
16,2025-01-25,4.93,6,2.68,0,89,6
16,2025-01-26,5.0,8,2.51,0,89,6
16,2025-01-27,6.37,9,2.35,1,97,7
16,2025-01-28,6.5,3,2.31,1,93,7
16,2025-01-29,6.55,9,2.15,0,96,8
16,2025-01-30,6.55,8,2.03,0,95,8
16,2025-01-31,7.61,6,2.14,0,99,8
16,2025-02-01,6.64,2,2.24,1,99,7
16,2025-02-02,6.72,6,2.27,1,95,8
16,2025-02-03,6.11,8,2.51,1,98,8
16,2025-02-04,8.6,9,2.72,0,98,7
16,2025-02-05,6.93,7,2.93,1,97,7
16,2025-02-06,8.28,5,3.05,0,100,7
16,2025-02-07,7.44,4,3.02,1,98,6
16,2025-02-08,6.19,4,2.93,0,92,7
16,2025-02-09,6.43,5,2.74,0,97,7
16,2025-02-10,6.91,4,2.83,0,99,7
16,2025-02-11,6.97,1,2.99,1,96,6
16,2025-02-12,7.78,1,2.93,1,97,6
16,2025-02-13,8.81,8,3.06,0,94,6
16,2025-02-14,8.24,1,3.3,1,97,6
16,2025-02-15,6.37,7,3.18,1,100,7
16,2025-02-16,6.44,3,3.15,1,97,6
16,2025-02-17,5.78,4,3.28,1,96,7
16,2025-02-18,4.19,5,3.53,1,97,7
16,2025-02-19,5.9,9,3.33,1,98,6
16,2025-02-20,6.84,7,3.58,1,87,5
16,2025-02-21,6.95,5,3.77,0,89,6
16,2025-02-22,5.84,9,3.94,1,91,5
16,2025-02-23,4.37,5,4.12,1,91,5
16,2025-02-24,5.95,4,4.07,0,95,5
16,2025-02-25,7.6,8,4.27,1,88,5
16,2025-02-26,6.23,10,4.43,0,93,5
16,2025-02-27,6.93,4,4.65,1,91,4
16,2025-02-28,6.13,3,4.8,1,96,5
16,2025-03-01,7.23,2,4.97,0,87,4
16,2025-03-02,6.77,3,5.0,0,93,4
16,2025-03-03,6.91,10,4.76,1,88,5
16,2025-03-04,7.03,6,4.94,0,94,4
16,2025-03-05,6.53,9,4.82,0,92,5
16,2025-03-06,6.14,2,5.0,0,89,4
16,2025-03-07,6.95,5,5.0,1,94,4
16,2025-03-08,8.59,1,5.0,1,88,5
16,2025-03-09,5.78,8,5.0,1,88,4
16,2025-03-10,7.73,3,5.0,1,90,5
16,2025-03-11,6.16,8,4.77,1,90,4
16,2025-03-12,6.29,2,4.55,0,87,5
16,2025-03-13,6.69,3,4.4,0,97,6
16,2025-03-14,6.29,9,4.52,1,87,5
16,2025-03-15,8.47,4,4.31,0,85,4
16,2025-03-16,6.48,4,4.46,1,94,5
16,2025-03-17,3.88,3,4.69,0,86,4
16,2025-03-18,6.49,10,4.81,0,92,4
16,2025-03-19,7.89,1,4.85,0,95,5
16,2025-03-20,4.82,1,4.66,1,92,4
16,2025-03-21,6.9,3,4.59,0,87,4
16,2025-03-22,5.82,9,4.42,0,89,5
16,2025-03-23,4.77,9,4.43,0,91,5
16,2025-03-24,5.82,4,4.29,0,93,5
16,2025-03-25,7.54,6,4.33,1,91,6
16,2025-03-26,5.71,5,4.27,0,94,5
16,2025-03-27,4.83,6,4.38,0,97,6
16,2025-03-28,6.48,7,4.62,0,88,5
16,2025-03-29,7.17,10,4.62,1,95,6
16,2025-03-30,7.16,6,4.76,1,94,5
16,2025-03-31,5.97,10,4.79,1,87,5
16,2025-04-01,5.34,3,5.0,0,87,5
16,2025-04-02,6.09,6,5.0,0,89,4
16,2025-04-03,7.88,7,5.0,0,90,5
16,2025-04-04,6.9,6,4.87,0,93,5
16,2025-04-05,6.91,9,4.81,1,95,5
16,2025-04-06,4.5,5,5.0,1,94,4
16,2025-04-07,7.87,9,4.78,1,91,5
16,2025-04-08,4.93,5,4.84,1,96,6
16,2025-04-09,7.28,7,4.8,1,88,4
16,2025-04-10,6.8,7,4.65,0,88,4
17,2025-01-01,5.48,2,3.11,1,103,7
17,2025-01-02,7.08,6,3.01,1,96,6
17,2025-01-03,5.13,5,3.11,1,96,6
17,2025-01-04,5.74,9,3.11,0,103,7
17,2025-01-05,7.09,1,3.25,1,101,6
17,2025-01-06,7.13,9,3.06,1,92,6
17,2025-01-07,6.91,6,2.98,0,97,6
17,2025-01-08,7.36,1,3.11,1,100,7
17,2025-01-09,7.68,5,3.22,0,94,5
17,2025-01-10,7.75,5,3.47,1,98,7
17,2025-01-11,6.07,2,3.44,0,100,6
17,2025-01-12,5.75,8,3.59,1,99,6
17,2025-01-13,7.61,5,3.35,1,94,7
17,2025-01-14,6.16,5,3.23,1,94,6
17,2025-01-15,6.0,3,3.22,1,95,6
17,2025-01-16,5.13,1,3.16,1,96,6
17,2025-01-17,8.01,9,3.1,1,93,6
17,2025-01-18,6.31,7,3.28,1,100,6
17,2025-01-19,4.87,6,3.24,0,97,7
17,2025-01-20,6.46,3,3.26,1,92,6
17,2025-01-21,6.01,1,3.07,0,97,6
17,2025-01-22,8.97,9,3.29,0,94,7
17,2025-01-23,7.98,6,3.15,1,97,7
17,2025-01-24,6.52,10,3.38,1,95,7
17,2025-01-25,6.3,7,3.2,0,99,5
17,2025-01-26,6.0,4,3.34,1,97,7
17,2025-01-27,8.31,5,3.36,0,97,5
17,2025-01-28,5.88,4,3.59,1,96,7
17,2025-01-29,6.89,5,3.71,0,92,6
17,2025-01-30,7.46,6,3.55,0,96,7
17,2025-01-31,6.46,4,3.73,1,90,5
17,2025-02-01,6.16,7,3.95,0,92,5
17,2025-02-02,6.09,3,3.96,1,97,6
17,2025-02-03,6.18,3,4.17,0,101,6
17,2025-02-04,6.52,6,4.11,1,95,6
17,2025-02-05,6.46,5,4.23,1,96,6
17,2025-02-06,5.56,4,4.43,0,90,5
17,2025-02-07,6.15,2,4.65,0,91,5
17,2025-02-08,7.13,2,4.77,1,96,5
17,2025-02-09,6.78,1,4.82,1,93,4
17,2025-02-10,6.02,9,4.84,0,89,4
17,2025-02-11,8.16,1,5.0,0,94,5
17,2025-02-12,8.29,2,4.93,1,92,4
17,2025-02-13,6.25,8,5.0,0,97,5
17,2025-02-14,6.57,10,4.92,1,95,4
17,2025-02-15,8.36,6,4.77,0,99,5
17,2025-02-16,6.26,3,4.77,0,88,4
17,2025-02-17,3.53,1,4.79,0,88,4
17,2025-02-18,7.26,1,4.62,0,97,5
17,2025-02-19,5.61,7,4.37,0,99,6
17,2025-02-20,5.9,8,4.59,0,90,4
17,2025-02-21,8.35,10,4.82,0,92,5
17,2025-02-22,6.09,2,4.93,0,97,5
17,2025-02-23,6.87,7,5.0,1,91,4
17,2025-02-24,5.04,5,5.0,1,94,5
17,2025-02-25,5.88,10,5.0,0,93,5
17,2025-02-26,4.61,3,5.0,1,98,5
17,2025-02-27,4.34,2,5.0,0,90,4
17,2025-02-28,8.0,6,5.0,1,95,5
17,2025-03-01,5.35,6,5.0,1,93,5
17,2025-03-02,8.56,2,4.96,1,92,5
17,2025-03-03,6.33,7,5.0,1,92,5
17,2025-03-04,5.95,1,4.79,1,96,5
17,2025-03-05,6.42,3,4.72,0,97,5
17,2025-03-06,5.18,1,4.86,0,93,4
17,2025-03-07,8.02,9,4.85,0,89,4
17,2025-03-08,8.73,2,4.77,1,90,5
17,2025-03-09,6.24,3,4.99,1,90,4
17,2025-03-10,6.85,10,5.0,1,95,4
17,2025-03-11,7.65,6,5.0,1,97,5
17,2025-03-12,6.46,4,4.75,1,94,6
17,2025-03-13,4.47,10,4.63,0,92,5
17,2025-03-14,5.6,8,4.77,1,95,5
17,2025-03-15,6.1,10,4.78,0,93,4
17,2025-03-16,7.76,4,4.92,0,91,5
17,2025-03-17,7.72,3,5.0,1,98,5
17,2025-03-18,6.96,10,5.0,0,91,5
17,2025-03-19,5.35,7,5.0,0,91,4
17,2025-03-20,7.04,2,4.82,1,97,4
17,2025-03-21,7.02,2,5.0,0,96,4
17,2025-03-22,5.7,8,4.98,1,89,4
17,2025-03-23,8.01,3,5.0,0,88,4
17,2025-03-24,4.83,8,4.83,1,99,5
17,2025-03-25,6.49,9,5.0,0,93,5
17,2025-03-26,7.58,2,4.75,1,97,4
17,2025-03-27,8.07,9,4.53,1,96,5
17,2025-03-28,4.98,1,4.44,0,95,4
17,2025-03-29,7.18,1,4.6,1,95,4
17,2025-03-30,7.81,9,4.49,0,100,6
17,2025-03-31,6.62,5,4.54,1,90,4
17,2025-04-01,5.96,3,4.71,0,90,5
17,2025-04-02,8.49,6,4.48,1,89,4
17,2025-04-03,5.76,9,4.42,1,98,5
17,2025-04-04,6.44,3,4.57,0,94,4
17,2025-04-05,3.63,10,4.59,1,92,6
17,2025-04-06,6.92,9,4.6,0,95,6
17,2025-04-07,7.27,2,4.45,0,92,5
17,2025-04-08,7.11,6,4.33,0,98,5
17,2025-04-09,6.92,10,4.51,1,95,5
17,2025-04-10,5.37,8,4.39,1,100,6
18,2025-01-01,7.56,4,3.66,0,97,5
18,2025-01-02,5.65,10,3.57,0,93,5
18,2025-01-03,6.74,7,3.73,0,95,6
18,2025-01-04,8.22,6,3.82,1,95,6
18,2025-01-05,5.69,10,3.71,1,96,6
18,2025-01-06,6.42,8,3.92,1,96,5
18,2025-01-07,5.58,1,3.9,0,92,6
18,2025-01-08,4.05,2,4.02,0,98,5
18,2025-01-09,6.03,7,4.19,0,96,6
18,2025-01-10,7.16,9,3.98,0,94,5
18,2025-01-11,6.51,2,3.81,0,95,6
18,2025-01-12,5.63,4,3.84,0,99,5
18,2025-01-13,9.31,4,4.04,0,101,6
18,2025-01-14,4.65,6,4.05,1,101,6
18,2025-01-15,7.56,7,4.23,0,96,5
18,2025-01-16,7.66,9,4.33,0,94,6
18,2025-01-17,7.85,1,4.57,0,95,5
18,2025-01-18,4.22,10,4.66,1,91,4
18,2025-01-19,6.78,6,4.71,0,95,4
18,2025-01-20,6.63,9,4.73,0,95,5
18,2025-01-21,6.27,3,4.82,0,94,4
18,2025-01-22,6.06,2,4.81,1,96,4
18,2025-01-23,6.8,9,4.86,0,95,4
18,2025-01-24,7.64,2,4.67,0,96,6
18,2025-01-25,7.87,9,4.75,0,93,5
18,2025-01-26,8.47,1,4.69,1,90,4
18,2025-01-27,8.76,4,4.81,1,93,5
18,2025-01-28,7.89,8,4.86,1,92,5
18,2025-01-29,3.68,1,5.0,1,97,5
18,2025-01-30,5.94,10,5.0,1,94,5
18,2025-01-31,6.88,2,4.87,0,97,4
18,2025-02-01,5.17,5,4.98,1,98,5
18,2025-02-02,6.71,9,5.0,1,90,5
18,2025-02-03,6.6,3,5.0,1,95,4
18,2025-02-04,6.72,7,4.78,0,96,4
18,2025-02-05,7.55,6,4.62,1,96,5
18,2025-02-06,6.42,6,4.65,0,97,5
18,2025-02-07,7.5,7,4.76,1,90,5
18,2025-02-08,7.64,4,4.68,0,98,5
18,2025-02-09,8.48,9,4.68,0,96,5
18,2025-02-10,5.63,7,4.53,0,95,5
18,2025-02-11,5.78,1,4.57,0,93,6
18,2025-02-12,6.31,10,4.5,0,99,6
18,2025-02-13,5.36,1,4.62,0,93,4
18,2025-02-14,7.07,5,4.81,0,93,4
18,2025-02-15,7.08,6,4.76,1,92,4
18,2025-02-16,5.04,7,4.59,0,99,6
18,2025-02-17,8.38,2,4.55,1,99,6
18,2025-02-18,4.96,2,4.58,1,94,5
18,2025-02-19,5.19,6,4.82,0,93,5
18,2025-02-20,5.84,3,4.75,0,99,5
18,2025-02-21,8.96,5,4.55,1,90,4
18,2025-02-22,8.12,2,4.43,1,94,5
18,2025-02-23,7.03,9,4.42,1,99,5
18,2025-02-24,4.74,4,4.29,0,98,5
18,2025-02-25,6.45,5,4.47,1,98,6
18,2025-02-26,5.75,10,4.65,1,96,5
18,2025-02-27,6.29,9,4.42,1,96,4
18,2025-02-28,6.29,2,4.49,1,93,6
18,2025-03-01,6.79,10,4.26,0,92,5
18,2025-03-02,6.05,10,4.25,0,97,5
18,2025-03-03,5.05,5,4.43,0,92,4
18,2025-03-04,4.35,9,4.66,0,94,5
18,2025-03-05,7.36,2,4.83,1,91,4
18,2025-03-06,8.01,10,4.95,0,98,5
18,2025-03-07,7.01,1,5.0,0,93,5
18,2025-03-08,6.2,9,5.0,1,97,4
18,2025-03-09,8.9,9,4.97,0,98,5
18,2025-03-10,7.64,5,4.8,0,97,6
18,2025-03-11,6.23,2,4.94,1,97,5
18,2025-03-12,8.69,4,4.82,0,94,4
18,2025-03-13,7.09,8,5.0,0,90,4
18,2025-03-14,3.97,7,4.83,1,91,4
18,2025-03-15,8.5,9,4.99,0,91,5
18,2025-03-16,6.85,4,5.0,0,97,5
18,2025-03-17,4.94,7,4.98,0,93,4
18,2025-03-18,6.44,7,5.0,0,96,4
18,2025-03-19,4.51,6,4.85,0,93,4
18,2025-03-20,6.29,3,4.9,1,95,4
18,2025-03-21,6.27,2,5.0,0,96,4
18,2025-03-22,5.83,4,5.0,1,92,4
18,2025-03-23,7.53,7,4.89,1,93,4
18,2025-03-24,6.8,7,4.82,1,95,5
18,2025-03-25,8.17,4,4.67,1,96,5
18,2025-03-26,7.02,1,4.65,1,91,5
18,2025-03-27,6.28,1,4.58,0,94,5
18,2025-03-28,7.72,10,4.46,1,101,6
18,2025-03-29,5.88,6,4.57,1,95,5
18,2025-03-30,4.6,2,4.51,0,98,5
18,2025-03-31,7.96,4,4.69,1,96,6
18,2025-04-01,6.91,1,4.81,0,89,4
18,2025-04-02,6.69,1,4.87,1,90,4
18,2025-04-03,7.35,10,5.0,1,93,4
18,2025-04-04,6.59,1,4.94,1,94,4
18,2025-04-05,7.78,3,4.89,1,95,4
18,2025-04-06,7.04,2,5.0,0,89,4
18,2025-04-07,5.45,5,5.0,1,94,4
18,2025-04-08,5.74,9,5.0,0,93,4
18,2025-04-09,4.73,1,5.0,0,93,5
18,2025-04-10,5.56,6,4.99,1,94,5
19,2025-01-01,5.91,4,3.43,1,94,6
19,2025-01-02,5.17,8,3.63,1,100,7
19,2025-01-03,6.64,8,3.48,0,93,6
19,2025-01-04,7.52,6,3.6,0,95,5
19,2025-01-05,6.69,9,3.74,1,93,5
19,2025-01-06,5.47,9,3.53,0,91,6
19,2025-01-07,7.19,3,3.53,1,90,5
19,2025-01-08,5.97,4,3.38,1,91,6
19,2025-01-09,6.54,2,3.37,1,99,7
19,2025-01-10,6.65,1,3.18,1,98,6
19,2025-01-11,7.13,7,3.32,0,91,6
19,2025-01-12,7.88,8,3.19,0,101,7
19,2025-01-13,5.86,8,3.09,1,92,6
19,2025-01-14,4.93,10,3.13,1,101,7
19,2025-01-15,5.77,5,3.17,1,96,7
19,2025-01-16,4.98,6,3.32,1,97,7
19,2025-01-17,4.46,1,3.4,1,98,6
19,2025-01-18,8.33,8,3.26,0,96,6
19,2025-01-19,7.1,5,3.48,1,91,6
19,2025-01-20,3.95,3,3.63,0,90,5
19,2025-01-21,6.13,5,3.56,0,100,6
19,2025-01-22,7.06,6,3.4,1,94,6
19,2025-01-23,6.03,4,3.4,0,93,6
19,2025-01-24,6.31,7,3.41,0,93,7
19,2025-01-25,7.04,2,3.48,1,96,7
19,2025-01-26,7.23,6,3.52,0,92,6
19,2025-01-27,7.02,10,3.31,1,100,7
19,2025-01-28,6.91,7,3.43,0,92,5
19,2025-01-29,5.95,9,3.57,0,97,5
19,2025-01-30,5.51,4,3.33,0,94,7
19,2025-01-31,7.0,3,3.24,0,94,7
19,2025-02-01,5.59,6,3.28,1,91,5
19,2025-02-02,6.89,6,3.48,1,95,7
19,2025-02-03,5.91,9,3.25,1,91,5
19,2025-02-04,5.71,5,3.37,0,100,6
19,2025-02-05,5.62,8,3.46,0,95,5
19,2025-02-06,6.34,2,3.7,1,97,6
19,2025-02-07,6.76,7,3.69,0,91,6
19,2025-02-08,5.47,7,3.77,0,89,5
19,2025-02-09,6.03,4,3.69,0,97,7
19,2025-02-10,4.55,7,3.68,0,101,7
19,2025-02-11,6.2,5,3.8,1,95,5
19,2025-02-12,7.19,3,4.01,1,90,5
19,2025-02-13,6.05,6,4.15,1,95,6
19,2025-02-14,7.76,5,3.96,0,98,5
19,2025-02-15,4.21,8,4.15,0,94,5
19,2025-02-16,6.49,4,4.23,0,94,5
19,2025-02-17,7.64,8,4.07,0,93,5
19,2025-02-18,6.55,7,3.84,1,96,6
19,2025-02-19,6.81,8,3.66,0,96,6
19,2025-02-20,5.94,5,3.45,1,98,5
19,2025-02-21,6.54,3,3.59,1,99,6
19,2025-02-22,8.94,1,3.63,1,94,5
19,2025-02-23,6.52,5,3.56,1,97,7
19,2025-02-24,7.35,6,3.71,1,91,6
19,2025-02-25,8.06,2,3.8,0,95,6
19,2025-02-26,5.43,4,4.04,0,93,5
19,2025-02-27,6.49,4,3.89,0,90,5
19,2025-02-28,5.23,4,3.98,1,91,6
19,2025-03-01,7.75,6,4.16,0,95,6
19,2025-03-02,8.0,1,4.02,1,92,6
19,2025-03-03,4.53,9,4.02,0,91,6
19,2025-03-04,4.23,2,3.94,0,92,5
19,2025-03-05,5.68,9,4.06,0,95,6
19,2025-03-06,6.27,10,3.84,0,99,6
19,2025-03-07,6.54,9,3.9,1,97,5
19,2025-03-08,6.69,4,3.93,0,92,6
19,2025-03-09,4.47,7,4.0,1,94,6
19,2025-03-10,7.63,5,4.24,1,98,5
19,2025-03-11,6.28,1,4.12,1,93,5
19,2025-03-12,7.94,9,4.11,0,97,6
19,2025-03-13,5.66,3,3.92,1,100,6
19,2025-03-14,6.15,1,4.16,1,94,5
19,2025-03-15,7.57,1,4.08,0,91,5
19,2025-03-16,7.89,10,4.16,1,91,6
19,2025-03-17,7.57,2,4.18,0,91,5
19,2025-03-18,6.62,10,4.26,0,93,5
19,2025-03-19,6.35,1,4.06,0,99,6
19,2025-03-20,9.18,10,4.2,1,93,6
19,2025-03-21,6.96,3,4.43,1,97,5
19,2025-03-22,7.8,8,4.56,0,93,5
19,2025-03-23,5.36,9,4.5,0,92,5
19,2025-03-24,4.86,7,4.72,0,92,5
19,2025-03-25,7.22,4,4.74,0,96,4
19,2025-03-26,6.38,1,4.54,0,95,4
19,2025-03-27,5.78,7,4.34,1,96,5
19,2025-03-28,6.98,8,4.32,0,100,6
19,2025-03-29,6.01,3,4.54,1,91,4
19,2025-03-30,7.3,9,4.68,0,96,5
19,2025-03-31,5.9,6,4.85,0,95,4
19,2025-04-01,6.71,8,4.77,0,97,5
19,2025-04-02,7.74,1,4.85,0,93,5
19,2025-04-03,8.42,3,5.0,1,94,4
19,2025-04-04,5.35,4,5.0,0,89,4
19,2025-04-05,5.5,10,4.78,0,96,5
19,2025-04-06,7.38,1,4.71,0,96,4
19,2025-04-07,7.35,3,4.85,0,92,5
19,2025-04-08,6.4,3,4.75,1,94,5
19,2025-04-09,7.51,3,4.52,1,92,5
19,2025-04-10,8.21,1,4.42,1,100,6
20,2025-01-01,4.94,2,3.36,1,82,6
20,2025-01-02,5.66,1,3.23,0,79,6
20,2025-01-03,7.62,6,3.12,1,81,6
20,2025-01-04,5.55,3,2.97,0,83,7
20,2025-01-05,7.36,4,2.92,0,85,6
20,2025-01-06,6.84,10,2.97,1,83,7
20,2025-01-07,7.04,2,3.08,1,85,7
20,2025-01-08,6.73,4,3.28,1,80,5
20,2025-01-09,4.99,9,3.51,1,82,5
20,2025-01-10,6.64,6,3.32,0,76,6
20,2025-01-11,7.35,4,3.25,0,78,5
20,2025-01-12,7.44,4,3.33,0,77,5
20,2025-01-13,8.04,4,3.46,0,85,6
20,2025-01-14,5.53,2,3.67,0,82,7
20,2025-01-15,6.65,9,3.46,1,78,7
20,2025-01-16,7.12,7,3.58,1,75,5
20,2025-01-17,6.11,8,3.74,0,75,5
20,2025-01-18,8.1,8,3.81,1,75,5
20,2025-01-19,4.52,1,3.92,0,85,6
20,2025-01-20,7.03,10,3.73,1,77,6
20,2025-01-21,5.89,6,3.92,0,74,5
20,2025-01-22,5.62,3,4.15,0,76,5
20,2025-01-23,6.16,10,4.19,1,81,5
20,2025-01-24,6.12,4,4.09,0,79,5
20,2025-01-25,6.27,9,3.95,0,83,6
20,2025-01-26,6.46,2,3.7,1,78,7
20,2025-01-27,6.33,9,3.57,1,86,7
20,2025-01-28,4.3,8,3.41,0,79,5
20,2025-01-29,7.01,6,3.45,1,79,7
20,2025-01-30,6.18,2,3.47,1,85,7
20,2025-01-31,3.83,6,3.32,0,80,5
20,2025-02-01,6.75,6,3.5,0,83,7
20,2025-02-02,9.47,8,3.4,0,83,6
20,2025-02-03,6.14,2,3.22,1,80,5
20,2025-02-04,6.53,7,3.1,1,80,7
20,2025-02-05,6.82,1,3.21,0,81,5
20,2025-02-06,8.23,7,3.45,1,84,7
20,2025-02-07,7.46,4,3.27,1,85,6
20,2025-02-08,6.11,4,3.45,1,85,6
20,2025-02-09,7.85,1,3.61,1,85,6
20,2025-02-10,6.21,4,3.68,1,77,5
20,2025-02-11,5.38,2,3.77,0,77,6
20,2025-02-12,5.69,1,3.62,0,87,7
20,2025-02-13,4.21,7,3.69,1,77,5
20,2025-02-14,5.49,10,3.73,0,82,6
20,2025-02-15,6.01,9,3.5,1,79,5
20,2025-02-16,5.69,7,3.6,1,77,5
20,2025-02-17,6.19,6,3.55,0,77,6
20,2025-02-18,6.53,10,3.59,0,81,6
20,2025-02-19,6.73,4,3.8,1,74,5
20,2025-02-20,6.67,3,3.65,1,86,7
20,2025-02-21,6.32,5,3.6,0,82,6
20,2025-02-22,9.08,1,3.39,0,84,7
20,2025-02-23,6.47,9,3.59,0,85,6
20,2025-02-24,7.05,7,3.58,1,79,7
20,2025-02-25,7.92,1,3.71,1,78,6
20,2025-02-26,5.58,6,3.6,1,86,7
20,2025-02-27,5.43,6,3.71,1,81,5
20,2025-02-28,5.36,9,3.52,0,82,6
20,2025-03-01,6.5,9,3.52,1,82,7
20,2025-03-02,8.13,3,3.53,1,81,6
20,2025-03-03,5.7,6,3.64,0,81,6
20,2025-03-04,6.06,6,3.83,1,77,5
20,2025-03-05,7.76,6,3.63,0,82,6
20,2025-03-06,5.13,10,3.79,1,80,6
20,2025-03-07,6.66,6,3.93,0,75,5
20,2025-03-08,7.8,6,4.07,1,76,6
20,2025-03-09,5.09,6,3.91,0,81,6
20,2025-03-10,7.5,4,4.12,0,82,6
20,2025-03-11,3.32,10,4.18,0,80,5
20,2025-03-12,6.03,8,4.21,0,75,5
20,2025-03-13,7.52,9,4.28,1,80,5
20,2025-03-14,4.22,6,4.35,0,83,5
20,2025-03-15,5.81,1,4.31,1,81,4
20,2025-03-16,7.12,7,4.36,1,82,5
20,2025-03-17,6.89,9,4.5,1,76,5
20,2025-03-18,7.46,4,4.75,1,77,6
20,2025-03-19,7.38,10,4.64,0,79,6
20,2025-03-20,3.56,4,4.64,1,80,4
20,2025-03-21,7.94,7,4.44,0,81,6
20,2025-03-22,5.6,10,4.37,1,80,5
20,2025-03-23,5.38,9,4.53,1,81,4
20,2025-03-24,5.17,2,4.33,0,74,5
20,2025-03-25,6.85,6,4.18,1,85,6
20,2025-03-26,8.0,8,4.19,0,77,5
20,2025-03-27,7.21,3,4.21,1,72,4
20,2025-03-28,5.73,6,4.16,0,75,5
20,2025-03-29,5.64,10,4.18,0,78,5
20,2025-03-30,8.59,9,4.12,0,77,5
20,2025-03-31,5.0,6,4.35,0,77,4
20,2025-04-01,4.28,2,4.18,0,82,5
20,2025-04-02,8.1,8,4.06,0,77,6
20,2025-04-03,6.1,3,3.91,0,87,7
20,2025-04-04,5.76,5,3.9,1,85,6
20,2025-04-05,6.06,9,3.84,0,82,7
20,2025-04-06,8.02,1,3.89,1,79,5
20,2025-04-07,9.0,2,4.09,0,74,5
20,2025-04-08,5.56,10,3.84,1,84,6
20,2025-04-09,7.55,5,4.01,1,82,6
20,2025-04-10,5.33,5,4.01,1,77,5
21,2025-01-01,6.76,1,3.95,0,81,5
21,2025-01-02,7.37,6,3.76,0,82,6
21,2025-01-03,6.41,1,4.01,1,78,5
21,2025-01-04,7.02,2,4.1,1,83,6
21,2025-01-05,7.25,4,4.15,0,76,5
21,2025-01-06,6.77,5,4.28,1,80,5
21,2025-01-07,4.6,10,4.06,0,75,5
21,2025-01-08,5.12,10,3.81,1,83,6
21,2025-01-09,6.18,5,3.8,0,76,6
21,2025-01-10,7.99,1,3.95,1,76,6
21,2025-01-11,6.79,1,3.82,1,82,5
21,2025-01-12,6.71,4,3.84,1,76,5
21,2025-01-13,6.69,4,3.61,0,82,6
21,2025-01-14,7.65,3,3.65,0,84,6
21,2025-01-15,6.02,8,3.8,0,80,5
21,2025-01-16,6.92,1,3.94,1,79,5
21,2025-01-17,7.43,4,3.85,1,80,6
21,2025-01-18,7.16,2,3.9,1,80,6
21,2025-01-19,6.63,2,3.77,1,81,5
21,2025-01-20,8.59,7,3.89,1,76,5
21,2025-01-21,8.45,7,3.82,1,80,5
21,2025-01-22,8.05,10,3.64,1,80,5
21,2025-01-23,8.52,8,3.7,1,85,6
21,2025-01-24,7.43,5,3.85,1,77,6
21,2025-01-25,6.6,3,3.67,1,78,5
21,2025-01-26,6.11,4,3.53,0,79,6
21,2025-01-27,7.01,7,3.59,0,82,5
21,2025-01-28,7.83,2,3.42,1,82,6
21,2025-01-29,6.05,2,3.48,1,78,6
21,2025-01-30,7.31,3,3.62,0,80,6
21,2025-01-31,6.65,2,3.78,1,74,5
21,2025-02-01,6.22,1,3.74,0,81,6
21,2025-02-02,6.8,2,3.69,0,81,6
21,2025-02-03,5.52,1,3.6,0,83,7
21,2025-02-04,4.45,9,3.38,1,77,5
21,2025-02-05,8.7,5,3.58,0,80,7
21,2025-02-06,6.9,3,3.63,1,82,6
21,2025-02-07,5.97,6,3.44,0,82,6
21,2025-02-08,5.39,5,3.37,0,81,6
21,2025-02-09,7.14,4,3.13,1,83,6
21,2025-02-10,7.9,7,3.23,0,84,7
21,2025-02-11,6.52,9,3.33,0,79,5
21,2025-02-12,6.8,4,3.19,1,76,5
21,2025-02-13,4.68,8,3.42,0,81,6
21,2025-02-14,7.91,8,3.56,1,78,7
21,2025-02-15,8.54,8,3.59,1,77,5
21,2025-02-16,5.3,4,3.7,1,80,5
21,2025-02-17,7.33,8,3.75,1,78,6
21,2025-02-18,4.1,5,3.85,0,80,6
21,2025-02-19,7.66,7,3.93,0,84,6
21,2025-02-20,7.25,10,3.81,0,84,6
21,2025-02-21,6.19,5,3.77,0,76,6
21,2025-02-22,5.91,9,3.9,1,82,5
21,2025-02-23,6.39,10,4.11,1,75,5
21,2025-02-24,6.05,4,4.27,1,82,6
21,2025-02-25,6.53,4,4.49,0,78,6
21,2025-02-26,7.94,7,4.73,1,81,5
21,2025-02-27,6.04,5,4.64,0,78,5
21,2025-02-28,8.64,10,4.58,0,74,5
21,2025-03-01,4.99,7,4.64,1,81,6
21,2025-03-02,5.47,6,4.45,0,76,5
21,2025-03-03,5.62,1,4.25,0,79,4
21,2025-03-04,6.65,2,4.49,0,81,5
21,2025-03-05,7.07,10,4.33,1,78,6
21,2025-03-06,5.55,9,4.32,0,81,5
21,2025-03-07,7.5,4,4.1,1,75,5
21,2025-03-08,5.21,10,4.0,1,81,5
21,2025-03-09,8.55,10,3.76,1,80,5
21,2025-03-10,6.25,9,3.62,1,83,6
21,2025-03-11,6.73,6,3.76,0,75,5
21,2025-03-12,4.61,10,3.62,1,80,5
21,2025-03-13,7.29,6,3.59,1,80,7
21,2025-03-14,3.09,5,3.34,1,81,5
21,2025-03-15,4.58,4,3.22,0,82,7
21,2025-03-16,5.09,7,3.16,1,83,6
21,2025-03-17,6.42,10,3.31,1,81,6
21,2025-03-18,8.15,6,3.35,0,82,6
21,2025-03-19,4.01,3,3.17,0,85,6
21,2025-03-20,6.39,4,2.95,1,78,7
21,2025-03-21,6.76,6,3.15,1,79,7
21,2025-03-22,5.87,7,3.08,0,80,6
21,2025-03-23,6.23,10,3.3,0,78,6
21,2025-03-24,5.54,1,3.55,1,81,6
21,2025-03-25,6.79,6,3.42,1,84,6
21,2025-03-26,7.51,3,3.23,1,85,6
21,2025-03-27,5.03,4,3.03,0,82,7
21,2025-03-28,6.41,2,2.98,1,85,7
21,2025-03-29,5.36,5,3.19,0,83,7
21,2025-03-30,5.9,9,3.08,0,81,6
21,2025-03-31,7.47,2,2.86,0,83,6
21,2025-04-01,6.45,8,3.04,1,81,6
21,2025-04-02,7.62,2,2.88,1,82,6
21,2025-04-03,4.26,7,2.81,1,83,6
21,2025-04-04,5.26,7,2.79,0,89,8
21,2025-04-05,5.57,8,2.71,1,77,6
21,2025-04-06,6.89,2,2.89,1,80,6
21,2025-04-07,6.8,2,2.92,1,87,7
21,2025-04-08,6.19,6,2.75,0,85,6
21,2025-04-09,6.69,8,2.51,1,81,7
21,2025-04-10,6.74,10,2.52,1,82,7
22,2025-01-01,7.71,1,2.95,1,88,6
22,2025-01-02,5.88,7,2.84,0,91,6
22,2025-01-03,5.56,2,2.61,1,90,7
22,2025-01-04,7.96,9,2.44,0,96,8
22,2025-01-05,5.99,6,2.26,1,93,7
22,2025-01-06,4.17,1,2.36,1,98,7
22,2025-01-07,6.44,2,2.45,1,95,6
22,2025-01-08,5.28,3,2.28,1,91,7
22,2025-01-09,6.9,5,2.43,0,98,7
22,2025-01-10,6.48,2,2.38,0,100,8
22,2025-01-11,7.8,4,2.27,0,89,7
22,2025-01-12,5.94,8,2.46,0,90,6
22,2025-01-13,5.96,8,2.24,1,92,6
22,2025-01-14,4.53,10,2.15,0,93,8
22,2025-01-15,8.16,10,2.13,1,91,7
22,2025-01-16,7.88,8,2.12,1,90,7
22,2025-01-17,6.62,3,1.87,0,90,7
22,2025-01-18,7.18,3,1.64,0,91,7
22,2025-01-19,5.94,9,1.46,0,100,8
22,2025-01-20,6.96,1,1.61,0,101,9
22,2025-01-21,7.24,10,1.49,0,97,9
22,2025-01-22,6.2,2,1.37,1,99,8
22,2025-01-23,4.96,2,1.43,1,96,9
22,2025-01-24,6.89,1,1.35,1,98,9
22,2025-01-25,5.29,1,1.37,0,98,8
22,2025-01-26,8.76,1,1.28,0,98,8
22,2025-01-27,6.91,7,1.44,0,90,7
22,2025-01-28,6.04,3,1.4,0,98,8
22,2025-01-29,7.86,5,1.23,0,101,9
22,2025-01-30,5.94,5,1.41,0,102,9
22,2025-01-31,6.46,10,1.45,1,100,8
22,2025-02-01,8.69,10,1.35,0,91,8
22,2025-02-02,5.21,1,1.49,0,98,8
22,2025-02-03,7.36,9,1.73,0,89,7
22,2025-02-04,5.53,2,1.61,0,98,9
22,2025-02-05,6.49,1,1.74,0,92,7
22,2025-02-06,6.14,8,1.99,0,98,8
22,2025-02-07,7.75,4,2.05,0,96,7
22,2025-02-08,5.84,4,2.12,1,89,7
22,2025-02-09,6.08,1,2.33,1,95,8
22,2025-02-10,7.88,8,2.37,0,95,6
22,2025-02-11,7.95,3,2.24,1,98,7
22,2025-02-12,7.88,10,2.29,0,90,7
22,2025-02-13,7.92,9,2.25,0,99,8
22,2025-02-14,6.78,7,2.17,0,96,7
22,2025-02-15,5.49,7,2.06,0,100,8
22,2025-02-16,7.48,8,2.3,1,96,7
22,2025-02-17,5.74,10,2.38,0,99,8
22,2025-02-18,6.41,6,2.63,1,91,7
22,2025-02-19,5.72,7,2.46,0,96,6
22,2025-02-20,5.94,10,2.22,0,96,8
22,2025-02-21,5.8,10,2.26,1,99,8
22,2025-02-22,7.17,4,2.51,0,95,7
22,2025-02-23,5.03,10,2.58,1,87,6
22,2025-02-24,5.74,9,2.49,0,91,8
22,2025-02-25,4.84,8,2.34,1,90,7
22,2025-02-26,7.11,7,2.2,0,91,7
22,2025-02-27,6.4,2,2.35,1,95,8
22,2025-02-28,6.04,5,2.35,1,92,8
22,2025-03-01,8.46,10,2.27,1,90,7
22,2025-03-02,5.26,5,2.33,0,93,6
22,2025-03-03,5.32,2,2.36,0,97,7
22,2025-03-04,6.86,7,2.3,0,90,7
22,2025-03-05,7.22,3,2.46,1,97,7
22,2025-03-06,7.26,4,2.48,1,92,7
22,2025-03-07,7.51,6,2.42,1,88,6
22,2025-03-08,5.25,3,2.35,0,97,7
22,2025-03-09,8.06,2,2.54,1,95,7
22,2025-03-10,5.54,7,2.38,1,98,8
22,2025-03-11,6.21,2,2.33,1,94,8
22,2025-03-12,5.46,4,2.15,0,92,6
22,2025-03-13,8.03,3,2.18,1,100,8
22,2025-03-14,6.1,7,2.42,0,93,7
22,2025-03-15,6.26,5,2.23,0,88,6
22,2025-03-16,5.7,8,2.42,1,98,8
22,2025-03-17,8.41,9,2.32,0,100,8
22,2025-03-18,7.97,4,2.08,0,93,8
22,2025-03-19,5.71,2,2.21,1,94,7
22,2025-03-20,7.33,10,2.28,1,94,8
22,2025-03-21,5.31,6,2.06,0,89,7
22,2025-03-22,6.03,2,2.28,0,92,8
22,2025-03-23,7.65,6,2.14,1,91,7
22,2025-03-24,6.19,7,2.16,0,91,8
22,2025-03-25,4.3,7,2.33,1,98,8
22,2025-03-26,5.98,8,2.19,1,93,8
22,2025-03-27,6.43,6,2.08,0,91,8
22,2025-03-28,5.46,8,2.08,1,91,7
22,2025-03-29,9.67,8,1.84,0,94,8
22,2025-03-30,8.67,7,1.97,1,98,8
22,2025-03-31,5.31,10,1.74,1,94,7
22,2025-04-01,6.66,10,1.86,0,97,7
22,2025-04-02,7.3,2,2.09,1,98,7
22,2025-04-03,7.81,8,2.25,1,89,7
22,2025-04-04,7.71,10,2.1,1,92,8
22,2025-04-05,7.91,3,2.0,0,90,7
22,2025-04-06,6.41,7,1.85,0,93,7
22,2025-04-07,7.45,7,1.86,0,98,7
22,2025-04-08,4.29,8,1.83,0,92,7
22,2025-04-09,6.39,6,1.91,1,93,8
22,2025-04-10,8.13,2,2.15,1,96,7
23,2025-01-01,5.03,9,3.22,0,90,6
23,2025-01-02,6.08,4,3.37,1,85,7
23,2025-01-03,6.13,6,3.49,0,85,7
23,2025-01-04,8.89,9,3.37,0,87,7
23,2025-01-05,6.13,7,3.44,1,86,6
23,2025-01-06,6.5,8,3.42,1,87,6
23,2025-01-07,6.55,2,3.53,1,85,6
23,2025-01-08,8.16,9,3.74,1,89,5
23,2025-01-09,5.3,2,3.75,0,81,5
23,2025-01-10,5.33,8,3.56,0,87,7
23,2025-01-11,5.47,3,3.35,1,89,6
23,2025-01-12,8.47,4,3.5,0,94,7
23,2025-01-13,3.7,8,3.59,1,92,6
23,2025-01-14,5.35,9,3.79,0,81,5
23,2025-01-15,5.3,1,3.87,1,84,6
23,2025-01-16,4.44,8,3.83,0,83,5
23,2025-01-17,6.54,1,4.0,0,90,6
23,2025-01-18,6.7,6,3.95,1,91,6
23,2025-01-19,4.93,3,3.91,0,85,5
23,2025-01-20,7.63,6,4.07,1,91,6
23,2025-01-21,7.88,1,4.28,0,84,4
23,2025-01-22,7.76,7,4.26,1,89,6
23,2025-01-23,5.92,10,4.12,1,84,6
23,2025-01-24,6.1,5,4.23,0,84,5
23,2025-01-25,7.37,5,4.07,0,84,6
23,2025-01-26,6.81,10,3.98,0,84,5
23,2025-01-27,8.63,2,3.87,1,84,6
23,2025-01-28,5.4,4,3.72,0,89,6
23,2025-01-29,4.59,10,3.67,0,88,6
23,2025-01-30,6.58,1,3.71,0,88,6
23,2025-01-31,5.86,4,3.86,0,84,5
23,2025-02-01,6.19,2,4.07,1,84,6
23,2025-02-02,7.9,7,4.15,1,90,6
23,2025-02-03,8.05,3,4.37,0,88,5
23,2025-02-04,9.13,2,4.15,1,82,5
23,2025-02-05,7.39,3,4.01,1,86,5
23,2025-02-06,5.52,3,3.93,1,88,5
23,2025-02-07,7.42,4,4.07,0,81,5
23,2025-02-08,6.48,2,4.22,1,92,6
23,2025-02-09,6.06,7,4.37,0,90,6
23,2025-02-10,7.24,6,4.37,0,79,4
23,2025-02-11,6.54,3,4.43,0,86,4
23,2025-02-12,7.17,9,4.46,1,82,4
23,2025-02-13,5.3,10,4.34,1,83,6
23,2025-02-14,6.04,9,4.53,0,88,6
23,2025-02-15,5.34,6,4.72,1,90,5
23,2025-02-16,5.59,4,4.77,0,79,4
23,2025-02-17,6.5,6,4.79,1,87,5
23,2025-02-18,7.03,2,4.67,1,82,5
23,2025-02-19,5.39,7,4.84,0,83,6
23,2025-02-20,5.36,7,4.69,1,90,5
23,2025-02-21,6.03,7,4.54,1,92,6
23,2025-02-22,7.64,6,4.64,1,79,4
23,2025-02-23,5.34,9,4.64,0,88,4
23,2025-02-24,5.83,7,4.76,1,79,4
23,2025-02-25,6.54,7,4.77,0,84,4
23,2025-02-26,8.75,4,4.78,0,84,4
23,2025-02-27,6.86,2,4.77,0,79,4
23,2025-02-28,5.76,4,4.84,0,85,5
23,2025-03-01,5.47,9,4.99,0,87,4
23,2025-03-02,6.7,5,4.77,1,85,4
23,2025-03-03,7.62,3,4.79,1,85,5
23,2025-03-04,5.02,3,4.9,0,90,5
23,2025-03-05,5.58,1,4.87,0,88,4
23,2025-03-06,6.63,10,4.86,0,88,5
23,2025-03-07,7.7,7,4.65,0,89,5
23,2025-03-08,6.21,7,4.47,0,87,4
23,2025-03-09,6.57,6,4.23,1,87,5
23,2025-03-10,6.64,2,4.17,1,86,5
23,2025-03-11,6.15,6,4.27,1,89,5
23,2025-03-12,7.41,4,4.41,1,90,5
23,2025-03-13,7.64,8,4.62,1,91,6
23,2025-03-14,5.19,6,4.49,1,88,5
23,2025-03-15,7.75,4,4.61,0,79,4
23,2025-03-16,6.84,4,4.38,1,81,5
23,2025-03-17,8.65,8,4.39,1,83,5
23,2025-03-18,6.05,7,4.19,1,88,5
23,2025-03-19,5.4,6,4.28,1,81,5
23,2025-03-20,7.17,4,4.47,1,81,5
23,2025-03-21,5.53,1,4.43,0,87,5
23,2025-03-22,7.6,7,4.55,1,88,4
23,2025-03-23,6.03,5,4.76,0,89,5
23,2025-03-24,4.77,7,4.65,1,88,5
23,2025-03-25,6.9,5,4.58,1,84,4
23,2025-03-26,7.02,7,4.8,1,84,4
23,2025-03-27,4.3,10,4.95,0,87,5
23,2025-03-28,7.17,4,4.79,1,86,5
23,2025-03-29,8.51,3,4.74,1,81,5
23,2025-03-30,6.51,3,4.67,1,90,5
23,2025-03-31,3.85,1,4.8,1,86,4
23,2025-04-01,4.32,7,4.56,1,89,5
23,2025-04-02,5.81,1,4.48,0,87,6
23,2025-04-03,7.05,1,4.39,0,89,5
23,2025-04-04,6.79,9,4.62,0,89,6
23,2025-04-05,6.36,6,4.41,0,87,5
23,2025-04-06,8.58,3,4.4,0,82,4
23,2025-04-07,7.87,2,4.58,0,85,4
23,2025-04-08,6.88,5,4.82,0,79,4
23,2025-04-09,6.59,4,4.69,1,81,5
23,2025-04-10,6.65,1,4.58,0,90,5
24,2025-01-01,6.95,4,3.45,0,86,6
24,2025-01-02,6.33,5,3.35,0,88,7
24,2025-01-03,4.87,7,3.52,0,85,6
24,2025-01-04,8.66,1,3.47,0,88,6
24,2025-01-05,6.78,7,3.26,1,89,5
24,2025-01-06,9.08,4,3.41,0,92,6
24,2025-01-07,5.35,8,3.17,0,93,7
24,2025-01-08,5.61,5,3.05,1,94,7
24,2025-01-09,5.45,1,3.22,0,86,7
24,2025-01-10,8.42,1,3.32,0,91,6
24,2025-01-11,6.86,6,3.22,0,92,6
24,2025-01-12,5.81,10,3.06,0,89,7
24,2025-01-13,8.04,8,3.25,1,88,6
24,2025-01-14,6.45,1,3.42,0,84,6
24,2025-01-15,5.27,2,3.5,1,90,7
24,2025-01-16,4.71,1,3.33,0,84,6
24,2025-01-17,6.58,5,3.41,0,90,5
24,2025-01-18,6.55,8,3.44,1,93,7
24,2025-01-19,5.84,1,3.37,0,85,6
24,2025-01-20,7.92,10,3.13,1,91,7
24,2025-01-21,6.07,2,2.98,0,88,6
24,2025-01-22,4.83,10,3.07,0,85,7
24,2025-01-23,5.2,9,3.28,1,88,6
24,2025-01-24,5.4,5,3.11,1,90,7
24,2025-01-25,6.66,8,3.04,1,89,6
24,2025-01-26,7.9,7,3.12,0,86,7
24,2025-01-27,8.26,3,3.29,0,91,6
24,2025-01-28,6.37,4,3.27,0,85,6
24,2025-01-29,8.82,5,3.32,0,91,6
24,2025-01-30,6.91,7,3.21,0,83,6
24,2025-01-31,6.35,3,3.37,1,90,6
24,2025-02-01,7.64,7,3.12,0,83,6
24,2025-02-02,5.91,6,3.2,1,94,7
24,2025-02-03,7.39,10,3.11,1,90,6
24,2025-02-04,6.24,10,3.35,0,86,5
24,2025-02-05,6.86,9,3.35,0,84,6
24,2025-02-06,5.05,2,3.14,1,89,6
24,2025-02-07,5.61,10,3.26,0,84,6
24,2025-02-08,5.04,3,3.22,1,86,7
24,2025-02-09,7.31,4,3.01,1,91,6
24,2025-02-10,7.23,10,3.02,1,94,7
24,2025-02-11,6.01,2,2.88,0,85,7
24,2025-02-12,7.13,5,2.77,1,89,7
24,2025-02-13,5.11,2,2.98,1,87,6
24,2025-02-14,3.37,10,3.12,0,92,6
24,2025-02-15,6.13,9,3.02,0,85,6
24,2025-02-16,8.11,10,3.26,0,86,6
24,2025-02-17,7.41,4,3.5,1,86,7
24,2025-02-18,6.65,3,3.75,0,91,6
24,2025-02-19,7.66,4,3.61,0,93,7
24,2025-02-20,7.22,7,3.74,1,85,7
24,2025-02-21,7.39,6,3.85,1,92,6
24,2025-02-22,8.82,2,3.99,0,86,6
24,2025-02-23,5.31,6,3.87,1,89,6
24,2025-02-24,4.76,4,3.68,0,86,6
24,2025-02-25,8.38,8,3.68,0,89,5
24,2025-02-26,5.33,5,3.52,0,85,6
24,2025-02-27,5.57,4,3.57,0,88,5
24,2025-02-28,8.45,6,3.66,1,83,6
24,2025-03-01,8.87,5,3.69,1,86,7
24,2025-03-02,5.04,8,3.88,0,92,6
24,2025-03-03,6.8,3,3.72,0,82,5
24,2025-03-04,8.75,1,3.63,1,85,6
24,2025-03-05,7.18,4,3.67,1,89,7
24,2025-03-06,4.34,1,3.64,0,83,6
24,2025-03-07,7.15,6,3.69,0,89,5
24,2025-03-08,7.7,5,3.49,0,89,7
24,2025-03-09,6.71,7,3.74,0,87,7
24,2025-03-10,8.54,5,3.62,1,91,6
24,2025-03-11,5.69,1,3.85,1,90,5
24,2025-03-12,6.64,4,3.67,1,87,6
24,2025-03-13,5.62,4,3.84,0,92,6
24,2025-03-14,7.16,3,3.62,0,83,6
24,2025-03-15,5.16,10,3.73,1,82,5
24,2025-03-16,6.4,3,3.91,1,90,5
24,2025-03-17,4.72,9,3.89,0,85,7
24,2025-03-18,5.31,1,4.01,1,89,6
24,2025-03-19,5.7,10,3.78,1,83,5
24,2025-03-20,6.89,4,3.97,1,84,6
24,2025-03-21,7.37,8,3.92,1,82,5
24,2025-03-22,6.4,9,4.13,0,84,5
24,2025-03-23,6.51,5,3.96,0,90,5
24,2025-03-24,5.83,1,3.75,0,91,6
24,2025-03-25,7.3,3,3.85,1,90,5
24,2025-03-26,5.95,10,3.65,0,91,6
24,2025-03-27,5.89,5,3.68,0,85,6
24,2025-03-28,6.02,10,3.87,1,81,5
24,2025-03-29,5.35,10,3.77,0,87,6
24,2025-03-30,6.59,4,3.52,0,81,5
24,2025-03-31,5.69,1,3.56,0,84,6
24,2025-04-01,6.12,10,3.71,0,84,5
24,2025-04-02,7.36,1,3.59,1,87,5
24,2025-04-03,7.23,9,3.78,0,92,7
24,2025-04-04,8.53,2,3.83,0,90,5
24,2025-04-05,5.64,2,3.61,1,85,7
24,2025-04-06,6.43,5,3.84,1,84,6
24,2025-04-07,7.53,10,4.08,0,92,6
24,2025-04-08,7.5,9,4.22,0,83,6
24,2025-04-09,7.05,9,4.01,1,90,5
24,2025-04-10,6.9,3,4.25,0,83,5
25,2025-01-01,6.81,7,3.69,0,96,6
25,2025-01-02,5.26,6,3.82,0,92,7
25,2025-01-03,7.23,5,4.0,0,92,5
25,2025-01-04,7.96,1,4.03,1,89,5
25,2025-01-05,6.4,1,3.96,1,92,5
25,2025-01-06,5.55,2,4.02,1,90,5
25,2025-01-07,4.53,3,3.88,0,94,6
25,2025-01-08,7.01,6,3.93,1,96,6
25,2025-01-09,7.01,2,3.83,1,89,5
25,2025-01-10,8.2,10,3.84,1,95,5
25,2025-01-11,6.54,8,3.76,1,89,5
25,2025-01-12,5.64,6,3.63,1,98,6
25,2025-01-13,8.41,6,3.75,1,95,5
25,2025-01-14,6.45,3,3.79,1,91,6
25,2025-01-15,4.28,10,3.97,1,93,6
25,2025-01-16,6.5,3,3.96,1,93,6
25,2025-01-17,7.95,10,4.08,0,93,6
25,2025-01-18,7.86,3,4.25,1,93,5
25,2025-01-19,7.3,3,4.22,1,90,6
25,2025-01-20,5.46,5,4.43,0,92,5
25,2025-01-21,6.69,1,4.45,0,88,5
25,2025-01-22,5.27,9,4.48,1,92,5
25,2025-01-23,6.38,1,4.47,0,95,5
25,2025-01-24,7.43,4,4.56,0,96,5
25,2025-01-25,3.52,2,4.37,1,90,5
25,2025-01-26,6.6,4,4.56,1,90,5
25,2025-01-27,8.19,8,4.47,0,88,5
25,2025-01-28,4.59,9,4.22,0,97,6
25,2025-01-29,7.71,8,4.29,1,95,5
25,2025-01-30,7.24,4,4.14,0,96,5
25,2025-01-31,6.81,2,4.14,1,94,4
25,2025-02-01,4.68,3,3.94,1,90,6
25,2025-02-02,7.13,2,3.86,1,92,6
25,2025-02-03,5.35,1,3.89,1,95,5
25,2025-02-04,6.18,6,3.73,0,91,6
25,2025-02-05,7.09,1,3.63,0,96,6
25,2025-02-06,6.7,4,3.54,0,95,5
25,2025-02-07,6.85,4,3.63,0,95,6
25,2025-02-08,7.11,3,3.57,1,95,6
25,2025-02-09,6.82,9,3.77,0,93,6
25,2025-02-10,5.4,7,3.73,0,96,6
25,2025-02-11,6.0,2,3.92,1,93,5
25,2025-02-12,8.99,9,4.04,1,94,6
25,2025-02-13,8.4,1,4.18,0,98,6
25,2025-02-14,5.83,1,4.14,1,91,6
25,2025-02-15,3.96,8,4.11,1,89,6
25,2025-02-16,6.28,7,4.2,1,94,6
25,2025-02-17,7.75,9,4.19,1,95,6
25,2025-02-18,7.6,3,4.39,1,89,4
25,2025-02-19,4.57,1,4.27,1,98,6
25,2025-02-20,5.11,9,4.23,0,91,6
25,2025-02-21,5.41,10,4.16,1,94,6
25,2025-02-22,7.67,1,4.21,0,94,6
25,2025-02-23,7.29,6,4.18,0,94,6
25,2025-02-24,7.97,3,4.27,0,94,6
25,2025-02-25,4.71,4,4.12,1,92,6
25,2025-02-26,5.47,10,4.26,1,94,5
25,2025-02-27,7.2,8,4.42,1,94,6
25,2025-02-28,7.57,9,4.35,1,97,6
25,2025-03-01,7.19,9,4.18,1,89,5
25,2025-03-02,6.5,4,4.17,0,90,5
25,2025-03-03,5.57,1,4.02,0,93,5
25,2025-03-04,3.73,1,3.94,0,94,6
25,2025-03-05,7.03,7,3.7,1,95,7
25,2025-03-06,7.86,2,3.89,1,92,6
25,2025-03-07,7.42,6,3.72,0,90,5
25,2025-03-08,7.0,10,3.76,0,93,7
25,2025-03-09,7.82,5,3.94,1,91,6
25,2025-03-10,7.81,5,4.11,0,95,5
25,2025-03-11,5.26,3,4.13,1,96,5
25,2025-03-12,7.09,5,4.29,1,93,6
25,2025-03-13,5.87,8,4.11,1,90,5
25,2025-03-14,5.45,1,4.0,1,90,6
25,2025-03-15,5.67,7,3.82,0,92,5
25,2025-03-16,7.32,6,3.9,1,95,6
25,2025-03-17,7.23,10,4.1,0,92,5
25,2025-03-18,7.01,5,4.22,0,91,5
25,2025-03-19,5.46,9,4.03,0,89,6
25,2025-03-20,8.31,8,4.0,0,92,6
25,2025-03-21,7.61,6,4.17,1,87,5
25,2025-03-22,3.74,3,4.31,0,87,5
25,2025-03-23,7.61,4,4.26,1,87,5
25,2025-03-24,6.38,4,4.19,0,87,5
25,2025-03-25,7.87,1,3.98,0,93,6
25,2025-03-26,5.57,8,3.93,1,90,6
25,2025-03-27,7.1,3,3.9,1,91,6
25,2025-03-28,7.63,7,4.04,1,97,6
25,2025-03-29,8.04,4,3.87,0,98,6
25,2025-03-30,7.72,8,3.96,0,90,6
25,2025-03-31,5.64,10,3.79,0,97,6
25,2025-04-01,6.19,5,4.03,0,88,5
25,2025-04-02,6.99,9,4.02,0,92,6
25,2025-04-03,5.7,9,3.89,1,94,5
25,2025-04-04,6.49,7,3.93,1,98,6
25,2025-04-05,7.68,2,4.15,1,90,6
25,2025-04-06,5.39,7,4.2,0,93,6
25,2025-04-07,6.08,4,4.12,0,89,6
25,2025-04-08,5.58,2,4.24,1,93,5
25,2025-04-09,6.48,3,4.45,0,90,6
25,2025-04-10,5.97,3,4.58,0,89,5
26,2025-01-01,9.0,9,3.71,1,91,6
26,2025-01-02,7.27,4,3.6,1,94,5
26,2025-01-03,7.87,4,3.51,1,94,6
26,2025-01-04,6.66,6,3.73,1,86,5
26,2025-01-05,6.4,7,3.94,0,89,6
26,2025-01-06,6.58,5,4.15,1,93,5
26,2025-01-07,3.97,7,4.14,0,94,5
26,2025-01-08,8.5,9,4.17,1,87,5
26,2025-01-09,6.39,5,4.4,1,84,4
26,2025-01-10,6.71,2,4.24,0,93,5
26,2025-01-11,5.2,9,4.46,1,89,5
26,2025-01-12,5.21,3,4.36,0,92,6
26,2025-01-13,5.47,5,4.59,1,92,5
26,2025-01-14,5.94,8,4.72,1,91,5
26,2025-01-15,8.02,9,4.83,0,87,4
26,2025-01-16,7.3,6,4.64,0,91,4
26,2025-01-17,6.52,2,4.53,1,86,5
26,2025-01-18,5.86,10,4.3,1,85,5
26,2025-01-19,6.76,9,4.39,0,92,6
26,2025-01-20,6.17,5,4.24,1,88,6
26,2025-01-21,7.33,8,4.24,1,94,5
26,2025-01-22,8.85,4,4.0,1,85,5
26,2025-01-23,5.35,8,4.09,1,93,6
26,2025-01-24,7.4,1,4.12,0,91,5
26,2025-01-25,7.65,5,4.3,0,90,6
26,2025-01-26,7.99,8,4.41,0,89,5
26,2025-01-27,4.43,10,4.38,0,90,5
26,2025-01-28,3.92,3,4.54,0,89,4
26,2025-01-29,5.93,1,4.76,0,86,5
26,2025-01-30,5.99,9,4.63,1,91,6
26,2025-01-31,8.53,6,4.83,0,88,5
26,2025-02-01,6.1,8,4.75,1,83,4
26,2025-02-02,6.74,1,4.98,1,88,5
26,2025-02-03,9.46,5,4.77,1,90,4
26,2025-02-04,7.11,8,4.54,0,87,5
26,2025-02-05,3.02,1,4.52,0,89,6
26,2025-02-06,6.04,9,4.65,1,87,5
26,2025-02-07,7.7,4,4.74,0,87,5
26,2025-02-08,5.54,2,4.8,0,96,6
26,2025-02-09,5.92,2,4.81,1,86,5
26,2025-02-10,6.15,7,4.59,0,92,5
26,2025-02-11,5.5,9,4.51,0,85,5
26,2025-02-12,8.19,3,4.32,1,94,6
26,2025-02-13,2.78,7,4.55,0,85,5
26,2025-02-14,7.07,10,4.51,0,94,5
26,2025-02-15,9.32,1,4.57,0,93,5
26,2025-02-16,6.33,4,4.37,1,93,5
26,2025-02-17,6.75,10,4.18,1,87,5
26,2025-02-18,7.37,9,3.94,0,90,6
26,2025-02-19,7.7,6,3.96,1,90,5
26,2025-02-20,4.81,6,4.09,0,91,5
26,2025-02-21,6.93,7,3.94,0,96,6
26,2025-02-22,7.55,5,3.86,1,85,5
26,2025-02-23,6.56,6,3.67,0,92,5
26,2025-02-24,5.7,4,3.74,0,98,7
26,2025-02-25,5.46,7,3.58,0,91,6
26,2025-02-26,9.08,5,3.71,0,90,5
26,2025-02-27,5.07,5,3.73,1,89,6
26,2025-02-28,6.78,9,3.89,0,86,5
26,2025-03-01,6.82,8,4.0,0,94,5
26,2025-03-02,5.75,5,3.93,0,87,6
26,2025-03-03,7.98,8,3.81,1,94,6
26,2025-03-04,5.99,7,3.89,1,87,5
26,2025-03-05,6.75,1,3.97,1,93,6
26,2025-03-06,5.24,7,4.0,1,94,5
26,2025-03-07,7.68,10,4.2,1,89,5
26,2025-03-08,5.17,3,4.03,1,91,6
26,2025-03-09,6.7,10,3.8,1,94,6
26,2025-03-10,6.11,10,3.98,0,85,5
26,2025-03-11,7.62,7,4.07,0,88,6
26,2025-03-12,6.13,6,4.02,1,91,5
26,2025-03-13,5.19,6,4.07,1,90,5
26,2025-03-14,6.69,5,4.02,0,85,4
26,2025-03-15,4.58,3,4.22,0,87,5
26,2025-03-16,6.61,9,4.03,1,90,5
26,2025-03-17,4.11,10,3.84,1,89,7
26,2025-03-18,7.73,9,3.71,1,96,6
26,2025-03-19,8.12,3,3.94,0,87,6
26,2025-03-20,6.48,7,4.12,1,88,6
26,2025-03-21,7.66,2,4.13,0,95,6
26,2025-03-22,6.89,9,4.31,1,90,5
26,2025-03-23,5.81,7,4.55,1,93,5
26,2025-03-24,7.21,3,4.33,1,93,5
26,2025-03-25,4.6,6,4.13,1,92,6
26,2025-03-26,7.62,4,4.02,1,91,5
26,2025-03-27,6.57,2,4.1,0,88,6
26,2025-03-28,7.27,3,4.07,0,93,5
26,2025-03-29,7.49,3,4.2,1,91,5
26,2025-03-30,5.1,4,4.27,1,86,5
26,2025-03-31,7.33,6,4.4,1,90,5
26,2025-04-01,7.19,6,4.31,1,90,5
26,2025-04-02,5.43,6,4.51,0,92,5
26,2025-04-03,6.61,3,4.3,1,87,6
26,2025-04-04,7.27,6,4.47,1,89,4
26,2025-04-05,6.05,1,4.55,1,88,4
26,2025-04-06,9.49,7,4.69,0,88,4
26,2025-04-07,7.78,2,4.67,1,92,5
26,2025-04-08,5.82,10,4.83,1,85,5
26,2025-04-09,5.19,6,4.81,0,90,4
26,2025-04-10,6.06,7,4.63,0,93,5
27,2025-01-01,6.04,6,2.91,0,99,7
27,2025-01-02,7.49,5,2.7,1,93,7
27,2025-01-03,4.32,8,2.81,0,96,6
27,2025-01-04,5.48,10,2.82,0,97,7
27,2025-01-05,7.95,1,2.66,0,100,7
27,2025-01-06,5.33,6,2.82,0,97,6
27,2025-01-07,6.28,4,2.78,1,98,7
27,2025-01-08,5.23,4,2.59,1,92,6
27,2025-01-09,7.18,10,2.58,0,93,7
27,2025-01-10,6.57,6,2.37,1,98,8
27,2025-01-11,3.21,7,2.58,1,92,7
27,2025-01-12,5.76,10,2.62,1,100,7
27,2025-01-13,6.82,1,2.55,1,91,6
27,2025-01-14,8.87,9,2.7,1,97,6
27,2025-01-15,7.48,3,2.56,1,99,7
27,2025-01-16,6.65,8,2.37,0,91,7
27,2025-01-17,4.55,1,2.19,1,95,6
27,2025-01-18,6.51,3,2.07,1,95,8
27,2025-01-19,7.35,6,2.2,1,94,7
27,2025-01-20,6.05,8,2.44,0,100,8
27,2025-01-21,4.49,8,2.38,1,100,7
27,2025-01-22,6.79,9,2.19,0,94,7
27,2025-01-23,5.29,3,1.94,1,95,7
27,2025-01-24,6.03,7,2.0,1,91,7
27,2025-01-25,5.3,7,2.0,0,100,8
27,2025-01-26,5.62,8,2.01,0,97,7
27,2025-01-27,7.71,6,2.01,0,98,7
27,2025-01-28,6.39,7,1.86,0,93,7
27,2025-01-29,6.47,2,1.9,1,95,9
27,2025-01-30,8.29,5,1.7,0,94,8
27,2025-01-31,7.07,1,1.45,1,99,9
27,2025-02-01,5.78,4,1.66,1,96,7
27,2025-02-02,7.16,7,1.43,0,98,8
27,2025-02-03,5.94,1,1.3,0,93,8
27,2025-02-04,5.83,5,1.48,1,99,8
27,2025-02-05,5.87,1,1.53,0,96,7
27,2025-02-06,8.66,9,1.52,0,101,8
27,2025-02-07,4.74,2,1.29,1,98,8
27,2025-02-08,5.74,5,1.08,0,100,7
27,2025-02-09,7.34,5,1.02,0,102,9
27,2025-02-10,7.69,10,0.88,0,104,9
27,2025-02-11,6.92,9,1.12,1,95,8
27,2025-02-12,6.01,5,1.27,0,102,9
27,2025-02-13,7.68,5,1.23,0,95,8
27,2025-02-14,5.63,4,1.03,1,104,9
27,2025-02-15,6.23,3,1.01,1,102,9
27,2025-02-16,5.4,3,1.04,0,100,9
27,2025-02-17,6.0,3,1.14,0,104,9
27,2025-02-18,6.57,7,1.23,1,98,9
27,2025-02-19,7.74,5,1.23,1,101,8
27,2025-02-20,9.17,5,1.03,1,101,8
27,2025-02-21,4.8,2,1.14,0,98,9
27,2025-02-22,6.43,4,1.18,1,97,8
27,2025-02-23,6.81,8,1.02,1,98,9
27,2025-02-24,4.78,4,0.92,0,101,8
27,2025-02-25,7.15,6,0.82,0,105,10
27,2025-02-26,4.6,5,0.84,0,98,9
27,2025-02-27,5.12,2,0.77,0,97,9
27,2025-02-28,5.95,2,0.77,1,93,8
27,2025-03-01,7.17,1,0.59,1,105,10
27,2025-03-02,5.42,4,0.5,1,99,9
27,2025-03-03,7.38,2,0.61,1,103,9
27,2025-03-04,6.65,10,0.8,0,102,8
27,2025-03-05,7.8,5,0.62,1,96,9
27,2025-03-06,6.49,5,0.67,1,101,8
27,2025-03-07,5.75,4,0.54,0,97,9
27,2025-03-08,8.09,9,0.45,1,97,9
27,2025-03-09,8.04,6,0.26,0,94,8
27,2025-03-10,8.98,1,0.16,0,99,10
27,2025-03-11,5.52,2,0.01,1,106,10
27,2025-03-12,5.34,8,0.24,0,106,10
27,2025-03-13,9.9,4,0.13,1,100,10
27,2025-03-14,6.64,4,0.0,0,101,9
27,2025-03-15,4.69,1,0.0,0,95,9
27,2025-03-16,5.19,6,0.15,1,106,10
27,2025-03-17,8.25,9,0.17,0,95,8
27,2025-03-18,6.37,9,0.25,1,99,10
27,2025-03-19,8.54,9,0.21,0,95,9
27,2025-03-20,3.64,7,0.25,1,100,9
27,2025-03-21,7.02,1,0.42,1,104,10
27,2025-03-22,6.04,1,0.31,1,104,9
27,2025-03-23,8.28,1,0.47,0,102,8
27,2025-03-24,7.0,7,0.52,1,97,9
27,2025-03-25,7.5,3,0.37,1,98,9
27,2025-03-26,6.7,9,0.21,1,96,9
27,2025-03-27,6.16,6,0.0,1,97,10
27,2025-03-28,8.83,1,0.03,0,98,9
27,2025-03-29,6.31,1,0.0,1,96,9
27,2025-03-30,6.95,6,0.03,0,98,9
27,2025-03-31,5.11,8,0.14,1,102,10
27,2025-04-01,6.73,7,0.29,0,101,9
27,2025-04-02,6.7,2,0.46,1,99,10
27,2025-04-03,5.21,9,0.7,1,98,8
27,2025-04-04,10.0,10,0.46,1,97,9
27,2025-04-05,8.11,4,0.49,1,104,10
27,2025-04-06,6.13,7,0.64,1,102,9
27,2025-04-07,7.07,9,0.63,1,97,9
27,2025-04-08,6.3,10,0.73,1,103,10
27,2025-04-09,4.7,8,0.65,0,97,9
27,2025-04-10,7.18,5,0.72,1,94,8
28,2025-01-01,5.2,3,3.42,0,93,6
28,2025-01-02,6.93,6,3.19,0,90,6
28,2025-01-03,8.42,3,3.14,0,89,7
28,2025-01-04,7.31,1,3.16,1,89,7
28,2025-01-05,6.51,9,3.01,0,91,7
28,2025-01-06,5.2,3,2.91,1,91,7
28,2025-01-07,8.88,8,2.93,1,92,7
28,2025-01-08,8.2,8,2.71,1,94,6
28,2025-01-09,5.35,3,2.65,1,94,6
28,2025-01-10,6.27,6,2.76,1,86,6
28,2025-01-11,6.98,7,2.63,1,99,8
28,2025-01-12,8.11,6,2.67,0,99,8
28,2025-01-13,6.46,3,2.58,0,92,8
28,2025-01-14,6.41,9,2.36,1,89,7
28,2025-01-15,6.0,1,2.19,0,90,8
28,2025-01-16,7.0,6,2.36,1,96,8
28,2025-01-17,6.25,3,2.5,1,97,8
28,2025-01-18,5.43,7,2.74,1,98,8
28,2025-01-19,5.63,8,2.77,0,87,6
28,2025-01-20,7.35,10,2.65,1,87,6
28,2025-01-21,6.08,1,2.79,1,95,6
28,2025-01-22,4.77,10,2.66,1,97,8
28,2025-01-23,5.4,2,2.59,1,94,6
28,2025-01-24,7.38,10,2.83,0,89,6
28,2025-01-25,7.16,5,3.0,0,95,6
28,2025-01-26,5.41,5,3.23,0,90,7
28,2025-01-27,6.96,8,3.32,0,96,7
28,2025-01-28,6.0,10,3.18,0,94,7
28,2025-01-29,3.58,2,3.18,1,97,7
28,2025-01-30,5.74,7,3.21,0,92,6
28,2025-01-31,5.81,1,3.45,0,87,6
28,2025-02-01,6.13,7,3.53,1,89,6
28,2025-02-02,5.14,9,3.67,1,86,6
28,2025-02-03,8.55,6,3.81,0,92,6
28,2025-02-04,6.65,2,3.77,0,90,5
28,2025-02-05,4.95,7,3.7,1,87,6
28,2025-02-06,7.7,7,3.5,0,91,6
28,2025-02-07,6.68,2,3.69,0,86,5
28,2025-02-08,7.54,6,3.54,0,88,6
28,2025-02-09,5.8,2,3.75,0,85,5
28,2025-02-10,5.82,7,3.92,1,95,6
28,2025-02-11,9.17,2,3.92,0,94,6
28,2025-02-12,7.69,4,3.84,0,88,5
28,2025-02-13,6.94,4,3.82,0,90,6
28,2025-02-14,8.51,1,3.98,1,94,6
28,2025-02-15,9.0,7,4.2,1,88,6
28,2025-02-16,6.31,5,4.34,0,84,5
28,2025-02-17,7.49,5,4.11,1,90,5
28,2025-02-18,5.68,9,4.28,1,93,5
28,2025-02-19,7.57,10,4.42,0,91,5
28,2025-02-20,8.8,10,4.2,0,91,5
28,2025-02-21,5.37,7,4.41,1,87,5
28,2025-02-22,6.85,5,4.56,1,85,5
28,2025-02-23,8.12,8,4.38,0,85,5
28,2025-02-24,6.2,4,4.23,1,84,4
28,2025-02-25,8.19,3,4.03,1,88,5
28,2025-02-26,6.72,5,4.16,0,91,5
28,2025-02-27,8.13,4,4.26,1,85,5
28,2025-02-28,4.57,7,4.09,1,86,6
28,2025-03-01,5.98,6,3.96,1,95,6
28,2025-03-02,6.48,3,4.09,0,90,5
28,2025-03-03,5.76,6,4.32,0,92,5
28,2025-03-04,6.19,4,4.09,0,93,6
28,2025-03-05,7.72,10,4.34,0,87,5
28,2025-03-06,7.44,3,4.38,0,91,5
28,2025-03-07,5.17,10,4.54,0,92,5
28,2025-03-08,5.01,8,4.52,0,87,4
28,2025-03-09,5.9,1,4.49,0,91,5
28,2025-03-10,4.26,2,4.53,1,90,6
28,2025-03-11,4.28,9,4.53,1,93,6
28,2025-03-12,7.62,4,4.35,1,93,5
28,2025-03-13,7.35,8,4.49,0,86,4
28,2025-03-14,6.01,9,4.27,0,91,6
28,2025-03-15,5.97,5,4.38,1,84,4
28,2025-03-16,8.73,6,4.62,1,91,6
28,2025-03-17,7.03,5,4.41,0,87,5
28,2025-03-18,4.35,4,4.2,1,87,5
28,2025-03-19,7.3,2,4.23,1,88,4
28,2025-03-20,7.44,10,3.98,1,88,6
28,2025-03-21,4.59,9,4.02,1,88,5
28,2025-03-22,9.01,5,4.01,1,89,6
28,2025-03-23,4.14,1,4.14,1,93,6
28,2025-03-24,6.15,10,4.18,1,90,6
28,2025-03-25,5.96,3,3.99,0,87,6
28,2025-03-26,6.2,7,3.92,0,86,5
28,2025-03-27,6.4,10,3.79,1,89,6
28,2025-03-28,4.02,8,3.71,1,88,5
28,2025-03-29,5.72,3,3.9,1,89,5
28,2025-03-30,6.85,8,3.84,1,92,5
28,2025-03-31,6.01,1,3.86,0,86,6
28,2025-04-01,6.19,4,3.76,1,95,7
28,2025-04-02,5.56,6,3.61,1,84,5
28,2025-04-03,6.3,5,3.6,0,92,6
28,2025-04-04,9.17,6,3.52,1,84,5
28,2025-04-05,6.17,6,3.39,0,86,6
28,2025-04-06,6.62,5,3.25,1,95,6
28,2025-04-07,4.97,4,3.22,0,88,7
28,2025-04-08,6.7,10,3.2,0,89,6
28,2025-04-09,5.75,6,3.42,0,91,6
28,2025-04-10,5.7,7,3.51,0,89,6
29,2025-01-01,4.62,9,3.81,1,75,6
29,2025-01-02,6.11,2,4.03,1,79,5
29,2025-01-03,5.27,6,4.1,1,77,4
29,2025-01-04,5.83,5,3.88,0,73,5
29,2025-01-05,8.32,9,3.7,0,81,6
29,2025-01-06,6.06,2,3.82,0,79,5
29,2025-01-07,7.21,7,3.77,0,81,6
29,2025-01-08,6.23,9,3.74,1,79,6
29,2025-01-09,4.55,9,3.91,0,76,5
29,2025-01-10,6.87,8,3.9,1,78,5
29,2025-01-11,4.67,1,3.95,1,75,6
29,2025-01-12,7.24,5,3.94,0,75,5
29,2025-01-13,8.41,2,3.72,0,82,7
29,2025-01-14,6.12,4,3.6,0,81,6
29,2025-01-15,6.96,3,3.59,1,75,6
29,2025-01-16,7.05,3,3.41,1,77,7
29,2025-01-17,6.89,8,3.31,0,79,6
29,2025-01-18,6.04,6,3.47,1,76,6
29,2025-01-19,7.71,10,3.27,0,76,5
29,2025-01-20,4.46,8,3.33,0,74,6
29,2025-01-21,5.87,1,3.29,1,84,7
29,2025-01-22,5.88,1,3.27,0,78,7
29,2025-01-23,4.63,6,3.52,0,77,6
29,2025-01-24,5.8,1,3.71,0,75,5
29,2025-01-25,6.96,2,3.96,1,80,6
29,2025-01-26,6.21,10,4.03,1,76,5
29,2025-01-27,4.87,6,4.09,1,74,6
29,2025-01-28,5.5,3,4.32,1,77,5
29,2025-01-29,6.68,5,4.33,1,81,5
29,2025-01-30,5.36,6,4.38,0,75,6
29,2025-01-31,6.15,6,4.63,1,77,4
29,2025-02-01,9.21,9,4.76,1,81,5
29,2025-02-02,5.88,6,4.7,0,79,6
29,2025-02-03,7.0,10,4.93,1,81,5
29,2025-02-04,6.82,4,4.88,0,77,4
29,2025-02-05,7.18,5,5.0,0,77,5
29,2025-02-06,7.4,8,5.0,0,74,5
29,2025-02-07,6.11,5,4.77,0,80,5
29,2025-02-08,6.45,6,4.75,0,78,5
29,2025-02-09,7.85,9,4.92,1,80,5
29,2025-02-10,7.18,6,5.0,0,71,4
29,2025-02-11,7.64,8,5.0,0,74,4
29,2025-02-12,6.91,8,4.83,1,77,5
29,2025-02-13,4.27,1,4.91,1,78,4
29,2025-02-14,5.31,4,4.79,0,72,5
29,2025-02-15,9.23,6,4.55,1,75,5
29,2025-02-16,5.78,10,4.5,0,79,4
29,2025-02-17,5.75,3,4.39,1,81,6
29,2025-02-18,7.85,2,4.14,0,76,5
29,2025-02-19,5.95,6,4.25,1,77,6
29,2025-02-20,8.95,7,4.27,1,76,5
29,2025-02-21,4.33,7,4.47,1,77,5
29,2025-02-22,5.93,10,4.66,1,73,5
29,2025-02-23,8.95,9,4.85,1,75,4
29,2025-02-24,6.6,10,4.88,1,80,5
29,2025-02-25,6.29,1,5.0,1,72,4
29,2025-02-26,5.05,2,5.0,1,73,4
29,2025-02-27,4.37,7,4.89,1,77,5
29,2025-02-28,5.01,8,5.0,1,75,5
29,2025-03-01,8.01,10,4.89,1,81,5
29,2025-03-02,5.93,6,4.67,1,78,5
29,2025-03-03,5.19,8,4.55,1,79,4
29,2025-03-04,6.94,3,4.64,0,73,5
29,2025-03-05,5.94,3,4.85,0,75,5
29,2025-03-06,7.34,3,4.63,1,82,6
29,2025-03-07,6.81,1,4.83,0,79,4
29,2025-03-08,7.68,10,4.98,1,78,4
29,2025-03-09,7.12,4,4.92,1,80,5
29,2025-03-10,6.99,4,4.7,0,74,5
29,2025-03-11,3.68,4,4.73,0,77,4
29,2025-03-12,7.7,6,4.63,1,83,6
29,2025-03-13,6.46,7,4.39,0,76,5
29,2025-03-14,6.55,9,4.52,1,76,6
29,2025-03-15,7.87,1,4.68,1,81,6
29,2025-03-16,9.57,7,4.72,0,79,5
29,2025-03-17,4.73,9,4.73,1,74,4
29,2025-03-18,6.79,10,4.93,0,75,4
29,2025-03-19,5.42,4,5.0,1,73,5
29,2025-03-20,6.5,8,5.0,1,75,4
29,2025-03-21,7.69,10,4.96,0,74,5
29,2025-03-22,3.61,9,5.0,0,81,5
29,2025-03-23,6.13,10,5.0,1,72,4
29,2025-03-24,7.36,7,4.76,1,77,5
29,2025-03-25,6.58,9,4.9,0,72,5
29,2025-03-26,6.04,5,4.82,1,79,4
29,2025-03-27,9.07,6,4.81,0,72,5
29,2025-03-28,5.29,8,4.86,0,77,5
29,2025-03-29,7.38,3,5.0,1,74,4
29,2025-03-30,7.63,3,4.9,0,79,5
29,2025-03-31,8.47,10,4.85,0,75,5
29,2025-04-01,7.5,10,4.65,1,79,4
29,2025-04-02,7.46,4,4.86,1,75,4
29,2025-04-03,6.67,1,4.76,0,74,5
29,2025-04-04,5.89,5,4.91,1,73,4
29,2025-04-05,7.49,5,4.77,1,75,5
29,2025-04-06,4.13,1,4.53,0,75,5
29,2025-04-07,5.98,3,4.46,1,76,6
29,2025-04-08,6.94,10,4.39,0,79,4
29,2025-04-09,8.23,2,4.4,1,81,6
29,2025-04-10,5.52,2,4.31,1,72,5
30,2025-01-01,6.24,8,2.78,0,90,7
30,2025-01-02,5.43,6,2.55,0,84,7
30,2025-01-03,6.79,6,2.73,1,87,7
30,2025-01-04,3.55,6,2.9,1,81,6
30,2025-01-05,4.02,4,2.75,0,84,7
30,2025-01-06,6.16,9,2.88,1,82,7
30,2025-01-07,6.26,1,3.1,0,87,7
30,2025-01-08,7.2,10,2.91,1,81,6
30,2025-01-09,6.84,4,2.73,0,88,8
30,2025-01-10,7.21,2,2.74,1,83,7
30,2025-01-11,6.24,6,2.97,0,91,7
30,2025-01-12,7.15,3,2.9,1,89,7
30,2025-01-13,7.19,2,2.97,0,82,6
30,2025-01-14,7.27,6,3.16,0,85,6
30,2025-01-15,6.23,6,3.29,1,84,6
30,2025-01-16,5.98,10,3.25,0,85,7
30,2025-01-17,5.86,6,3.15,1,83,6
30,2025-01-18,5.97,4,3.4,0,88,6
30,2025-01-19,6.5,4,3.23,0,85,7
30,2025-01-20,6.2,10,3.07,1,80,6
30,2025-01-21,6.48,7,2.94,1,84,7
30,2025-01-22,5.93,6,2.87,0,82,7
30,2025-01-23,6.88,8,2.75,0,90,7
30,2025-01-24,5.75,2,2.87,0,87,6
30,2025-01-25,6.9,8,2.68,1,84,6
30,2025-01-26,4.39,2,2.81,0,92,8
30,2025-01-27,6.42,5,2.59,0,86,6
30,2025-01-28,5.23,10,2.67,0,84,8
30,2025-01-29,5.77,10,2.51,1,84,6
30,2025-01-30,8.28,7,2.72,1,83,6
30,2025-01-31,8.26,6,2.81,0,88,7
30,2025-02-01,6.15,8,2.68,0,81,6
30,2025-02-02,5.7,6,2.86,0,89,7
30,2025-02-03,6.86,10,3.06,0,84,6
30,2025-02-04,6.85,3,3.11,1,84,7
30,2025-02-05,9.94,1,2.89,0,81,6
30,2025-02-06,3.42,7,2.67,1,84,6
30,2025-02-07,6.83,8,2.81,0,90,7
30,2025-02-08,5.11,9,2.92,0,89,7
30,2025-02-09,5.01,7,2.93,0,89,7
30,2025-02-10,6.16,4,2.72,0,85,7
30,2025-02-11,5.87,1,2.88,1,84,7
30,2025-02-12,5.31,4,2.75,0,87,6
30,2025-02-13,6.08,5,2.54,0,85,8
30,2025-02-14,8.61,10,2.44,1,85,6
30,2025-02-15,6.59,3,2.58,0,86,7
30,2025-02-16,4.7,7,2.48,1,86,8
30,2025-02-17,6.53,3,2.39,0,82,7
30,2025-02-18,6.98,5,2.25,1,87,8
30,2025-02-19,5.72,10,2.07,1,83,7
30,2025-02-20,7.45,6,2.18,0,82,7
30,2025-02-21,6.98,5,2.43,0,83,6
30,2025-02-22,6.32,5,2.29,0,84,8
30,2025-02-23,6.43,4,2.26,0,91,7
30,2025-02-24,6.08,1,2.1,1,91,8
30,2025-02-25,7.24,6,2.2,0,87,6
30,2025-02-26,8.2,8,2.34,1,84,8
30,2025-02-27,8.16,3,2.45,1,89,8
30,2025-02-28,8.01,1,2.69,0,87,6
30,2025-03-01,6.81,5,2.59,0,83,7
30,2025-03-02,6.31,3,2.54,0,85,7
30,2025-03-03,6.27,5,2.58,1,88,6
30,2025-03-04,7.6,2,2.43,1,82,7
30,2025-03-05,6.76,3,2.35,0,88,6
30,2025-03-06,6.44,2,2.19,0,90,7
30,2025-03-07,5.71,5,2.37,1,86,7
30,2025-03-08,7.29,1,2.39,1,86,7
30,2025-03-09,5.88,6,2.52,1,88,6
30,2025-03-10,6.21,3,2.66,0,80,6
30,2025-03-11,4.82,2,2.8,0,90,7
30,2025-03-12,5.81,5,2.65,1,86,7
30,2025-03-13,9.55,9,2.9,0,86,6
30,2025-03-14,6.72,4,3.1,1,83,6
30,2025-03-15,6.01,4,3.05,1,80,6
30,2025-03-16,7.57,8,3.1,0,84,6
30,2025-03-17,4.94,3,3.28,0,88,7
30,2025-03-18,3.48,6,3.38,1,78,5
30,2025-03-19,6.43,4,3.31,0,86,6
30,2025-03-20,6.9,10,3.51,0,91,7
30,2025-03-21,8.53,2,3.37,1,87,6
30,2025-03-22,7.72,10,3.54,0,80,6
30,2025-03-23,6.49,5,3.51,0,86,7
30,2025-03-24,6.33,5,3.48,1,86,7
30,2025-03-25,5.58,6,3.32,0,87,7
30,2025-03-26,5.83,1,3.18,1,84,7
30,2025-03-27,6.53,2,3.38,0,87,6
30,2025-03-28,7.29,5,3.24,0,82,6
30,2025-03-29,8.21,3,3.4,0,87,5
30,2025-03-30,8.55,1,3.46,0,89,6
30,2025-03-31,5.6,9,3.44,1,89,7
30,2025-04-01,5.52,1,3.68,0,78,5
30,2025-04-02,6.49,9,3.8,1,84,6
30,2025-04-03,4.14,5,3.59,1,91,7
30,2025-04-04,5.77,7,3.53,0,81,5
30,2025-04-05,7.38,10,3.66,0,85,7
30,2025-04-06,4.05,10,3.63,0,84,7
30,2025-04-07,4.84,6,3.48,0,86,6
30,2025-04-08,7.79,7,3.38,1,88,7
30,2025-04-09,4.71,4,3.21,1,82,6
30,2025-04-10,5.86,7,3.22,0,86,7
31,2025-01-01,7.28,7,2.92,0,87,7
31,2025-01-02,6.29,1,2.81,1,79,6
31,2025-01-03,6.98,5,2.93,1,89,7
31,2025-01-04,6.53,1,3.11,0,83,7
31,2025-01-05,5.23,5,2.92,0,80,7
31,2025-01-06,6.51,7,2.8,0,80,7
31,2025-01-07,3.53,9,2.78,1,83,7
31,2025-01-08,6.83,6,2.55,1,81,7
31,2025-01-09,8.11,3,2.57,1,84,7
31,2025-01-10,5.12,5,2.65,0,81,7
31,2025-01-11,3.9,4,2.47,1,83,6
31,2025-01-12,6.4,1,2.45,0,91,8
31,2025-01-13,6.23,6,2.6,0,83,7
31,2025-01-14,5.63,1,2.65,1,85,6
31,2025-01-15,6.48,10,2.52,0,86,6
31,2025-01-16,3.97,3,2.29,0,87,7
31,2025-01-17,6.96,8,2.2,0,87,8
31,2025-01-18,6.42,7,2.44,0,80,6
31,2025-01-19,7.25,4,2.57,0,82,7
31,2025-01-20,7.05,10,2.46,0,83,7
31,2025-01-21,8.44,2,2.22,1,82,6
31,2025-01-22,6.64,3,2.1,1,91,8
31,2025-01-23,8.96,8,2.16,0,78,6
31,2025-01-24,6.35,7,2.36,1,78,6
31,2025-01-25,8.18,3,2.31,0,82,6
31,2025-01-26,4.59,4,2.25,1,86,7
31,2025-01-27,4.73,8,2.08,0,90,8
31,2025-01-28,5.21,4,2.05,1,89,8
31,2025-01-29,5.86,5,2.03,1,85,8
31,2025-01-30,4.7,2,2.1,1,85,8
31,2025-01-31,5.79,5,2.11,0,84,8
31,2025-02-01,6.84,3,1.93,1,90,8
31,2025-02-02,8.15,8,1.91,1,89,8
31,2025-02-03,3.75,6,1.9,1,86,7
31,2025-02-04,7.81,1,1.83,1,88,8
31,2025-02-05,8.98,6,1.68,1,87,7
31,2025-02-06,6.55,3,1.86,0,86,8
31,2025-02-07,7.27,3,1.94,0,86,8
31,2025-02-08,6.91,3,1.99,1,86,7
31,2025-02-09,6.76,7,1.91,1,91,8
31,2025-02-10,7.03,6,1.75,1,85,7
31,2025-02-11,7.85,1,1.76,0,87,7
31,2025-02-12,6.89,7,1.69,0,88,8
31,2025-02-13,6.77,5,1.51,0,89,9
31,2025-02-14,7.45,7,1.3,1,81,7
31,2025-02-15,8.0,4,1.33,0,89,7
31,2025-02-16,7.67,10,1.22,1,85,9
31,2025-02-17,7.58,10,1.0,1,84,9
31,2025-02-18,6.75,7,0.84,1,88,9
31,2025-02-19,5.89,2,0.74,1,88,9
31,2025-02-20,7.07,2,0.66,1,88,9
31,2025-02-21,7.54,7,0.81,1,86,8
31,2025-02-22,8.07,5,0.93,0,82,8
31,2025-02-23,6.39,6,1.08,1,87,9
31,2025-02-24,4.34,7,1.28,1,84,7
31,2025-02-25,6.31,8,1.41,0,90,9
31,2025-02-26,6.65,6,1.58,1,91,8
31,2025-02-27,7.16,6,1.35,0,86,9
31,2025-02-28,5.56,1,1.45,1,86,7
31,2025-03-01,6.01,3,1.32,1,84,9
31,2025-03-02,5.77,7,1.32,1,82,7
31,2025-03-03,7.22,2,1.47,1,85,8
31,2025-03-04,7.38,5,1.41,1,90,9
31,2025-03-05,5.71,3,1.18,0,85,9
31,2025-03-06,4.33,6,1.3,1,87,8
31,2025-03-07,5.83,7,1.27,1,89,8
31,2025-03-08,5.69,3,1.37,0,87,7
31,2025-03-09,3.72,5,1.45,0,86,9
31,2025-03-10,7.23,9,1.42,1,92,9
31,2025-03-11,6.95,4,1.28,0,85,7
31,2025-03-12,5.89,5,1.33,0,90,8
31,2025-03-13,6.26,10,1.14,1,93,9
31,2025-03-14,7.62,3,0.91,1,85,9
31,2025-03-15,8.71,9,0.78,1,85,9
31,2025-03-16,6.12,6,0.74,0,85,9
31,2025-03-17,6.76,7,0.75,1,92,9
31,2025-03-18,6.96,2,0.54,0,93,10
31,2025-03-19,6.2,6,0.68,1,84,8
31,2025-03-20,6.91,7,0.9,0,92,9
31,2025-03-21,4.96,2,0.87,1,85,8
31,2025-03-22,5.98,5,0.75,0,89,9
31,2025-03-23,5.44,4,0.62,1,85,9
31,2025-03-24,5.37,4,0.38,1,92,9
31,2025-03-25,8.36,6,0.46,0,87,10
31,2025-03-26,7.26,7,0.66,1,82,8
31,2025-03-27,5.41,7,0.53,0,89,8
31,2025-03-28,7.14,3,0.55,1,88,9
31,2025-03-29,5.38,5,0.69,0,90,8
31,2025-03-30,7.16,10,0.55,0,84,8
31,2025-03-31,7.59,10,0.72,0,87,8
31,2025-04-01,6.99,3,0.79,0,92,9
31,2025-04-02,7.78,6,0.71,1,90,8
31,2025-04-03,5.48,10,0.65,0,85,9
31,2025-04-04,6.44,6,0.86,0,85,9
31,2025-04-05,7.07,10,0.82,0,90,9
31,2025-04-06,6.01,8,0.83,1,92,9
31,2025-04-07,5.73,7,0.7,1,88,8
31,2025-04-08,7.82,3,0.49,1,85,8
31,2025-04-09,7.29,5,0.56,0,85,9
31,2025-04-10,5.33,3,0.4,0,85,9
32,2025-01-01,5.6,4,4.04,0,90,5
32,2025-01-02,6.89,10,3.81,1,95,5
32,2025-01-03,6.24,1,3.89,1,94,6
32,2025-01-04,6.12,5,3.9,0,93,6
32,2025-01-05,8.19,9,3.71,1,92,5
32,2025-01-06,4.5,2,3.95,1,100,6
32,2025-01-07,8.42,10,3.86,1,92,5
32,2025-01-08,3.09,3,3.99,1,95,6
32,2025-01-09,6.91,9,3.85,1,98,5
32,2025-01-10,4.46,5,3.7,1,97,6
32,2025-01-11,6.71,10,3.61,1,93,6
32,2025-01-12,4.8,4,3.49,0,97,5
32,2025-01-13,6.52,7,3.45,0,93,5
32,2025-01-14,6.07,9,3.48,0,94,7
32,2025-01-15,5.57,9,3.46,1,95,6
32,2025-01-16,7.38,2,3.36,0,96,5
32,2025-01-17,7.03,7,3.49,0,92,6
32,2025-01-18,6.35,10,3.54,0,97,5
32,2025-01-19,5.69,2,3.37,0,96,5
32,2025-01-20,5.44,2,3.4,1,99,7
32,2025-01-21,6.61,5,3.39,0,97,7
32,2025-01-22,7.45,9,3.32,0,93,6
32,2025-01-23,6.45,9,3.25,0,97,7
32,2025-01-24,5.63,2,3.12,1,102,7
32,2025-01-25,7.93,3,3.35,1,96,6
32,2025-01-26,7.31,7,3.44,0,92,5
32,2025-01-27,7.42,8,3.5,0,103,7
32,2025-01-28,8.99,5,3.39,0,97,6
32,2025-01-29,4.74,2,3.45,1,95,6
32,2025-01-30,3.36,5,3.38,0,94,6
32,2025-01-31,5.75,1,3.42,1,98,5
32,2025-02-01,5.82,9,3.46,0,95,7
32,2025-02-02,6.51,10,3.65,1,95,5
32,2025-02-03,6.86,6,3.43,0,93,6
32,2025-02-04,7.37,3,3.52,0,92,6
32,2025-02-05,8.45,5,3.65,1,97,6
32,2025-02-06,6.6,1,3.44,1,98,6
32,2025-02-07,4.8,8,3.26,1,95,6
32,2025-02-08,7.49,8,3.02,1,97,7
32,2025-02-09,7.03,2,2.88,1,101,6
32,2025-02-10,6.81,7,3.06,0,100,7
32,2025-02-11,7.01,9,3.15,1,103,7
32,2025-02-12,6.36,4,3.0,1,92,6
32,2025-02-13,6.25,2,2.94,1,94,6
32,2025-02-14,6.12,5,2.99,0,100,6
32,2025-02-15,7.24,8,2.96,0,100,6
32,2025-02-16,8.2,10,3.1,0,98,6
32,2025-02-17,5.92,4,3.33,0,101,6
32,2025-02-18,6.12,10,3.39,1,93,6
32,2025-02-19,4.15,2,3.54,1,95,7
32,2025-02-20,8.16,6,3.31,1,96,6
32,2025-02-21,6.5,3,3.08,1,94,7
32,2025-02-22,6.45,4,2.95,1,98,6
32,2025-02-23,4.97,1,2.92,0,93,6
32,2025-02-24,6.99,7,3.06,1,94,6
32,2025-02-25,5.67,4,3.1,1,100,7
32,2025-02-26,5.47,6,3.21,0,95,7
32,2025-02-27,8.36,5,3.15,1,100,6
32,2025-02-28,6.83,2,3.31,1,103,7
32,2025-03-01,7.59,9,3.44,0,96,7
32,2025-03-02,5.58,6,3.53,0,98,6
32,2025-03-03,5.41,10,3.39,0,91,5
32,2025-03-04,7.08,7,3.45,1,90,5
32,2025-03-05,4.57,5,3.64,1,100,6
32,2025-03-06,6.01,8,3.55,0,102,7
32,2025-03-07,5.47,7,3.5,1,94,5
32,2025-03-08,5.97,1,3.45,1,93,6
32,2025-03-09,8.29,8,3.25,0,97,6
32,2025-03-10,7.25,5,3.05,0,102,7
32,2025-03-11,6.37,6,3.04,1,99,7
32,2025-03-12,7.64,2,2.92,1,98,6
32,2025-03-13,7.55,9,2.94,0,93,6
32,2025-03-14,6.04,6,3.19,1,99,6
32,2025-03-15,9.54,9,3.02,1,98,7
32,2025-03-16,3.67,1,2.9,1,97,6
32,2025-03-17,7.25,8,2.78,0,98,7
32,2025-03-18,7.36,10,2.75,1,96,6
32,2025-03-19,8.31,10,2.63,0,93,6
32,2025-03-20,7.66,4,2.76,0,99,6
32,2025-03-21,7.39,7,2.74,1,98,7
32,2025-03-22,6.93,7,2.82,0,103,7
32,2025-03-23,7.78,9,2.83,0,98,7
32,2025-03-24,6.09,3,2.67,1,97,8
32,2025-03-25,5.59,8,2.62,1,99,7
32,2025-03-26,6.66,8,2.85,0,100,7
32,2025-03-27,5.4,3,2.65,1,98,8
32,2025-03-28,6.38,2,2.44,1,103,7
32,2025-03-29,5.1,2,2.41,0,100,7
32,2025-03-30,5.9,9,2.2,1,98,7
32,2025-03-31,6.83,3,2.12,1,100,7
32,2025-04-01,4.15,10,2.16,0,96,7
32,2025-04-02,6.05,8,2.4,0,101,8
32,2025-04-03,5.83,7,2.51,1,102,7
32,2025-04-04,6.03,4,2.59,0,94,7
32,2025-04-05,5.95,3,2.74,1,96,7
32,2025-04-06,7.09,3,2.76,1,95,7
32,2025-04-07,6.38,1,2.69,0,101,7
32,2025-04-08,6.65,4,2.65,1,102,7
32,2025-04-09,6.63,7,2.81,1,98,7
32,2025-04-10,5.85,7,3.05,0,101,6
33,2025-01-01,7.12,2,2.49,1,78,7
33,2025-01-02,6.43,8,2.63,1,81,7
33,2025-01-03,6.83,1,2.77,1,81,8
33,2025-01-04,4.27,9,2.66,0,76,7
33,2025-01-05,5.71,3,2.7,1,82,7
33,2025-01-06,7.68,10,2.55,0,83,6
33,2025-01-07,4.84,10,2.77,0,79,7
33,2025-01-08,6.63,10,2.62,0,82,8
33,2025-01-09,5.47,2,2.83,0,83,7
33,2025-01-10,7.46,2,2.75,0,81,6
33,2025-01-11,4.73,4,2.95,1,82,6
33,2025-01-12,6.04,7,2.83,0,78,7
33,2025-01-13,3.67,10,2.8,0,75,6
33,2025-01-14,7.13,8,2.66,0,85,7
33,2025-01-15,5.19,8,2.52,1,74,6
33,2025-01-16,6.09,1,2.34,1,77,7
33,2025-01-17,5.72,7,2.13,1,84,7
33,2025-01-18,7.73,9,2.15,0,86,8
33,2025-01-19,4.08,4,1.91,1,80,8
33,2025-01-20,5.34,7,1.89,1,83,7
33,2025-01-21,4.66,9,1.87,1,76,7
33,2025-01-22,7.39,2,1.81,0,82,7
33,2025-01-23,6.47,9,1.95,0,87,8
33,2025-01-24,5.76,2,2.11,1,80,7
33,2025-01-25,7.67,6,2.02,1,85,8
33,2025-01-26,5.5,5,2.23,1,82,8
33,2025-01-27,6.46,6,2.41,0,78,7
33,2025-01-28,6.04,4,2.25,1,76,7
33,2025-01-29,5.41,6,2.07,1,83,8
33,2025-01-30,8.12,9,2.17,1,87,8
33,2025-01-31,7.94,6,2.42,0,82,8
33,2025-02-01,5.38,9,2.64,1,86,8
33,2025-02-02,6.45,10,2.72,0,80,7
33,2025-02-03,4.62,2,2.97,1,85,7
33,2025-02-04,8.16,2,2.79,0,77,7
33,2025-02-05,7.6,9,2.66,1,84,7
33,2025-02-06,7.22,1,2.89,0,85,7
33,2025-02-07,6.85,8,3.01,1,80,7
33,2025-02-08,6.3,5,3.1,0,82,7
33,2025-02-09,7.95,10,2.91,1,78,7
33,2025-02-10,5.97,4,2.78,1,75,6
33,2025-02-11,5.93,10,2.58,0,75,6
33,2025-02-12,2.91,6,2.57,0,83,6
33,2025-02-13,8.44,5,2.76,1,78,7
33,2025-02-14,6.07,3,2.83,1,78,7
33,2025-02-15,5.97,1,2.93,0,85,7
33,2025-02-16,6.13,2,2.81,1,78,6
33,2025-02-17,8.1,7,2.67,0,78,8
33,2025-02-18,7.55,1,2.79,1,79,7
33,2025-02-19,5.77,6,2.56,1,78,8
33,2025-02-20,6.76,8,2.53,0,79,8
33,2025-02-21,6.53,7,2.63,1,80,6
33,2025-02-22,5.73,9,2.73,1,83,8
33,2025-02-23,10.0,2,2.6,1,77,7
33,2025-02-24,6.09,8,2.56,1,81,7
33,2025-02-25,4.78,3,2.79,1,76,6
33,2025-02-26,6.32,3,2.85,0,78,6
33,2025-02-27,7.24,8,3.04,0,80,6
33,2025-02-28,3.44,6,3.14,1,82,7
33,2025-03-01,7.73,4,3.1,0,77,6
33,2025-03-02,5.77,5,3.02,1,74,6
33,2025-03-03,7.04,5,2.99,0,82,6
33,2025-03-04,7.7,4,3.05,0,79,7
33,2025-03-05,5.62,4,3.04,0,78,6
33,2025-03-06,8.98,3,3.21,0,81,6
33,2025-03-07,7.11,9,3.0,1,76,6
33,2025-03-08,4.87,5,2.75,1,74,6
33,2025-03-09,6.48,6,2.53,0,81,7
33,2025-03-10,5.79,4,2.37,1,78,7
33,2025-03-11,6.44,4,2.26,1,83,7
33,2025-03-12,7.44,5,2.4,0,74,6
33,2025-03-13,8.17,7,2.46,0,79,7
33,2025-03-14,5.75,6,2.69,0,87,8
33,2025-03-15,6.2,1,2.85,1,83,7
33,2025-03-16,6.93,7,2.65,1,85,7
33,2025-03-17,5.54,10,2.41,0,85,7
33,2025-03-18,6.78,4,2.36,0,77,6
33,2025-03-19,8.72,5,2.42,1,76,7
33,2025-03-20,7.79,8,2.29,0,79,7
33,2025-03-21,6.02,4,2.1,0,79,7
33,2025-03-22,5.66,9,2.13,1,79,8
33,2025-03-23,4.71,6,1.94,1,79,8
33,2025-03-24,6.79,6,2.0,0,85,8
33,2025-03-25,7.41,3,2.23,0,82,8
33,2025-03-26,6.24,3,2.24,1,81,7
33,2025-03-27,5.82,3,2.07,0,81,7
33,2025-03-28,6.46,8,2.0,1,82,7
33,2025-03-29,8.21,4,2.01,0,85,7
33,2025-03-30,7.58,5,2.07,1,82,7
33,2025-03-31,6.67,1,2.16,0,74,6
33,2025-04-01,5.48,2,2.35,0,80,6
33,2025-04-02,4.89,2,2.54,0,79,7
33,2025-04-03,7.65,3,2.75,0,80,7
33,2025-04-04,6.85,4,2.63,0,78,7
33,2025-04-05,4.51,6,2.87,1,85,7
33,2025-04-06,6.17,3,2.7,0,79,7
33,2025-04-07,6.41,10,2.45,0,86,8
33,2025-04-08,2.53,9,2.32,1,82,8
33,2025-04-09,6.5,7,2.53,1,74,6
33,2025-04-10,7.84,10,2.74,1,81,6
34,2025-01-01,7.05,10,2.59,0,92,6
34,2025-01-02,7.94,6,2.36,0,90,7
34,2025-01-03,7.02,2,2.38,1,93,7
34,2025-01-04,7.12,3,2.2,0,96,7
34,2025-01-05,6.38,8,2.33,1,92,7
34,2025-01-06,9.37,3,2.4,1,91,7
34,2025-01-07,6.38,10,2.44,0,98,8
34,2025-01-08,6.62,3,2.24,1,96,8
34,2025-01-09,7.62,5,2.21,1,96,7
34,2025-01-10,6.8,3,2.06,0,99,7
34,2025-01-11,5.97,5,1.98,0,96,8
34,2025-01-12,6.65,6,2.12,1,92,8
34,2025-01-13,6.51,5,2.03,0,97,7
34,2025-01-14,7.82,5,1.96,1,92,7
34,2025-01-15,6.21,8,1.91,0,97,7
34,2025-01-16,5.98,1,1.92,0,101,8
34,2025-01-17,6.42,9,1.71,1,91,7
34,2025-01-18,6.1,9,1.85,1,92,7
34,2025-01-19,7.39,6,1.83,0,92,8
34,2025-01-20,7.34,2,1.84,1,95,7
34,2025-01-21,6.97,6,1.97,1,97,8
34,2025-01-22,7.98,10,1.84,1,92,8
34,2025-01-23,5.77,3,1.61,1,101,8
34,2025-01-24,7.0,9,1.45,0,92,8
34,2025-01-25,5.7,5,1.57,1,99,8
34,2025-01-26,5.65,5,1.8,0,102,9
34,2025-01-27,7.13,8,1.97,1,93,8
34,2025-01-28,7.24,6,1.95,0,90,7
34,2025-01-29,6.44,2,1.82,0,101,8
34,2025-01-30,6.04,10,1.86,0,93,7
34,2025-01-31,6.81,6,1.74,1,93,8
34,2025-02-01,7.74,7,1.96,0,92,7
34,2025-02-02,6.92,7,1.8,0,91,7
34,2025-02-03,7.44,8,1.76,0,93,8
34,2025-02-04,7.27,2,1.72,0,98,8
34,2025-02-05,5.15,3,1.6,1,95,9
34,2025-02-06,5.02,1,1.43,0,94,8
34,2025-02-07,7.59,10,1.26,0,92,7
34,2025-02-08,5.52,5,1.12,1,98,8
34,2025-02-09,5.36,3,0.87,0,100,9
34,2025-02-10,6.97,7,0.9,0,101,9
34,2025-02-11,5.38,9,1.05,1,102,9
34,2025-02-12,4.78,5,1.13,0,99,9
34,2025-02-13,5.78,3,1.08,0,101,8
34,2025-02-14,6.49,8,1.07,0,92,8
34,2025-02-15,6.19,10,1.06,0,101,9
34,2025-02-16,5.47,5,0.82,0,101,9
34,2025-02-17,6.0,5,0.83,0,98,9
34,2025-02-18,5.64,5,0.59,1,103,10
34,2025-02-19,6.59,3,0.8,0,100,8
34,2025-02-20,8.03,4,0.66,0,95,8
34,2025-02-21,5.4,7,0.81,1,96,8
34,2025-02-22,6.24,2,1.06,1,100,9
34,2025-02-23,4.94,3,1.28,0,99,8
34,2025-02-24,7.4,1,1.26,0,96,8
34,2025-02-25,7.57,10,1.37,1,93,8
34,2025-02-26,7.52,1,1.4,1,92,8
34,2025-02-27,8.19,7,1.25,0,97,7
34,2025-02-28,6.58,9,1.21,0,99,9
34,2025-03-01,5.93,3,1.44,1,94,7
34,2025-03-02,7.61,4,1.52,1,95,8
34,2025-03-03,8.36,9,1.28,1,102,9
34,2025-03-04,7.93,3,1.31,0,102,9
34,2025-03-05,6.54,5,1.52,1,97,8
34,2025-03-06,5.36,10,1.34,0,96,8
34,2025-03-07,5.4,5,1.54,0,98,7
34,2025-03-08,7.79,4,1.66,1,101,8
34,2025-03-09,6.32,8,1.47,1,103,9
34,2025-03-10,6.45,8,1.38,1,100,8
34,2025-03-11,6.88,6,1.53,1,99,9
34,2025-03-12,5.28,3,1.58,1,95,7
34,2025-03-13,6.62,3,1.62,0,95,7
34,2025-03-14,6.77,10,1.83,0,100,8
34,2025-03-15,7.71,5,1.69,0,98,7
34,2025-03-16,3.76,10,1.83,0,100,9
34,2025-03-17,6.53,5,1.76,1,98,7
34,2025-03-18,6.47,1,1.87,0,93,7
34,2025-03-19,6.02,7,1.98,0,95,8
34,2025-03-20,7.87,2,2.07,0,92,7
34,2025-03-21,6.36,10,1.89,1,93,8
34,2025-03-22,6.88,4,1.77,1,93,7
34,2025-03-23,7.27,10,1.7,0,91,7
34,2025-03-24,7.18,6,1.71,1,98,8
34,2025-03-25,7.14,3,1.96,1,94,8
34,2025-03-26,7.16,8,2.21,1,89,6
34,2025-03-27,6.93,3,2.02,1,101,8
34,2025-03-28,8.21,3,2.26,0,93,8
34,2025-03-29,6.18,3,2.2,0,97,7
34,2025-03-30,6.69,5,2.03,0,90,7
34,2025-03-31,4.82,2,2.19,0,96,6
34,2025-04-01,6.29,4,1.94,1,98,7
34,2025-04-02,6.69,9,2.09,1,100,8
34,2025-04-03,7.62,7,1.88,1,101,9
34,2025-04-04,3.39,7,2.04,1,99,7
34,2025-04-05,7.1,4,2.13,1,93,8
34,2025-04-06,5.06,8,2.07,0,92,8
34,2025-04-07,5.22,2,2.07,1,99,8
34,2025-04-08,4.14,1,2.07,1,93,8
34,2025-04-09,8.13,5,2.27,1,96,8
34,2025-04-10,6.85,6,2.06,0,95,8
35,2025-01-01,7.45,6,3.95,0,82,5
35,2025-01-02,7.6,4,4.0,1,85,5
35,2025-01-03,7.83,4,4.22,1,85,5
35,2025-01-04,5.97,2,3.99,1,89,6
35,2025-01-05,4.72,10,3.94,0,90,7
35,2025-01-06,5.32,2,3.75,1,85,7
35,2025-01-07,6.72,5,3.89,0,88,5
35,2025-01-08,7.37,9,3.77,0,85,5
35,2025-01-09,8.77,4,3.99,0,83,5
35,2025-01-10,4.77,1,4.21,1,89,6
35,2025-01-11,7.05,2,4.01,1,86,6
35,2025-01-12,6.93,9,3.79,1,90,7
35,2025-01-13,7.37,3,3.6,1,90,6
35,2025-01-14,7.69,3,3.58,1,86,6
35,2025-01-15,6.8,3,3.64,0,84,5
35,2025-01-16,6.52,8,3.73,0,82,5
35,2025-01-17,4.52,3,3.7,0,83,6
35,2025-01-18,6.28,6,3.72,1,83,5
35,2025-01-19,5.84,1,3.48,1,89,6
35,2025-01-20,7.24,6,3.56,1,89,6
35,2025-01-21,5.86,1,3.42,0,87,5
35,2025-01-22,6.06,7,3.2,1,84,6
35,2025-01-23,7.12,9,2.98,1,90,7
35,2025-01-24,4.14,4,2.78,1,85,6
35,2025-01-25,5.73,5,2.69,1,88,6
35,2025-01-26,7.22,9,2.81,0,83,6
35,2025-01-27,8.14,6,2.86,1,90,6
35,2025-01-28,4.4,9,3.06,0,89,6
35,2025-01-29,4.86,9,2.97,0,92,7
35,2025-01-30,5.97,5,2.79,1,89,6
35,2025-01-31,5.97,6,2.92,1,85,7
35,2025-02-01,7.36,2,2.95,1,88,7
35,2025-02-02,6.59,2,3.18,1,88,7
35,2025-02-03,7.8,6,3.21,1,83,5
35,2025-02-04,5.88,10,3.13,0,84,6
35,2025-02-05,6.96,8,2.93,1,88,6
35,2025-02-06,4.9,5,2.98,0,91,6
35,2025-02-07,5.65,5,3.2,1,89,6
35,2025-02-08,7.1,2,3.16,1,88,7
35,2025-02-09,7.81,10,3.06,0,93,7
35,2025-02-10,5.6,3,3.04,0,86,7
35,2025-02-11,6.46,5,2.87,0,88,7
35,2025-02-12,9.03,8,2.82,0,87,7
35,2025-02-13,5.9,9,2.95,0,84,6
35,2025-02-14,6.98,7,2.76,0,89,6
35,2025-02-15,7.24,1,2.65,0,90,7
35,2025-02-16,5.94,5,2.74,1,85,7
35,2025-02-17,5.67,3,2.84,0,82,6
35,2025-02-18,5.48,6,2.92,0,84,7
35,2025-02-19,6.2,10,2.83,1,84,7
35,2025-02-20,4.07,1,2.75,0,88,7
35,2025-02-21,6.92,3,2.89,0,83,6
35,2025-02-22,6.99,9,2.8,0,84,7
35,2025-02-23,8.71,9,3.03,0,88,7
35,2025-02-24,9.15,7,3.16,0,84,6
35,2025-02-25,7.05,10,3.29,1,90,7
35,2025-02-26,6.65,10,3.05,0,88,7
35,2025-02-27,5.83,4,2.81,1,86,6
35,2025-02-28,7.93,8,3.03,0,90,6
35,2025-03-01,9.04,9,2.85,0,87,7
35,2025-03-02,6.2,7,2.64,0,84,7
35,2025-03-03,6.35,2,2.88,0,84,7
35,2025-03-04,7.0,10,3.1,1,89,7
35,2025-03-05,7.17,5,2.93,1,90,6
35,2025-03-06,4.94,4,2.77,0,87,7
35,2025-03-07,4.41,5,2.77,1,92,7
35,2025-03-08,6.28,10,3.0,0,90,6
35,2025-03-09,6.65,1,3.11,0,90,6
35,2025-03-10,6.09,6,3.02,0,89,7
35,2025-03-11,7.12,7,2.94,1,90,6
35,2025-03-12,5.77,8,2.99,1,93,7
35,2025-03-13,5.82,5,2.82,0,89,7
35,2025-03-14,5.49,10,2.8,1,87,7
35,2025-03-15,7.04,6,3.01,1,86,7
35,2025-03-16,6.93,1,3.25,1,83,6
35,2025-03-17,6.12,2,3.3,1,85,7
35,2025-03-18,6.76,4,3.33,0,87,5
35,2025-03-19,6.82,10,3.34,1,90,7
35,2025-03-20,6.48,3,3.51,1,83,5
35,2025-03-21,5.99,3,3.37,1,84,7
35,2025-03-22,5.15,10,3.16,0,86,6
35,2025-03-23,7.3,8,3.21,1,89,7
35,2025-03-24,5.73,1,3.18,0,82,6
35,2025-03-25,6.85,4,2.96,0,87,7
35,2025-03-26,7.34,7,2.84,0,84,6
35,2025-03-27,7.94,2,2.93,0,93,7
35,2025-03-28,4.67,7,3.16,1,85,5
35,2025-03-29,6.72,1,2.91,0,86,6
35,2025-03-30,7.38,5,2.79,0,84,7
35,2025-03-31,4.3,4,2.88,1,88,6
35,2025-04-01,6.26,10,2.95,1,83,6
35,2025-04-02,8.4,6,2.78,0,88,6
35,2025-04-03,6.41,10,2.84,0,89,6
35,2025-04-04,5.29,3,2.61,1,84,6
35,2025-04-05,5.73,1,2.77,0,90,6
35,2025-04-06,4.19,1,2.97,0,87,7
35,2025-04-07,4.86,10,2.96,0,84,7
35,2025-04-08,5.56,2,2.71,0,86,7
35,2025-04-09,5.15,3,2.66,1,91,8
35,2025-04-10,6.87,1,2.91,0,85,7
36,2025-01-01,7.4,6,3.81,1,78,5
36,2025-01-02,7.11,5,3.58,1,80,6
36,2025-01-03,6.61,4,3.42,0,84,7
36,2025-01-04,6.71,1,3.28,1,74,6
36,2025-01-05,6.72,3,3.16,0,75,6
36,2025-01-06,7.98,3,3.38,0,84,7
36,2025-01-07,5.36,2,3.57,0,79,5
36,2025-01-08,5.64,8,3.69,1,82,6
36,2025-01-09,6.79,7,3.61,0,79,6
36,2025-01-10,6.97,4,3.62,1,75,5
36,2025-01-11,6.95,10,3.72,1,81,5
36,2025-01-12,7.14,4,3.65,0,81,6
36,2025-01-13,6.09,3,3.54,1,81,5
36,2025-01-14,6.58,3,3.78,1,82,6
36,2025-01-15,6.47,10,3.73,1,75,6
36,2025-01-16,4.98,6,3.61,1,76,6
36,2025-01-17,7.17,2,3.54,1,79,5
36,2025-01-18,6.14,2,3.59,1,74,5
36,2025-01-19,5.61,4,3.75,1,76,6
36,2025-01-20,6.82,7,3.61,1,77,6
36,2025-01-21,5.27,7,3.6,0,81,6
36,2025-01-22,7.14,2,3.61,0,77,5
36,2025-01-23,5.49,10,3.56,0,78,6
36,2025-01-24,6.19,2,3.74,0,76,6
36,2025-01-25,4.34,4,3.86,0,78,6
36,2025-01-26,5.65,9,4.09,0,79,6
36,2025-01-27,4.37,1,3.85,0,81,5
36,2025-01-28,7.81,8,4.04,1,79,5
36,2025-01-29,5.42,8,4.06,1,77,6
36,2025-01-30,6.16,8,4.03,1,77,5
36,2025-01-31,5.79,9,3.97,1,77,6
36,2025-02-01,7.06,2,4.05,0,74,5
36,2025-02-02,5.97,4,4.22,1,72,4
36,2025-02-03,5.72,10,3.97,0,76,6
36,2025-02-04,5.13,1,4.0,1,79,5
36,2025-02-05,7.49,10,4.15,0,76,6
36,2025-02-06,7.72,7,4.09,1,76,6
36,2025-02-07,6.59,5,4.28,0,77,4
36,2025-02-08,7.03,10,4.41,1,78,5
36,2025-02-09,3.4,9,4.5,1,78,5
36,2025-02-10,4.63,10,4.67,0,80,5
36,2025-02-11,8.09,8,4.52,0,83,6
36,2025-02-12,5.67,1,4.62,1,75,5
36,2025-02-13,6.96,8,4.65,1,76,6
36,2025-02-14,4.5,2,4.48,1,75,5
36,2025-02-15,6.97,9,4.53,1,75,5
36,2025-02-16,5.23,6,4.34,0,81,6
36,2025-02-17,6.75,7,4.49,0,75,5
36,2025-02-18,7.17,7,4.5,0,78,5
36,2025-02-19,6.24,5,4.48,0,81,6
36,2025-02-20,7.53,1,4.55,1,81,5
36,2025-02-21,6.44,5,4.43,0,74,5
36,2025-02-22,6.72,8,4.67,1,79,4
36,2025-02-23,8.46,4,4.6,0,78,5
36,2025-02-24,4.95,8,4.84,1,75,5
36,2025-02-25,6.71,9,4.99,1,77,4
36,2025-02-26,7.83,4,4.93,0,76,5
36,2025-02-27,5.28,8,5.0,0,74,5
36,2025-02-28,7.49,1,5.0,0,76,4
36,2025-03-01,5.78,1,5.0,0,75,4
36,2025-03-02,7.94,1,5.0,1,80,5
36,2025-03-03,8.6,5,4.95,1,76,5
36,2025-03-04,6.87,4,5.0,0,77,4
36,2025-03-05,6.73,2,5.0,0,75,4
36,2025-03-06,6.17,10,5.0,1,75,4
36,2025-03-07,6.82,3,4.75,1,73,5
36,2025-03-08,4.93,9,4.57,1,72,5
36,2025-03-09,4.97,1,4.5,1,79,4
36,2025-03-10,6.72,10,4.58,1,72,5
36,2025-03-11,4.75,1,4.55,1,74,4
36,2025-03-12,6.83,4,4.76,1,80,5
36,2025-03-13,5.48,3,4.99,1,79,5
36,2025-03-14,6.56,7,4.84,0,79,5
36,2025-03-15,6.31,2,4.61,0,70,4
36,2025-03-16,5.24,4,4.85,0,77,5
36,2025-03-17,6.59,1,4.96,1,70,4
36,2025-03-18,7.99,9,4.87,0,77,5
36,2025-03-19,6.16,3,4.99,0,73,5
36,2025-03-20,5.87,5,5.0,1,77,4
36,2025-03-21,7.68,2,5.0,0,75,4
36,2025-03-22,5.03,8,5.0,0,75,5
36,2025-03-23,5.08,8,4.8,1,74,4
36,2025-03-24,6.13,3,4.84,0,78,5
36,2025-03-25,8.53,10,4.59,1,78,4
36,2025-03-26,5.58,3,4.78,0,77,4
36,2025-03-27,5.93,4,4.97,0,79,4
36,2025-03-28,6.98,7,4.76,0,74,4
36,2025-03-29,6.68,7,5.0,1,76,5
36,2025-03-30,7.06,8,4.92,1,76,6
36,2025-03-31,7.65,1,4.95,1,79,5
36,2025-04-01,5.3,8,4.94,1,80,5
36,2025-04-02,6.64,8,4.73,0,75,6
36,2025-04-03,7.01,2,4.78,0,78,5
36,2025-04-04,5.15,5,4.89,0,79,5
36,2025-04-05,6.23,6,4.98,1,72,5
36,2025-04-06,6.16,8,5.0,0,74,4
36,2025-04-07,6.52,5,5.0,0,81,5
36,2025-04-08,6.43,7,4.81,1,74,5
36,2025-04-09,6.41,1,4.63,1,73,5
36,2025-04-10,6.95,8,4.67,1,73,5
37,2025-01-01,6.61,9,2.88,0,91,7
37,2025-01-02,7.5,5,3.0,1,90,7
37,2025-01-03,6.85,4,3.16,1,96,6
37,2025-01-04,7.5,5,3.13,0,89,6
37,2025-01-05,6.35,6,2.89,1,95,6
37,2025-01-06,10.0,6,2.73,1,89,6
37,2025-01-07,8.99,7,2.68,1,97,7
37,2025-01-08,6.0,9,2.87,1,90,6
37,2025-01-09,5.55,7,2.75,1,90,7
37,2025-01-10,6.7,7,2.84,1,89,6
37,2025-01-11,7.38,9,2.79,1,100,8
37,2025-01-12,8.17,6,2.63,0,90,7
37,2025-01-13,6.17,3,2.71,0,88,6
37,2025-01-14,7.27,7,2.69,1,99,8
37,2025-01-15,6.53,5,2.68,1,98,8
37,2025-01-16,6.4,4,2.93,0,91,6
37,2025-01-17,7.41,4,2.73,0,91,7
37,2025-01-18,6.64,5,2.49,0,91,7
37,2025-01-19,7.14,4,2.45,1,99,8
37,2025-01-20,9.18,5,2.58,0,100,8
37,2025-01-21,8.79,1,2.57,0,98,7
37,2025-01-22,6.63,2,2.51,1,96,7
37,2025-01-23,6.88,6,2.71,0,95,6
37,2025-01-24,5.43,4,2.77,0,90,7
37,2025-01-25,7.76,6,2.62,0,98,7
37,2025-01-26,6.35,9,2.48,1,94,7
37,2025-01-27,8.3,4,2.64,1,98,7
37,2025-01-28,7.28,2,2.79,0,97,7
37,2025-01-29,7.45,2,2.57,1,90,6
37,2025-01-30,6.36,4,2.57,1,93,7
37,2025-01-31,6.95,6,2.33,1,91,8
37,2025-02-01,6.35,8,2.53,1,93,6
37,2025-02-02,7.55,1,2.6,0,98,7
37,2025-02-03,4.93,2,2.53,0,95,7
37,2025-02-04,8.21,10,2.38,0,93,8
37,2025-02-05,8.05,2,2.52,0,98,8
37,2025-02-06,8.56,4,2.39,0,93,8
37,2025-02-07,5.69,7,2.35,1,95,7
37,2025-02-08,7.86,1,2.58,1,95,7
37,2025-02-09,7.44,5,2.42,0,91,7
37,2025-02-10,6.49,6,2.39,0,95,6
37,2025-02-11,8.22,5,2.45,0,93,6
37,2025-02-12,4.88,3,2.28,0,96,8
37,2025-02-13,5.55,9,2.21,0,97,7
37,2025-02-14,6.3,7,2.23,0,98,7
37,2025-02-15,6.99,3,2.24,1,100,8
37,2025-02-16,7.14,1,2.33,0,96,8
37,2025-02-17,6.1,6,2.49,0,88,6
37,2025-02-18,7.01,3,2.41,1,97,7
37,2025-02-19,6.91,10,2.47,1,98,8
37,2025-02-20,4.77,8,2.63,0,90,6
37,2025-02-21,6.58,5,2.45,1,96,8
37,2025-02-22,7.45,1,2.59,0,89,6
37,2025-02-23,6.32,7,2.8,1,91,6
37,2025-02-24,6.24,7,2.58,0,90,7
37,2025-02-25,6.98,9,2.6,0,90,6
37,2025-02-26,7.04,1,2.36,1,89,7
37,2025-02-27,7.18,10,2.53,0,93,6
37,2025-02-28,8.06,7,2.43,1,92,6
37,2025-03-01,7.08,6,2.54,1,97,8
37,2025-03-02,5.14,2,2.55,0,91,7
37,2025-03-03,7.53,5,2.79,0,95,8
37,2025-03-04,5.81,9,2.76,1,97,8
37,2025-03-05,5.71,7,2.75,0,90,6
37,2025-03-06,6.2,4,2.55,1,90,7
37,2025-03-07,5.21,10,2.62,1,89,7
37,2025-03-08,7.61,5,2.78,1,88,6
37,2025-03-09,4.67,5,2.76,0,93,8
37,2025-03-10,6.43,6,2.69,1,94,7
37,2025-03-11,7.94,4,2.67,1,92,6
37,2025-03-12,6.07,7,2.89,1,95,7
37,2025-03-13,8.25,2,3.01,1,88,6
37,2025-03-14,6.84,1,3.06,0,93,7
37,2025-03-15,5.85,9,2.88,0,96,6
37,2025-03-16,6.66,7,2.96,1,91,6
37,2025-03-17,6.97,1,2.76,1,98,8
37,2025-03-18,4.66,4,2.68,0,93,6
37,2025-03-19,5.43,2,2.82,1,88,6
37,2025-03-20,7.8,5,2.9,1,90,7
37,2025-03-21,4.76,6,2.7,0,92,6
37,2025-03-22,6.05,8,2.65,1,92,8
37,2025-03-23,8.78,8,2.43,1,87,6
37,2025-03-24,8.75,7,2.47,1,96,7
37,2025-03-25,7.75,4,2.68,0,95,7
37,2025-03-26,6.94,9,2.46,0,93,7
37,2025-03-27,7.0,7,2.55,1,89,7
37,2025-03-28,6.52,5,2.56,1,96,7
37,2025-03-29,6.05,4,2.79,0,94,7
37,2025-03-30,9.23,7,2.87,0,94,6
37,2025-03-31,7.94,6,3.03,1,94,6
37,2025-04-01,6.41,1,2.78,0,95,7
37,2025-04-02,6.59,9,2.55,0,90,6
37,2025-04-03,6.44,6,2.34,0,90,7
37,2025-04-04,7.08,10,2.41,0,95,8
37,2025-04-05,7.08,9,2.56,0,93,7
37,2025-04-06,6.59,7,2.64,0,95,7
37,2025-04-07,5.83,8,2.75,0,92,7
37,2025-04-08,6.37,5,2.92,0,95,6
37,2025-04-09,7.55,4,3.15,0,87,6
37,2025-04-10,5.35,6,2.96,0,98,7
38,2025-01-01,6.17,9,2.8,1,92,6
38,2025-01-02,5.77,4,2.95,0,99,6
38,2025-01-03,9.09,1,3.11,1,90,6
38,2025-01-04,4.45,6,2.98,1,90,6
38,2025-01-05,3.9,2,2.88,1,100,7
38,2025-01-06,6.48,10,2.68,1,99,7
38,2025-01-07,7.85,3,2.91,1,96,6
38,2025-01-08,5.98,4,2.74,1,95,6
38,2025-01-09,6.54,9,2.55,1,95,7
38,2025-01-10,6.3,8,2.5,1,91,6
38,2025-01-11,6.13,1,2.7,0,103,8
38,2025-01-12,7.17,7,2.64,0,101,8
38,2025-01-13,4.55,7,2.67,0,100,7
38,2025-01-14,6.54,9,2.81,1,94,7
38,2025-01-15,4.56,7,2.95,0,98,7
38,2025-01-16,8.42,8,2.71,0,100,8
38,2025-01-17,7.0,7,2.95,0,92,6
38,2025-01-18,7.84,2,2.82,1,93,7
38,2025-01-19,6.09,3,3.04,0,95,7
38,2025-01-20,8.26,3,3.02,0,98,6
38,2025-01-21,5.99,7,2.99,0,96,7
38,2025-01-22,7.69,2,2.75,0,97,6
38,2025-01-23,6.91,4,2.98,1,92,7
38,2025-01-24,6.19,5,2.77,1,91,6
38,2025-01-25,8.11,6,2.73,0,98,6
38,2025-01-26,7.39,1,2.96,1,99,7
38,2025-01-27,8.15,9,2.99,1,93,6
38,2025-01-28,4.16,7,2.94,1,95,7
38,2025-01-29,5.02,10,2.98,0,95,7
38,2025-01-30,5.13,9,3.05,0,93,6
38,2025-01-31,6.41,9,3.18,0,93,7
38,2025-02-01,5.74,2,3.02,1,93,6
38,2025-02-02,7.6,3,2.96,0,96,6
38,2025-02-03,7.08,7,2.9,0,99,7
38,2025-02-04,6.27,1,3.06,0,98,6
38,2025-02-05,7.24,1,2.82,1,98,6
38,2025-02-06,4.88,6,2.59,1,100,8
38,2025-02-07,6.78,3,2.48,1,99,7
38,2025-02-08,6.93,5,2.29,0,97,8
38,2025-02-09,6.73,1,2.37,1,99,8
38,2025-02-10,7.87,8,2.53,1,99,7
38,2025-02-11,6.81,1,2.55,0,94,8
38,2025-02-12,7.31,5,2.48,0,99,7
38,2025-02-13,5.12,4,2.73,1,99,8
38,2025-02-14,8.29,2,2.66,1,98,8
38,2025-02-15,4.4,8,2.42,1,96,7
38,2025-02-16,7.04,6,2.18,0,99,7
38,2025-02-17,8.06,1,1.97,0,98,7
38,2025-02-18,6.83,9,2.17,1,93,7
38,2025-02-19,4.85,8,2.36,0,94,8
38,2025-02-20,5.92,9,2.57,1,100,7
38,2025-02-21,5.3,4,2.49,1,94,8
38,2025-02-22,8.23,2,2.64,0,92,6
38,2025-02-23,6.85,3,2.55,1,98,8
38,2025-02-24,5.77,5,2.48,0,93,7
38,2025-02-25,5.11,4,2.25,1,101,7
38,2025-02-26,5.65,10,2.02,0,101,7
38,2025-02-27,7.03,10,2.05,0,101,7
38,2025-02-28,4.25,6,1.85,0,101,9
38,2025-03-01,4.28,3,2.09,0,92,7
38,2025-03-02,6.63,4,1.86,1,98,8
38,2025-03-03,7.33,3,2.02,0,98,8
38,2025-03-04,6.05,6,1.87,0,101,7
38,2025-03-05,6.78,8,1.64,1,94,8
38,2025-03-06,5.9,7,1.89,1,97,8
38,2025-03-07,8.69,10,1.86,0,97,8
38,2025-03-08,4.27,7,1.96,1,94,8
38,2025-03-09,6.85,9,2.11,0,97,7
38,2025-03-10,5.53,8,2.3,1,90,6
38,2025-03-11,7.78,3,2.3,0,100,7
38,2025-03-12,6.11,3,2.14,1,96,8
38,2025-03-13,7.64,7,2.21,1,94,7
38,2025-03-14,7.36,6,2.24,0,98,7
38,2025-03-15,6.73,3,2.1,1,97,8
38,2025-03-16,4.48,8,2.3,0,94,7
38,2025-03-17,8.24,8,2.13,1,94,7
38,2025-03-18,6.32,1,2.16,1,101,7
38,2025-03-19,5.35,2,2.3,1,99,7
38,2025-03-20,7.16,2,2.28,0,96,7
38,2025-03-21,6.58,4,2.19,0,98,8
38,2025-03-22,7.29,2,2.21,1,93,6
38,2025-03-23,6.55,2,2.45,0,101,7
38,2025-03-24,7.68,3,2.52,1,97,7
38,2025-03-25,6.02,3,2.38,1,94,8
38,2025-03-26,7.84,5,2.47,0,103,8
38,2025-03-27,6.45,2,2.64,0,97,7
38,2025-03-28,5.32,10,2.56,1,94,7
38,2025-03-29,6.82,2,2.34,1,98,8
38,2025-03-30,6.9,5,2.41,1,97,7
38,2025-03-31,5.33,1,2.25,1,98,8
38,2025-04-01,7.41,8,2.46,1,98,8
38,2025-04-02,9.62,10,2.53,1,94,7
38,2025-04-03,7.61,10,2.7,1,92,7
38,2025-04-04,8.01,7,2.69,1,96,6
38,2025-04-05,6.33,1,2.65,0,96,7
38,2025-04-06,6.71,3,2.7,1,101,7
38,2025-04-07,7.86,2,2.48,0,94,7
38,2025-04-08,6.6,6,2.49,1,96,7
38,2025-04-09,7.66,9,2.61,1,100,7
38,2025-04-10,6.04,10,2.44,1,92,7
39,2025-01-01,7.41,5,2.55,0,85,7
39,2025-01-02,6.13,2,2.58,1,91,7
39,2025-01-03,6.85,2,2.65,1,91,8
39,2025-01-04,6.78,8,2.86,0,88,6
39,2025-01-05,4.43,10,3.0,0,92,7
39,2025-01-06,6.39,2,3.02,0,86,6
39,2025-01-07,6.02,7,2.82,0,83,6
39,2025-01-08,7.6,9,2.86,1,83,6
39,2025-01-09,6.69,3,2.78,1,84,7
39,2025-01-10,7.65,6,2.99,0,92,7
39,2025-01-11,7.0,7,3.16,0,90,6
39,2025-01-12,6.65,10,3.25,0,91,7
39,2025-01-13,8.76,1,3.28,0,89,7
39,2025-01-14,6.19,2,3.1,1,88,7
39,2025-01-15,5.74,6,2.95,0,90,6
39,2025-01-16,8.46,8,2.77,1,86,7
39,2025-01-17,6.43,4,2.75,0,89,7
39,2025-01-18,7.64,2,2.69,0,83,7
39,2025-01-19,8.2,2,2.58,0,85,6
39,2025-01-20,7.66,10,2.53,1,94,8
39,2025-01-21,7.48,8,2.48,0,82,6
39,2025-01-22,5.66,8,2.47,0,90,7
39,2025-01-23,8.06,10,2.59,0,82,6
39,2025-01-24,7.67,4,2.81,1,86,6
39,2025-01-25,4.79,5,3.04,1,86,6
39,2025-01-26,4.63,4,2.98,1,86,7
39,2025-01-27,6.3,4,2.85,0,86,7
39,2025-01-28,6.23,2,2.85,0,90,6
39,2025-01-29,6.48,10,2.76,0,82,6
39,2025-01-30,7.12,5,2.92,1,85,7
39,2025-01-31,6.56,7,3.1,1,86,7
39,2025-02-01,6.06,3,2.97,1,86,6
39,2025-02-02,6.06,4,2.78,0,88,6
39,2025-02-03,6.03,10,2.86,1,89,6
39,2025-02-04,5.33,2,3.07,1,84,6
39,2025-02-05,7.21,3,3.25,0,87,7
39,2025-02-06,5.55,8,3.12,1,82,6
39,2025-02-07,5.82,2,2.93,0,82,6
39,2025-02-08,5.85,8,3.11,0,90,6
39,2025-02-09,4.71,5,3.31,0,90,7
39,2025-02-10,4.22,1,3.37,1,81,5
39,2025-02-11,6.32,2,3.37,1,87,5
39,2025-02-12,7.36,8,3.4,1,82,6
39,2025-02-13,5.61,3,3.27,1,85,6
39,2025-02-14,4.67,7,3.03,0,90,7
39,2025-02-15,5.57,1,3.12,0,87,6
39,2025-02-16,4.55,6,3.09,1,84,6
39,2025-02-17,5.67,9,2.85,0,89,7
39,2025-02-18,3.57,7,2.62,1,85,8
39,2025-02-19,8.84,6,2.7,1,86,8
39,2025-02-20,6.56,2,2.58,1,89,8
39,2025-02-21,7.08,1,2.46,1,90,8
39,2025-02-22,7.6,10,2.48,1,84,7
39,2025-02-23,6.0,3,2.43,0,87,8
39,2025-02-24,4.4,6,2.3,1,86,7
39,2025-02-25,6.62,10,2.28,0,85,8
39,2025-02-26,5.07,1,2.25,0,87,8
39,2025-02-27,6.11,8,2.09,1,93,8
39,2025-02-28,4.19,1,1.91,0,88,8
39,2025-03-01,6.43,3,1.85,1,93,8
39,2025-03-02,6.71,8,1.65,0,87,7
39,2025-03-03,6.21,9,1.69,0,91,7
39,2025-03-04,5.49,5,1.58,0,89,8
39,2025-03-05,7.04,6,1.37,0,94,9
39,2025-03-06,7.3,7,1.32,1,86,8
39,2025-03-07,7.89,6,1.34,1,88,8
39,2025-03-08,7.08,7,1.41,1,87,9
39,2025-03-09,6.66,8,1.27,0,85,8
39,2025-03-10,4.96,2,1.07,1,93,8
39,2025-03-11,7.14,4,1.29,1,86,8
39,2025-03-12,7.38,10,1.13,0,92,9
39,2025-03-13,7.6,9,1.22,1,84,7
39,2025-03-14,4.63,8,1.32,0,91,8
39,2025-03-15,3.89,4,1.11,1,86,7
39,2025-03-16,8.32,9,0.96,1,90,8
39,2025-03-17,5.72,2,1.1,0,89,8
39,2025-03-18,4.91,9,0.87,1,87,9
39,2025-03-19,7.55,6,0.86,0,87,9
39,2025-03-20,6.0,10,1.07,1,90,7
39,2025-03-21,4.62,5,1.22,1,94,8
39,2025-03-22,6.77,9,1.17,0,84,7
39,2025-03-23,5.25,1,1.15,1,86,8
39,2025-03-24,8.35,6,1.35,0,85,8
39,2025-03-25,6.15,10,1.3,0,90,8
39,2025-03-26,7.82,7,1.13,1,95,9
39,2025-03-27,8.75,2,1.0,0,95,9
39,2025-03-28,7.21,6,0.77,1,89,9
39,2025-03-29,8.66,4,0.92,0,91,8
39,2025-03-30,6.14,3,0.79,0,96,9
39,2025-03-31,5.78,1,0.75,1,85,8
39,2025-04-01,5.35,4,0.81,0,85,8
39,2025-04-02,6.4,5,1.01,1,89,9
39,2025-04-03,3.37,4,1.16,1,88,9
39,2025-04-04,6.32,10,1.1,0,91,7
39,2025-04-05,3.43,10,0.86,1,89,9
39,2025-04-06,3.94,7,0.87,1,86,8
39,2025-04-07,5.88,9,0.83,0,89,8
39,2025-04-08,7.93,4,0.79,0,89,8
39,2025-04-09,7.34,5,0.69,1,88,9
39,2025-04-10,6.41,3,0.56,0,89,10
40,2025-01-01,7.32,4,3.16,0,80,7
40,2025-01-02,7.82,6,3.3,0,80,5
40,2025-01-03,9.18,5,3.07,0,84,7
40,2025-01-04,5.67,10,2.92,0,85,7
40,2025-01-05,4.53,6,2.97,0,86,7
40,2025-01-06,5.99,3,2.99,0,82,7
40,2025-01-07,6.43,6,2.77,1,76,6
40,2025-01-08,7.21,10,2.56,0,81,6
40,2025-01-09,6.31,8,2.55,1,85,6
40,2025-01-10,6.36,1,2.41,1,82,7
40,2025-01-11,7.94,9,2.27,0,83,8
40,2025-01-12,8.28,2,2.4,1,78,7
40,2025-01-13,6.37,1,2.16,0,87,7
40,2025-01-14,6.37,2,2.28,1,83,7
40,2025-01-15,8.29,6,2.43,1,87,8
40,2025-01-16,7.07,7,2.29,0,87,8
40,2025-01-17,6.03,6,2.26,1,88,8
40,2025-01-18,7.21,8,2.06,1,87,7
40,2025-01-19,5.76,5,1.86,0,89,9
40,2025-01-20,6.33,8,2.07,0,85,8
40,2025-01-21,7.32,9,2.29,0,83,8
40,2025-01-22,5.29,9,2.36,1,82,7
40,2025-01-23,7.24,6,2.49,0,76,6
40,2025-01-24,5.5,2,2.45,1,82,6
40,2025-01-25,6.62,10,2.41,1,79,7
40,2025-01-26,7.39,1,2.55,1,79,7
40,2025-01-27,6.73,3,2.33,0,78,7
40,2025-01-28,5.27,1,2.31,1,81,7
40,2025-01-29,5.35,6,2.39,1,79,6
40,2025-01-30,6.62,8,2.22,1,84,7
40,2025-01-31,7.13,4,2.35,1,86,7
40,2025-02-01,6.93,5,2.2,1,82,7
40,2025-02-02,5.66,6,2.39,1,81,7
40,2025-02-03,6.75,1,2.19,1,84,7
40,2025-02-04,4.22,9,2.41,0,82,7
40,2025-02-05,8.09,6,2.41,0,86,7
40,2025-02-06,7.11,5,2.47,1,79,7
40,2025-02-07,7.65,5,2.61,0,81,7
40,2025-02-08,5.53,5,2.82,1,82,7
40,2025-02-09,8.53,9,2.81,0,79,7
40,2025-02-10,7.18,6,2.57,1,85,7
40,2025-02-11,6.19,4,2.76,1,87,7
40,2025-02-12,7.12,3,2.8,1,81,7
40,2025-02-13,6.84,9,3.02,1,78,6
40,2025-02-14,5.3,4,3.25,1,84,6
40,2025-02-15,3.1,8,3.09,0,86,7
40,2025-02-16,6.14,4,3.2,0,86,7
40,2025-02-17,6.72,3,3.07,0,78,5
40,2025-02-18,7.8,9,3.18,0,80,6
40,2025-02-19,3.74,4,3.43,1,82,6
40,2025-02-20,7.31,10,3.56,0,86,7
40,2025-02-21,6.65,9,3.79,0,83,5
40,2025-02-22,7.25,4,3.76,1,78,6
40,2025-02-23,6.06,1,3.55,1,81,6
40,2025-02-24,6.19,4,3.78,1,85,6
40,2025-02-25,7.34,9,4.0,0,77,6
40,2025-02-26,6.73,6,3.95,0,82,6
40,2025-02-27,6.98,8,4.17,1,77,5
40,2025-02-28,6.12,2,3.93,0,74,5
40,2025-03-01,4.73,9,4.16,1,80,6
40,2025-03-02,7.56,9,3.96,1,77,5
40,2025-03-03,4.15,9,3.94,1,83,6
40,2025-03-04,6.84,7,4.17,1,76,5
40,2025-03-05,6.69,3,4.28,1,77,5
40,2025-03-06,7.6,2,4.38,1,76,6
40,2025-03-07,8.49,3,4.34,1,79,6
40,2025-03-08,5.43,8,4.42,1,81,4
40,2025-03-09,8.16,2,4.33,0,83,5
40,2025-03-10,8.06,2,4.3,1,79,5
40,2025-03-11,7.05,7,4.46,1,76,5
40,2025-03-12,5.07,5,4.25,1,82,6
40,2025-03-13,7.84,10,4.29,1,75,5
40,2025-03-14,5.59,1,4.51,0,79,5
40,2025-03-15,6.99,6,4.42,1,74,5
40,2025-03-16,6.08,5,4.56,0,82,5
40,2025-03-17,6.76,10,4.54,0,78,5
40,2025-03-18,6.59,2,4.42,1,77,5
40,2025-03-19,5.56,2,4.59,0,77,5
40,2025-03-20,5.03,6,4.43,0,80,4
40,2025-03-21,6.2,8,4.19,0,75,5
40,2025-03-22,8.95,7,4.12,1,81,5
40,2025-03-23,5.39,2,4.35,1,76,5
40,2025-03-24,8.73,2,4.37,0,81,4
40,2025-03-25,5.1,2,4.41,1,85,6
40,2025-03-26,7.3,8,4.23,1,75,5
40,2025-03-27,8.07,5,4.43,1,82,5
40,2025-03-28,9.96,4,4.19,1,82,6
40,2025-03-29,5.87,3,4.32,0,74,5
40,2025-03-30,7.07,2,4.34,1,83,5
40,2025-03-31,4.18,4,4.24,1,83,5
40,2025-04-01,5.41,8,4.03,0,74,5
40,2025-04-02,5.17,5,4.02,1,78,6
40,2025-04-03,3.98,9,3.93,1,81,5
40,2025-04-04,6.86,10,3.78,0,79,5
40,2025-04-05,6.61,5,3.62,0,82,5
40,2025-04-06,5.39,2,3.8,1,76,5
40,2025-04-07,6.5,1,3.82,0,78,7
40,2025-04-08,7.92,7,3.68,0,79,7
40,2025-04-09,7.79,7,3.52,1,78,7
40,2025-04-10,7.46,7,3.49,0,81,6
41,2025-01-01,8.56,9,2.93,1,82,7
41,2025-01-02,4.28,2,2.92,0,82,7
41,2025-01-03,5.87,6,2.93,1,85,7
41,2025-01-04,6.19,5,2.82,1,82,7
41,2025-01-05,6.04,9,2.89,0,84,6
41,2025-01-06,5.49,8,2.9,0,83,6
41,2025-01-07,6.07,2,3.08,0,85,7
41,2025-01-08,6.41,2,3.2,1,80,7
41,2025-01-09,6.3,10,2.96,0,86,6
41,2025-01-10,6.84,4,2.92,1,83,6
41,2025-01-11,4.61,3,3.09,0,80,6
41,2025-01-12,6.89,2,3.3,1,80,5
41,2025-01-13,7.98,3,3.43,1,84,5
41,2025-01-14,5.9,2,3.45,0,82,7
41,2025-01-15,8.19,9,3.52,0,82,5
41,2025-01-16,6.88,1,3.27,0,84,7
41,2025-01-17,4.07,1,3.46,1,84,6
41,2025-01-18,6.8,3,3.29,1,77,5
41,2025-01-19,6.12,9,3.38,1,88,7
41,2025-01-20,5.11,7,3.48,1,79,6
41,2025-01-21,7.32,2,3.27,0,87,7
41,2025-01-22,4.75,2,3.22,0,79,6
41,2025-01-23,6.21,6,3.12,0,81,7
41,2025-01-24,5.93,5,3.25,0,78,5
41,2025-01-25,7.73,2,3.25,1,88,7
41,2025-01-26,6.31,3,3.19,0,80,7
41,2025-01-27,5.07,7,3.24,0,88,7
41,2025-01-28,5.06,6,3.21,1,80,7
41,2025-01-29,7.52,1,3.0,1,85,6
41,2025-01-30,5.94,7,3.08,0,81,7
41,2025-01-31,5.71,1,3.27,1,82,6
41,2025-02-01,7.0,5,3.26,1,80,6
41,2025-02-02,6.16,7,3.05,0,85,6
41,2025-02-03,6.89,3,2.83,1,89,7
41,2025-02-04,6.41,10,2.63,0,85,7
41,2025-02-05,5.0,10,2.45,0,89,8
41,2025-02-06,7.18,7,2.34,0,78,6
41,2025-02-07,5.95,7,2.32,0,80,7
41,2025-02-08,5.61,10,2.54,1,84,8
41,2025-02-09,6.54,6,2.59,1,79,6
41,2025-02-10,6.04,2,2.49,0,82,7
41,2025-02-11,7.36,4,2.69,0,86,8
41,2025-02-12,8.07,5,2.83,1,84,7
41,2025-02-13,7.97,2,2.93,0,85,7
41,2025-02-14,6.38,3,2.87,0,84,6
41,2025-02-15,6.45,4,2.91,0,81,6
41,2025-02-16,6.36,9,3.06,1,86,7
41,2025-02-17,6.95,6,3.08,1,79,6
41,2025-02-18,6.09,2,2.98,1,86,7
41,2025-02-19,6.23,2,3.11,0,83,7
41,2025-02-20,6.87,1,3.07,1,87,7
41,2025-02-21,5.59,9,3.29,0,84,6
41,2025-02-22,8.07,3,3.42,0,84,5
41,2025-02-23,5.37,2,3.53,1,80,6
41,2025-02-24,5.75,5,3.41,1,83,6
41,2025-02-25,8.77,8,3.66,1,86,6
41,2025-02-26,6.92,9,3.52,1,86,6
41,2025-02-27,4.46,7,3.49,1,83,6
41,2025-02-28,6.55,9,3.26,1,87,7
41,2025-03-01,7.23,3,3.41,1,78,6
41,2025-03-02,7.32,2,3.6,1,83,5
41,2025-03-03,5.35,9,3.75,0,87,6
41,2025-03-04,5.74,6,3.82,0,82,5
41,2025-03-05,7.57,3,4.04,0,86,6
41,2025-03-06,6.35,3,3.82,1,78,6
41,2025-03-07,7.2,10,3.85,1,82,5
41,2025-03-08,9.43,1,3.81,0,79,6
41,2025-03-09,8.35,5,3.88,1,77,5
41,2025-03-10,9.15,8,3.85,1,82,5
41,2025-03-11,6.85,4,3.84,1,87,7
41,2025-03-12,7.23,1,3.95,0,82,6
41,2025-03-13,7.68,2,4.14,0,87,6
41,2025-03-14,6.64,4,4.1,0,84,5
41,2025-03-15,6.2,10,4.28,0,81,6
41,2025-03-16,6.71,1,4.53,1,85,6
41,2025-03-17,7.36,6,4.58,1,80,4
41,2025-03-18,6.34,10,4.71,0,84,5
41,2025-03-19,5.46,1,4.95,0,80,5
41,2025-03-20,7.07,5,5.0,0,81,4
41,2025-03-21,5.31,1,4.87,0,78,4
41,2025-03-22,6.95,3,4.69,1,82,4
41,2025-03-23,7.02,8,4.76,1,79,5
41,2025-03-24,6.21,1,4.6,0,77,5
41,2025-03-25,6.84,4,4.42,1,84,5
41,2025-03-26,5.55,2,4.33,1,78,5
41,2025-03-27,5.98,6,4.28,1,81,5
41,2025-03-28,7.4,1,4.08,0,75,4
41,2025-03-29,6.16,1,4.3,1,79,6
41,2025-03-30,5.08,10,4.42,0,76,5
41,2025-03-31,6.37,6,4.39,0,77,5
41,2025-04-01,7.68,10,4.21,1,84,5
41,2025-04-02,6.4,5,4.4,0,85,5
41,2025-04-03,5.89,4,4.62,1,80,6
41,2025-04-04,6.63,7,4.75,0,81,5
41,2025-04-05,6.96,4,4.81,0,82,5
41,2025-04-06,6.29,5,4.69,1,84,6
41,2025-04-07,7.26,7,4.83,0,84,5
41,2025-04-08,8.89,2,5.0,1,79,5
41,2025-04-09,6.92,10,4.92,1,82,4
41,2025-04-10,5.48,3,4.84,1,82,4
42,2025-01-01,7.0,5,3.2,1,98,6
42,2025-01-02,5.5,7,3.1,1,99,6
42,2025-01-03,6.2,8,3.01,1,97,7
42,2025-01-04,8.67,5,2.8,0,90,6
42,2025-01-05,6.09,4,2.59,1,97,8
42,2025-01-06,5.98,4,2.84,1,95,6
42,2025-01-07,4.87,10,2.95,0,91,6
42,2025-01-08,6.88,1,3.14,0,90,6
42,2025-01-09,5.81,6,3.3,1,90,6
42,2025-01-10,9.42,3,3.06,1,95,6
42,2025-01-11,6.2,10,3.03,0,90,6
42,2025-01-12,6.71,10,3.08,0,92,7
42,2025-01-13,6.11,9,3.15,1,97,6
42,2025-01-14,6.08,3,3.38,1,90,5
42,2025-01-15,5.53,8,3.6,1,91,6
42,2025-01-16,6.03,4,3.55,1,95,5
42,2025-01-17,7.91,8,3.76,1,94,6
42,2025-01-18,5.55,6,3.86,1,91,6
42,2025-01-19,5.83,8,3.66,0,92,7
42,2025-01-20,5.37,5,3.75,0,93,5
42,2025-01-21,5.92,10,3.98,0,94,5
42,2025-01-22,6.96,7,4.17,0,97,5
42,2025-01-23,5.54,8,4.15,1,91,5
42,2025-01-24,7.66,5,4.33,0,94,5
42,2025-01-25,3.79,1,4.48,1,92,6
42,2025-01-26,7.09,4,4.52,1,91,6
42,2025-01-27,7.2,1,4.63,1,88,5
42,2025-01-28,7.05,7,4.58,0,90,5
42,2025-01-29,6.6,6,4.42,1,98,6
42,2025-01-30,7.24,4,4.27,0,90,6
42,2025-01-31,5.84,10,4.46,0,93,5
42,2025-02-01,7.08,8,4.63,1,90,5
42,2025-02-02,6.8,6,4.4,1,91,4
42,2025-02-03,3.98,1,4.27,1,96,6
42,2025-02-04,4.22,5,4.18,0,92,6
42,2025-02-05,4.83,5,4.11,1,88,4
42,2025-02-06,5.54,9,4.26,0,97,5
42,2025-02-07,5.25,9,4.14,1,95,5
42,2025-02-08,8.05,4,4.33,1,92,6
42,2025-02-09,8.43,4,4.26,0,98,6
42,2025-02-10,4.09,7,4.3,1,92,5
42,2025-02-11,8.05,3,4.4,0,96,6
42,2025-02-12,7.64,4,4.35,1,92,6
42,2025-02-13,9.48,4,4.29,0,92,6
42,2025-02-14,7.59,6,4.5,0,91,6
42,2025-02-15,6.67,8,4.73,1,97,5
42,2025-02-16,8.51,10,4.51,0,88,5
42,2025-02-17,8.7,3,4.64,0,94,4
42,2025-02-18,5.96,5,4.75,1,88,4
42,2025-02-19,6.95,3,4.84,1,86,4
42,2025-02-20,6.29,4,4.94,0,88,4
42,2025-02-21,6.46,2,5.0,1,87,4
42,2025-02-22,3.87,6,4.96,1,95,4
42,2025-02-23,6.08,5,4.83,1,97,5
42,2025-02-24,5.94,7,4.77,0,94,5
42,2025-02-25,5.87,9,4.73,0,91,5
42,2025-02-26,6.78,9,4.71,0,94,4
42,2025-02-27,6.34,4,4.72,1,93,6
42,2025-02-28,7.11,1,4.54,1,90,6
42,2025-03-01,6.57,2,4.52,1,99,6
42,2025-03-02,4.81,10,4.34,1,89,4
42,2025-03-03,5.78,1,4.45,0,90,5
42,2025-03-04,7.98,10,4.47,1,95,5
42,2025-03-05,5.72,7,4.48,0,97,5
42,2025-03-06,7.35,6,4.62,0,96,5
42,2025-03-07,8.49,5,4.84,1,96,5
42,2025-03-08,6.05,9,4.74,0,93,6
42,2025-03-09,5.33,10,4.75,0,90,4
42,2025-03-10,6.89,8,4.63,0,88,4
42,2025-03-11,5.61,2,4.66,0,93,5
42,2025-03-12,4.94,4,4.61,0,90,6
42,2025-03-13,6.28,1,4.79,1,94,6
42,2025-03-14,6.32,9,4.55,1,97,6
42,2025-03-15,6.64,1,4.67,0,93,5
42,2025-03-16,6.25,7,4.88,0,94,4
42,2025-03-17,6.35,9,4.94,1,94,4
42,2025-03-18,8.75,3,4.75,1,89,5
42,2025-03-19,6.05,3,4.62,1,93,4
42,2025-03-20,6.77,4,4.84,1,93,4
42,2025-03-21,6.01,4,4.65,0,93,5
42,2025-03-22,7.44,5,4.4,0,96,5
42,2025-03-23,8.55,9,4.48,1,95,5
42,2025-03-24,8.13,9,4.63,1,97,5
42,2025-03-25,5.53,10,4.46,0,91,6
42,2025-03-26,7.1,7,4.31,0,98,6
42,2025-03-27,6.26,3,4.36,1,92,6
42,2025-03-28,7.86,2,4.51,0,94,5
42,2025-03-29,5.54,6,4.67,1,92,4
42,2025-03-30,5.71,7,4.77,0,93,5
42,2025-03-31,6.01,6,4.77,0,88,5
42,2025-04-01,5.69,6,4.56,1,97,6
42,2025-04-02,6.45,9,4.75,1,94,5
42,2025-04-03,6.39,4,4.55,1,94,4
42,2025-04-04,6.46,9,4.39,1,97,5
42,2025-04-05,4.72,9,4.21,1,91,5
42,2025-04-06,7.26,3,4.42,0,97,5
42,2025-04-07,6.82,9,4.44,1,95,4
42,2025-04-08,5.75,5,4.28,0,97,6
42,2025-04-09,8.27,1,4.08,0,93,6
42,2025-04-10,6.03,2,3.88,0,95,6
43,2025-01-01,7.17,9,3.07,0,95,7
43,2025-01-02,7.12,9,2.94,1,95,6
43,2025-01-03,5.7,9,3.18,0,89,6
43,2025-01-04,5.39,5,3.26,0,90,6
43,2025-01-05,5.72,9,3.46,0,91,7
43,2025-01-06,5.98,5,3.53,0,91,7
43,2025-01-07,6.0,5,3.6,0,91,6
43,2025-01-08,6.33,2,3.8,0,92,6
43,2025-01-09,3.9,1,4.03,0,98,6
43,2025-01-10,6.26,10,4.04,1,92,6
43,2025-01-11,4.13,5,3.94,0,96,5
43,2025-01-12,6.2,6,3.91,0,96,5
43,2025-01-13,8.26,9,3.83,0,89,6
43,2025-01-14,7.24,7,3.86,0,95,6
43,2025-01-15,6.65,3,4.04,1,94,5
43,2025-01-16,7.16,9,4.07,0,92,5
43,2025-01-17,6.42,4,4.31,1,95,5
43,2025-01-18,5.31,7,4.39,1,90,4
43,2025-01-19,5.47,5,4.54,1,94,4
43,2025-01-20,5.89,5,4.51,0,89,4
43,2025-01-21,5.05,5,4.43,0,93,4
43,2025-01-22,7.44,7,4.32,0,93,5
43,2025-01-23,5.99,1,4.49,1,90,5
43,2025-01-24,9.1,4,4.43,0,93,4
43,2025-01-25,5.66,7,4.3,1,96,5
43,2025-01-26,6.54,4,4.18,1,98,6
43,2025-01-27,4.94,9,4.42,1,89,4
43,2025-01-28,5.1,5,4.56,1,90,6
43,2025-01-29,6.0,7,4.6,1,88,4
43,2025-01-30,5.94,1,4.55,1,94,4
43,2025-01-31,6.69,3,4.46,1,93,5
43,2025-02-01,7.05,9,4.58,0,90,5
43,2025-02-02,5.41,10,4.5,1,93,5
43,2025-02-03,7.79,2,4.62,0,90,6
43,2025-02-04,7.87,4,4.67,0,91,4
43,2025-02-05,6.94,4,4.58,1,89,4
43,2025-02-06,7.08,8,4.83,0,93,4
43,2025-02-07,6.53,3,4.89,0,90,4
43,2025-02-08,6.66,4,4.67,1,93,5
43,2025-02-09,8.1,10,4.62,1,91,4
43,2025-02-10,7.02,5,4.43,1,89,6
43,2025-02-11,5.68,2,4.26,1,92,5
43,2025-02-12,7.59,5,4.33,0,88,4
43,2025-02-13,7.39,7,4.14,1,95,6
43,2025-02-14,6.8,5,3.9,0,92,6
43,2025-02-15,2.75,3,3.97,1,98,6
43,2025-02-16,6.01,3,3.99,1,97,6
43,2025-02-17,7.53,7,4.07,0,93,5
43,2025-02-18,5.36,4,3.91,1,97,6
43,2025-02-19,3.77,2,3.82,0,93,6
43,2025-02-20,6.9,2,3.85,1,96,5
43,2025-02-21,7.16,3,3.96,0,87,5
43,2025-02-22,4.25,2,3.81,1,97,6
43,2025-02-23,8.39,4,3.82,1,96,6
43,2025-02-24,6.41,1,4.02,1,95,6
43,2025-02-25,4.47,7,3.96,0,91,6
43,2025-02-26,6.99,5,3.94,1,88,5
43,2025-02-27,6.76,7,3.7,0,94,6
43,2025-02-28,5.99,5,3.6,1,89,6
43,2025-03-01,5.32,3,3.77,1,92,5
43,2025-03-02,6.13,9,3.64,0,90,5
43,2025-03-03,6.37,3,3.68,0,97,6
43,2025-03-04,6.24,4,3.5,1,93,7
43,2025-03-05,6.36,5,3.33,1,98,7
43,2025-03-06,5.71,5,3.52,1,90,6
43,2025-03-07,6.71,4,3.31,0,98,6
43,2025-03-08,4.95,9,3.54,1,96,6
43,2025-03-09,6.25,2,3.4,0,90,6
43,2025-03-10,4.85,9,3.28,1,95,6
43,2025-03-11,5.78,5,3.34,1,97,7
43,2025-03-12,7.8,5,3.33,0,100,7
43,2025-03-13,7.11,1,3.48,1,90,6
43,2025-03-14,7.72,9,3.38,1,89,5
43,2025-03-15,7.17,10,3.22,0,94,6
43,2025-03-16,7.7,9,3.09,0,97,7
43,2025-03-17,7.03,2,3.25,0,96,5
43,2025-03-18,8.1,4,3.03,0,95,6
43,2025-03-19,7.86,8,3.01,1,96,7
43,2025-03-20,6.01,7,2.9,0,91,7
43,2025-03-21,6.19,8,2.95,0,101,8
43,2025-03-22,6.07,10,2.74,1,97,7
43,2025-03-23,6.86,10,2.54,0,98,6
43,2025-03-24,5.24,4,2.61,0,96,7
43,2025-03-25,6.36,7,2.45,0,99,7
43,2025-03-26,6.94,9,2.66,0,98,6
43,2025-03-27,6.44,2,2.68,1,97,7
43,2025-03-28,6.06,5,2.58,0,102,8
43,2025-03-29,6.92,4,2.77,0,98,7
43,2025-03-30,7.18,5,2.85,1,97,7
43,2025-03-31,3.75,2,2.86,0,95,6
43,2025-04-01,5.72,6,3.04,1,96,7
43,2025-04-02,8.17,6,2.91,0,97,7
43,2025-04-03,5.17,2,3.01,0,98,7
43,2025-04-04,5.28,6,3.1,0,97,7
43,2025-04-05,6.83,8,3.08,1,100,7
43,2025-04-06,6.64,9,3.24,0,89,6
43,2025-04-07,6.11,3,3.45,1,95,6
43,2025-04-08,6.46,4,3.64,1,92,6
43,2025-04-09,6.63,1,3.54,0,88,5
43,2025-04-10,6.51,7,3.57,0,93,5
44,2025-01-01,6.59,3,2.39,1,82,7
44,2025-01-02,5.68,3,2.18,0,80,8
44,2025-01-03,6.16,10,2.2,0,85,7
44,2025-01-04,7.45,2,2.39,0,87,8
44,2025-01-05,4.98,9,2.48,1,88,8
44,2025-01-06,6.37,6,2.57,0,76,6
44,2025-01-07,5.24,6,2.66,0,80,8
44,2025-01-08,4.97,8,2.69,0,81,7
44,2025-01-09,9.14,9,2.51,0,78,7
44,2025-01-10,7.72,1,2.44,1,82,8
44,2025-01-11,6.26,6,2.45,0,82,8
44,2025-01-12,4.57,9,2.33,0,81,8
44,2025-01-13,5.91,8,2.11,1,86,8
44,2025-01-14,5.25,3,2.24,1,81,7
44,2025-01-15,5.52,5,2.33,0,81,8
44,2025-01-16,8.11,1,2.28,0,82,7
44,2025-01-17,4.95,3,2.28,1,82,7
44,2025-01-18,5.7,7,2.04,0,83,8
44,2025-01-19,5.23,9,1.96,1,79,8
44,2025-01-20,6.41,9,1.86,1,84,8
44,2025-01-21,5.88,4,1.93,1,84,7
44,2025-01-22,5.32,5,2.03,0,79,8
44,2025-01-23,7.82,5,1.97,1,87,8
44,2025-01-24,6.16,8,2.15,0,84,8
44,2025-01-25,7.43,4,1.91,1,82,7
44,2025-01-26,6.99,3,2.15,0,80,8
44,2025-01-27,5.94,5,2.04,1,85,8
44,2025-01-28,7.09,7,2.0,1,87,8
44,2025-01-29,8.3,8,2.05,0,78,7
44,2025-01-30,4.22,6,2.15,1,82,7
44,2025-01-31,6.04,9,2.29,0,81,8
44,2025-02-01,6.38,9,2.14,1,79,7
44,2025-02-02,7.13,8,1.9,1,88,8
44,2025-02-03,4.78,2,1.67,0,87,8
44,2025-02-04,5.5,6,1.88,0,85,7
44,2025-02-05,6.29,6,1.9,1,85,9
44,2025-02-06,5.83,7,1.96,1,82,7
44,2025-02-07,7.7,10,1.85,1,83,7
44,2025-02-08,4.51,2,1.86,1,87,8
44,2025-02-09,8.45,8,2.11,0,82,7
44,2025-02-10,6.02,7,2.21,1,75,6
44,2025-02-11,7.32,5,2.23,1,84,8
44,2025-02-12,4.12,6,2.16,1,85,7
44,2025-02-13,6.61,9,2.4,0,81,7
44,2025-02-14,9.1,1,2.24,1,87,8
44,2025-02-15,6.4,9,2.18,0,85,8
44,2025-02-16,4.23,10,2.35,0,83,8
44,2025-02-17,6.96,3,2.4,1,85,7
44,2025-02-18,5.77,4,2.53,0,82,7
44,2025-02-19,5.11,2,2.44,0,84,7
44,2025-02-20,6.56,3,2.33,1,77,7
44,2025-02-21,6.06,5,2.12,0,85,7
44,2025-02-22,8.09,4,1.97,1,83,7
44,2025-02-23,6.14,6,1.99,1,83,8
44,2025-02-24,7.05,10,2.09,1,80,8
44,2025-02-25,4.68,7,2.24,1,86,8
44,2025-02-26,6.11,1,2.24,1,79,7
44,2025-02-27,4.73,9,2.12,0,81,8
44,2025-02-28,5.91,10,2.2,0,84,8
44,2025-03-01,6.96,4,2.44,0,88,8
44,2025-03-02,5.39,8,2.35,1,78,7
44,2025-03-03,4.68,10,2.58,0,85,7
44,2025-03-04,6.64,2,2.34,0,85,7
44,2025-03-05,6.1,3,2.23,1,79,6
44,2025-03-06,5.52,5,2.18,0,79,7
44,2025-03-07,6.19,7,2.05,0,83,7
44,2025-03-08,8.56,8,2.07,0,77,7
44,2025-03-09,8.67,7,2.13,1,84,7
44,2025-03-10,6.37,4,2.11,1,81,8
44,2025-03-11,8.52,8,1.88,0,82,7
44,2025-03-12,8.18,7,1.69,0,88,8
44,2025-03-13,5.24,3,1.77,0,82,7
44,2025-03-14,5.19,1,1.73,0,80,7
44,2025-03-15,7.59,9,1.57,0,88,8
44,2025-03-16,6.85,5,1.63,0,77,7
44,2025-03-17,5.76,5,1.62,0,86,9
44,2025-03-18,7.65,8,1.8,0,85,7
44,2025-03-19,5.61,1,1.7,0,80,8
44,2025-03-20,7.55,4,1.65,0,83,7
44,2025-03-21,7.45,10,1.79,0,85,8
44,2025-03-22,4.63,8,1.73,0,82,7
44,2025-03-23,8.26,6,1.85,0,86,9
44,2025-03-24,6.81,7,1.96,0,80,8
44,2025-03-25,8.14,7,2.11,0,79,7
44,2025-03-26,6.65,10,2.17,0,86,7
44,2025-03-27,5.02,1,2.05,1,85,8
44,2025-03-28,8.32,4,2.05,1,80,7
44,2025-03-29,6.65,10,2.23,1,79,7
44,2025-03-30,7.49,3,2.47,0,84,7
44,2025-03-31,3.95,4,2.4,0,86,8
44,2025-04-01,7.79,3,2.5,1,77,7
44,2025-04-02,6.92,6,2.39,0,86,8
44,2025-04-03,6.95,2,2.48,1,83,7
44,2025-04-04,5.67,4,2.33,1,85,8
44,2025-04-05,5.27,2,2.11,0,82,8
44,2025-04-06,4.8,2,2.28,0,78,6
44,2025-04-07,5.89,5,2.1,1,86,8
44,2025-04-08,7.55,1,1.94,1,79,8
44,2025-04-09,5.84,5,2.06,1,80,8
44,2025-04-10,7.0,1,2.08,0,86,8
45,2025-01-01,4.82,4,3.13,0,87,5
45,2025-01-02,4.52,9,2.97,1,96,7
45,2025-01-03,6.8,4,2.96,0,94,6
45,2025-01-04,5.17,5,2.77,0,97,6
45,2025-01-05,5.94,10,2.85,1,90,7
45,2025-01-06,6.78,10,2.83,1,97,7
45,2025-01-07,6.64,3,2.59,0,99,7
45,2025-01-08,8.65,7,2.4,0,94,7
45,2025-01-09,7.97,9,2.15,0,100,8
45,2025-01-10,5.05,10,2.39,0,92,7
45,2025-01-11,6.13,9,2.51,0,93,7
45,2025-01-12,6.08,7,2.32,1,97,7
45,2025-01-13,7.46,6,2.43,1,90,7
45,2025-01-14,8.12,7,2.66,1,96,6
45,2025-01-15,6.06,8,2.6,1,94,7
45,2025-01-16,7.15,2,2.54,0,97,7
45,2025-01-17,5.28,2,2.75,0,94,7
45,2025-01-18,9.79,1,2.89,0,98,7
45,2025-01-19,7.19,7,2.93,0,94,6
45,2025-01-20,6.68,3,3.04,1,90,6
45,2025-01-21,5.26,4,2.81,0,92,7
45,2025-01-22,6.4,8,2.89,0,96,6
45,2025-01-23,6.54,3,2.94,0,94,8
45,2025-01-24,7.32,7,3.15,0,94,7
45,2025-01-25,9.64,7,3.28,1,94,6
45,2025-01-26,6.92,1,3.08,1,96,6
45,2025-01-27,4.28,9,2.87,1,94,7
45,2025-01-28,6.84,2,2.65,0,94,6
45,2025-01-29,3.49,4,2.55,0,97,8
45,2025-01-30,5.59,5,2.71,1,97,7
45,2025-01-31,6.92,9,2.56,0,92,6
45,2025-02-01,4.94,4,2.74,1,96,6
45,2025-02-02,6.33,9,2.55,0,90,6
45,2025-02-03,6.54,1,2.47,1,97,6
45,2025-02-04,6.3,10,2.44,1,91,7
45,2025-02-05,9.12,5,2.67,1,98,7
45,2025-02-06,6.11,5,2.83,1,94,7
45,2025-02-07,7.57,4,2.81,0,98,8
45,2025-02-08,9.3,8,2.67,1,94,7
45,2025-02-09,5.57,8,2.6,0,97,6
45,2025-02-10,6.14,9,2.65,1,90,7
45,2025-02-11,6.91,5,2.87,1,94,6
45,2025-02-12,8.92,2,2.99,1,95,6
45,2025-02-13,6.03,4,3.14,0,97,7
45,2025-02-14,6.25,8,2.95,1,92,6
45,2025-02-15,5.11,4,2.91,1,93,7
45,2025-02-16,3.52,1,2.88,1,92,6
45,2025-02-17,8.33,3,2.99,1,94,7
45,2025-02-18,5.61,3,2.87,1,94,6
45,2025-02-19,6.4,7,2.99,1,93,6
45,2025-02-20,6.76,6,3.17,1,95,7
45,2025-02-21,7.95,3,3.23,0,95,6
45,2025-02-22,7.43,2,3.41,1,90,6
45,2025-02-23,7.06,10,3.18,1,98,7
45,2025-02-24,5.72,7,3.41,1,96,7
45,2025-02-25,6.89,3,3.66,1,94,5
45,2025-02-26,4.43,3,3.52,1,97,7
45,2025-02-27,6.37,7,3.43,1,89,6
45,2025-02-28,8.06,6,3.22,0,95,7
45,2025-03-01,6.87,2,3.15,1,91,7
45,2025-03-02,6.43,9,3.23,1,89,6
45,2025-03-03,5.22,1,3.05,1,92,6
45,2025-03-04,7.09,1,2.95,0,91,6
45,2025-03-05,5.7,10,3.17,1,95,6
45,2025-03-06,6.94,7,3.08,0,89,6
45,2025-03-07,5.53,10,3.24,0,99,7
45,2025-03-08,7.49,7,3.24,1,89,6
45,2025-03-09,6.45,10,3.46,1,93,6
45,2025-03-10,5.44,6,3.24,1,97,7
45,2025-03-11,6.48,10,3.12,1,88,6
45,2025-03-12,6.43,9,3.12,0,92,6
45,2025-03-13,4.09,2,3.35,1,92,5
45,2025-03-14,4.93,1,3.11,1,96,6
45,2025-03-15,7.17,10,3.18,1,91,6
45,2025-03-16,6.68,7,3.03,1,94,7
45,2025-03-17,5.48,5,3.28,1,92,7
45,2025-03-18,6.31,6,3.27,0,88,6
45,2025-03-19,7.21,6,3.03,1,94,6
45,2025-03-20,6.73,7,3.24,0,94,6
45,2025-03-21,7.72,8,3.06,1,92,6
45,2025-03-22,4.97,3,2.81,1,89,6
45,2025-03-23,5.91,9,2.98,1,93,7
45,2025-03-24,6.1,3,2.88,0,90,7
45,2025-03-25,5.7,8,2.96,0,95,6
45,2025-03-26,5.76,8,2.99,0,96,6
45,2025-03-27,7.52,5,3.07,0,97,7
45,2025-03-28,6.56,9,3.0,0,95,7
45,2025-03-29,5.93,6,2.89,1,96,8
45,2025-03-30,6.09,2,3.13,0,90,7
45,2025-03-31,6.43,5,3.26,1,95,6
45,2025-04-01,7.11,5,3.07,0,90,6
45,2025-04-02,5.95,5,2.98,0,90,6
45,2025-04-03,6.08,9,2.97,1,90,7
45,2025-04-04,5.8,7,3.06,1,90,7
45,2025-04-05,6.52,1,2.86,0,93,6
45,2025-04-06,4.9,10,2.89,0,88,6
45,2025-04-07,6.26,2,3.01,1,97,6
45,2025-04-08,5.86,6,3.02,1,92,7
45,2025-04-09,5.41,8,2.84,1,95,7
45,2025-04-10,7.67,1,2.99,1,92,6
46,2025-01-01,7.73,3,3.08,0,89,7
46,2025-01-02,5.75,6,2.83,1,94,6
46,2025-01-03,7.04,5,3.05,0,88,6
46,2025-01-04,6.97,10,2.95,0,87,7
46,2025-01-05,6.51,7,2.94,1,92,6
46,2025-01-06,6.36,2,3.02,1,86,6
46,2025-01-07,4.97,7,3.26,0,90,7
46,2025-01-08,5.58,1,3.26,1,90,6
46,2025-01-09,5.97,7,3.41,1,88,6
46,2025-01-10,6.54,7,3.48,0,96,7
46,2025-01-11,5.16,9,3.36,1,90,6
46,2025-01-12,5.59,2,3.23,1,95,7
46,2025-01-13,5.45,10,3.0,1,92,7
46,2025-01-14,7.7,5,3.13,0,91,7
46,2025-01-15,6.11,2,2.93,1,92,8
46,2025-01-16,5.75,6,3.03,0,93,7
46,2025-01-17,5.6,6,3.24,0,93,6
46,2025-01-18,4.32,9,3.15,1,87,6
46,2025-01-19,6.03,2,3.21,1,85,6
46,2025-01-20,5.48,5,3.21,1,87,6
46,2025-01-21,6.06,2,3.34,0,85,6
46,2025-01-22,5.2,2,3.53,1,84,5
46,2025-01-23,6.63,2,3.4,1,95,7
46,2025-01-24,6.05,1,3.43,1,87,5
46,2025-01-25,8.69,9,3.19,1,89,5
46,2025-01-26,7.27,9,2.95,1,86,6
46,2025-01-27,7.15,10,2.91,1,87,6
46,2025-01-28,7.78,5,2.85,0,94,8
46,2025-01-29,7.07,2,2.66,0,92,7
46,2025-01-30,7.12,6,2.61,0,89,6
46,2025-01-31,6.53,2,2.74,0,94,6
46,2025-02-01,5.98,5,2.58,1,95,8
46,2025-02-02,4.95,3,2.5,0,89,8
46,2025-02-03,7.39,2,2.27,0,98,8
46,2025-02-04,5.63,2,2.4,0,97,8
46,2025-02-05,6.24,8,2.38,0,91,7
46,2025-02-06,6.85,5,2.55,0,93,7
46,2025-02-07,7.35,1,2.32,1,89,7
46,2025-02-08,6.69,10,2.25,0,96,8
46,2025-02-09,8.6,8,2.18,0,92,7
46,2025-02-10,5.54,6,2.13,1,94,7
46,2025-02-11,6.02,8,2.23,1,89,7
46,2025-02-12,7.15,4,2.3,0,89,8
46,2025-02-13,5.97,7,2.46,1,94,7
46,2025-02-14,6.79,5,2.52,1,94,6
46,2025-02-15,5.86,1,2.46,1,92,7
46,2025-02-16,6.99,2,2.52,0,91,6
46,2025-02-17,6.11,1,2.31,0,88,6
46,2025-02-18,8.28,9,2.15,0,91,7
46,2025-02-19,6.22,2,2.38,1,95,7
46,2025-02-20,6.4,9,2.52,0,96,7
46,2025-02-21,4.38,6,2.42,1,90,7
46,2025-02-22,8.5,7,2.57,1,93,7
46,2025-02-23,6.61,7,2.54,0,88,7
46,2025-02-24,6.28,4,2.5,1,94,8
46,2025-02-25,7.15,10,2.51,0,89,7
46,2025-02-26,5.91,1,2.62,0,90,7
46,2025-02-27,7.91,4,2.78,0,86,6
46,2025-02-28,6.24,1,2.98,0,90,7
46,2025-03-01,7.04,2,3.06,1,93,6
46,2025-03-02,6.4,3,3.3,1,88,6
46,2025-03-03,8.98,2,3.29,0,92,7
46,2025-03-04,6.64,6,3.07,0,96,7
46,2025-03-05,5.1,6,2.98,0,92,6
46,2025-03-06,6.86,4,3.18,0,93,6
46,2025-03-07,6.98,2,3.03,1,89,6
46,2025-03-08,7.13,8,3.14,0,93,7
46,2025-03-09,9.77,5,3.31,1,93,6
46,2025-03-10,7.17,8,3.19,1,95,7
46,2025-03-11,5.31,4,3.07,1,88,7
46,2025-03-12,7.41,2,2.84,0,95,7
46,2025-03-13,7.89,7,2.64,0,93,6
46,2025-03-14,7.87,2,2.45,1,87,6
46,2025-03-15,6.34,10,2.69,0,95,7
46,2025-03-16,5.49,4,2.8,0,96,7
46,2025-03-17,5.37,10,2.93,1,96,7
46,2025-03-18,6.74,10,3.08,1,86,6
46,2025-03-19,4.86,2,3.06,1,96,7
46,2025-03-20,4.89,4,3.3,1,90,6
46,2025-03-21,8.1,10,3.51,1,86,5
46,2025-03-22,5.31,6,3.48,0,87,7
46,2025-03-23,5.41,6,3.54,0,91,6
46,2025-03-24,4.97,10,3.4,0,93,7
46,2025-03-25,5.85,4,3.55,1,89,6
46,2025-03-26,4.35,9,3.58,1,92,7
46,2025-03-27,5.18,6,3.45,0,89,5
46,2025-03-28,7.55,7,3.69,0,93,6
46,2025-03-29,6.91,3,3.71,1,88,6
46,2025-03-30,6.67,5,3.92,0,85,5
46,2025-03-31,7.35,4,4.05,0,84,5
46,2025-04-01,3.51,1,4.24,1,89,5
46,2025-04-02,6.95,6,4.09,0,92,6
46,2025-04-03,5.22,2,3.86,0,83,5
46,2025-04-04,7.59,10,4.07,1,88,5
46,2025-04-05,6.52,8,3.86,0,86,5
46,2025-04-06,6.13,1,3.8,0,88,5
46,2025-04-07,6.46,3,3.88,1,88,6
46,2025-04-08,6.18,8,4.09,1,83,5
46,2025-04-09,5.79,1,4.13,0,91,6
46,2025-04-10,6.79,5,4.06,0,88,6
47,2025-01-01,5.13,10,3.2,0,95,6
47,2025-01-02,5.83,5,3.33,0,91,6
47,2025-01-03,5.97,5,3.29,0,93,6
47,2025-01-04,9.07,7,3.49,1,97,6
47,2025-01-05,7.13,3,3.52,1,91,6
47,2025-01-06,7.64,8,3.32,1,98,7
47,2025-01-07,6.28,8,3.17,1,101,7
47,2025-01-08,8.77,6,3.34,0,94,6
47,2025-01-09,5.75,2,3.25,1,91,6
47,2025-01-10,5.31,4,3.16,1,101,7
47,2025-01-11,7.34,10,2.96,0,100,7
47,2025-01-12,6.52,7,2.78,0,91,6
47,2025-01-13,6.74,7,2.55,0,97,7
47,2025-01-14,7.02,8,2.79,1,95,8
47,2025-01-15,7.19,10,2.67,1,97,8
47,2025-01-16,9.43,6,2.72,1,97,8
47,2025-01-17,7.0,8,2.7,0,95,7
47,2025-01-18,5.47,1,2.54,0,104,8
47,2025-01-19,4.32,4,2.65,1,101,7
47,2025-01-20,6.53,6,2.64,1,93,6
47,2025-01-21,5.7,2,2.6,1,95,7
47,2025-01-22,4.48,3,2.65,1,99,8
47,2025-01-23,6.64,3,2.64,1,98,8
47,2025-01-24,5.12,8,2.8,0,98,7
47,2025-01-25,5.41,5,2.87,1,101,8
47,2025-01-26,6.28,8,2.9,0,93,6
47,2025-01-27,6.63,7,2.78,0,96,7
47,2025-01-28,7.42,10,2.89,1,96,6
47,2025-01-29,4.76,1,2.76,0,98,7
47,2025-01-30,5.84,4,2.65,1,98,8
47,2025-01-31,8.19,5,2.86,0,99,7
47,2025-02-01,7.81,10,3.0,0,94,7
47,2025-02-02,7.58,5,2.8,1,94,7
47,2025-02-03,7.11,6,3.02,1,98,7
47,2025-02-04,7.75,9,2.81,0,95,7
47,2025-02-05,7.61,10,2.7,0,91,6
47,2025-02-06,6.26,7,2.49,0,98,8
47,2025-02-07,5.7,7,2.32,0,99,7
47,2025-02-08,6.36,3,2.22,0,97,8
47,2025-02-09,6.13,1,2.22,0,98,8
47,2025-02-10,5.82,8,2.23,0,102,8
47,2025-02-11,7.98,3,2.15,1,101,8
47,2025-02-12,5.62,1,2.27,0,98,7
47,2025-02-13,6.95,5,2.47,1,101,7
47,2025-02-14,5.96,1,2.41,0,103,8
47,2025-02-15,6.67,8,2.65,1,91,6
47,2025-02-16,6.86,4,2.64,1,97,7
47,2025-02-17,6.36,6,2.79,1,102,7
47,2025-02-18,6.89,3,2.61,0,101,8
47,2025-02-19,8.02,6,2.85,0,91,6
47,2025-02-20,7.09,5,2.66,0,95,7
47,2025-02-21,9.65,7,2.45,1,100,7
47,2025-02-22,8.06,3,2.43,1,97,7
47,2025-02-23,6.09,8,2.23,1,99,7
47,2025-02-24,6.13,4,2.22,1,95,6
47,2025-02-25,6.59,5,2.22,0,102,7
47,2025-02-26,7.38,4,2.34,1,94,6
47,2025-02-27,7.32,10,2.21,1,101,8
47,2025-02-28,6.07,3,2.23,0,97,7
47,2025-03-01,5.77,2,2.26,0,104,8
47,2025-03-02,7.0,7,2.14,1,99,7
47,2025-03-03,6.74,5,2.31,1,99,6
47,2025-03-04,7.73,3,2.09,0,95,7
47,2025-03-05,7.09,4,1.9,0,99,7
47,2025-03-06,6.56,1,1.78,1,97,8
47,2025-03-07,4.57,10,1.97,0,104,8
47,2025-03-08,5.69,7,2.04,1,102,8
47,2025-03-09,5.71,2,2.17,0,103,8
47,2025-03-10,6.01,9,2.11,1,98,7
47,2025-03-11,7.83,10,1.95,0,98,8
47,2025-03-12,6.44,3,1.79,1,98,8
47,2025-03-13,6.28,9,1.89,0,101,8
47,2025-03-14,9.73,5,2.12,0,100,7
47,2025-03-15,5.54,5,2.21,1,101,8
47,2025-03-16,6.0,9,2.26,1,96,8
47,2025-03-17,8.67,6,2.33,0,102,7
47,2025-03-18,4.93,6,2.22,0,95,7
47,2025-03-19,4.61,8,2.12,0,102,8
47,2025-03-20,7.06,8,1.96,0,96,8
47,2025-03-21,7.27,2,1.79,1,96,8
47,2025-03-22,7.17,4,1.96,1,97,8
47,2025-03-23,6.93,7,1.97,1,96,8
47,2025-03-24,4.07,6,1.83,0,95,7
47,2025-03-25,5.65,6,1.73,0,101,8
47,2025-03-26,5.69,6,1.52,0,104,9
47,2025-03-27,6.79,10,1.58,1,97,8
47,2025-03-28,7.72,10,1.34,1,103,8
47,2025-03-29,6.73,5,1.36,0,98,9
47,2025-03-30,7.37,10,1.24,1,105,9
47,2025-03-31,6.14,7,1.28,1,99,9
47,2025-04-01,8.09,3,1.26,0,96,8
47,2025-04-02,4.84,10,1.08,1,98,8
47,2025-04-03,8.38,10,1.07,0,98,8
47,2025-04-04,6.78,5,1.06,1,102,9
47,2025-04-05,6.21,1,1.1,1,98,9
47,2025-04-06,3.91,6,1.06,1,98,9
47,2025-04-07,6.0,9,0.83,0,97,9
47,2025-04-08,8.3,8,0.96,1,105,9
47,2025-04-09,7.21,10,0.81,0,97,8
47,2025-04-10,6.02,1,0.9,0,103,8
48,2025-01-01,4.38,1,3.66,1,97,5
48,2025-01-02,7.22,9,3.81,0,99,6
48,2025-01-03,8.53,4,3.83,1,89,5
48,2025-01-04,5.14,8,3.7,0,91,5
48,2025-01-05,7.17,9,3.79,0,99,6
48,2025-01-06,5.31,2,3.86,0,91,5
48,2025-01-07,5.42,4,3.72,1,96,6
48,2025-01-08,6.41,4,3.59,0,95,5
48,2025-01-09,6.12,4,3.41,1,93,7
48,2025-01-10,6.18,7,3.49,0,90,6
48,2025-01-11,5.5,8,3.32,0,99,6
48,2025-01-12,6.68,4,3.13,1,92,7
48,2025-01-13,5.07,3,3.17,0,98,6
48,2025-01-14,7.92,10,3.01,1,93,6
48,2025-01-15,4.48,6,3.02,1,100,7
48,2025-01-16,6.15,7,2.77,1,100,8
48,2025-01-17,5.04,6,2.67,0,92,6
48,2025-01-18,6.05,9,2.86,0,101,7
48,2025-01-19,8.46,4,3.04,0,94,7
48,2025-01-20,7.02,8,3.1,0,97,6
48,2025-01-21,7.3,7,3.34,0,99,7
48,2025-01-22,9.04,2,3.17,1,88,5
48,2025-01-23,6.72,1,3.35,0,91,6
48,2025-01-24,6.67,9,3.12,1,96,6
48,2025-01-25,7.36,2,3.0,1,96,6
48,2025-01-26,7.69,3,2.87,0,90,6
48,2025-01-27,6.25,2,3.02,0,98,6
48,2025-01-28,8.26,2,2.92,0,92,6
48,2025-01-29,5.05,2,3.05,0,94,6
48,2025-01-30,7.19,9,3.06,0,93,6
48,2025-01-31,5.36,5,3.04,1,95,7
48,2025-02-01,6.08,2,3.02,1,93,7
48,2025-02-02,7.66,7,3.21,1,95,7
48,2025-02-03,9.37,2,3.32,1,92,7
48,2025-02-04,7.29,10,3.33,0,93,6
48,2025-02-05,4.99,1,3.27,1,91,6
48,2025-02-06,6.21,1,3.48,1,97,6
48,2025-02-07,6.64,4,3.54,0,95,5
48,2025-02-08,7.3,10,3.41,0,96,5
48,2025-02-09,7.9,4,3.32,0,98,7
48,2025-02-10,4.08,3,3.54,1,95,5
48,2025-02-11,5.15,9,3.77,1,92,5
48,2025-02-12,7.83,3,3.97,1,92,6
48,2025-02-13,6.41,1,4.2,0,96,5
48,2025-02-14,4.97,6,4.29,1,95,5
48,2025-02-15,5.77,3,4.09,1,92,5
48,2025-02-16,5.56,5,4.03,0,95,5
48,2025-02-17,7.67,10,3.99,0,99,6
48,2025-02-18,5.42,10,4.02,0,95,5
48,2025-02-19,6.31,6,4.2,1,91,6
48,2025-02-20,6.8,5,3.98,0,92,5
48,2025-02-21,3.78,7,3.82,0,91,6
48,2025-02-22,5.64,5,3.9,1,92,5
48,2025-02-23,3.77,7,4.0,0,93,6
48,2025-02-24,5.28,4,4.17,0,98,6
48,2025-02-25,8.51,5,4.23,0,91,5
48,2025-02-26,5.69,1,4.02,1,94,5
48,2025-02-27,8.05,6,3.97,0,97,6
48,2025-02-28,6.18,3,4.13,0,96,5
48,2025-03-01,5.32,5,4.25,0,98,6
48,2025-03-02,5.33,1,4.25,0,96,5
48,2025-03-03,6.36,8,4.01,0,92,5
48,2025-03-04,6.33,1,4.18,1,92,6
48,2025-03-05,4.97,2,4.42,1,86,4
48,2025-03-06,6.51,4,4.42,1,96,6
48,2025-03-07,7.34,9,4.35,0,97,5
48,2025-03-08,7.04,9,4.38,0,90,4
48,2025-03-09,6.02,10,4.53,0,91,5
48,2025-03-10,4.89,2,4.68,1,99,6
48,2025-03-11,9.08,6,4.65,1,92,6
48,2025-03-12,7.66,4,4.74,1,94,4
48,2025-03-13,5.33,1,4.78,0,94,4
48,2025-03-14,7.85,1,4.69,0,95,4
48,2025-03-15,4.42,4,4.73,0,90,4
48,2025-03-16,5.04,10,4.97,1,94,5
48,2025-03-17,5.9,7,4.81,1,94,5
48,2025-03-18,6.22,6,4.57,1,91,6
48,2025-03-19,5.44,3,4.49,0,95,4
48,2025-03-20,5.06,6,4.55,0,94,4
48,2025-03-21,3.63,2,4.54,0,94,4
48,2025-03-22,5.09,2,4.39,0,96,5
48,2025-03-23,7.14,4,4.3,0,94,6
48,2025-03-24,4.29,10,4.16,1,93,5
48,2025-03-25,7.7,3,4.19,0,96,5
48,2025-03-26,6.93,4,3.96,1,92,6
48,2025-03-27,7.4,1,4.01,0,92,5
48,2025-03-28,7.9,2,3.96,1,91,6
48,2025-03-29,6.45,8,3.8,0,92,7
48,2025-03-30,5.36,3,3.93,1,95,6
48,2025-03-31,6.07,3,4.01,1,93,6
48,2025-04-01,6.18,5,3.82,1,98,6
48,2025-04-02,6.6,2,4.0,1,95,5
48,2025-04-03,4.57,4,3.97,0,89,5
48,2025-04-04,7.12,3,4.1,1,93,6
48,2025-04-05,8.36,4,4.21,1,94,6
48,2025-04-06,7.12,5,3.97,1,95,6
48,2025-04-07,4.96,5,3.97,0,91,5
48,2025-04-08,8.07,6,4.08,1,88,5
48,2025-04-09,4.17,7,4.06,0,92,5
48,2025-04-10,4.57,7,4.22,0,92,6
49,2025-01-01,5.07,10,3.67,0,98,6
49,2025-01-02,7.18,6,3.74,0,93,6
49,2025-01-03,3.99,10,3.97,0,94,5
49,2025-01-04,5.95,1,4.05,0,94,5
49,2025-01-05,3.63,5,4.04,0,96,5
49,2025-01-06,5.05,5,4.08,1,90,6
49,2025-01-07,6.11,1,4.26,0,89,5
49,2025-01-08,9.58,10,4.38,0,90,4
49,2025-01-09,7.39,9,4.29,1,90,6
49,2025-01-10,5.93,3,4.28,0,92,5
49,2025-01-11,3.49,7,4.07,0,96,6
49,2025-01-12,5.2,10,4.17,0,92,6
49,2025-01-13,7.0,5,4.27,0,86,4
49,2025-01-14,6.52,5,4.39,1,87,4
49,2025-01-15,4.91,5,4.56,0,97,6
49,2025-01-16,4.33,2,4.44,1,93,5
49,2025-01-17,5.99,2,4.3,0,94,6
49,2025-01-18,5.77,2,4.33,1,98,6
49,2025-01-19,4.35,9,4.24,0,90,6
49,2025-01-20,7.31,5,4.18,0,96,5
49,2025-01-21,5.39,7,4.43,1,95,4
49,2025-01-22,6.12,6,4.57,1,88,5
49,2025-01-23,6.88,7,4.54,0,91,5
49,2025-01-24,5.2,3,4.42,0,98,6
49,2025-01-25,8.24,8,4.63,1,90,4
49,2025-01-26,7.57,4,4.49,1,95,5
49,2025-01-27,7.04,6,4.24,1,99,6
49,2025-01-28,6.5,7,4.24,0,97,5
49,2025-01-29,6.9,1,4.47,0,97,5
49,2025-01-30,4.84,10,4.37,1,89,4
49,2025-01-31,6.08,10,4.52,1,95,4
49,2025-02-01,6.62,10,4.37,0,90,5
49,2025-02-02,5.45,5,4.14,1,93,6
49,2025-02-03,5.58,3,4.02,1,90,5
49,2025-02-04,7.31,3,4.03,0,90,5
49,2025-02-05,5.13,5,4.08,1,90,5
49,2025-02-06,3.7,6,4.22,0,95,6
49,2025-02-07,6.0,1,4.21,1,93,6
49,2025-02-08,5.11,4,4.12,1,90,5
49,2025-02-09,7.84,7,4.06,0,92,5
49,2025-02-10,6.81,4,3.91,1,89,5
49,2025-02-11,8.06,8,4.15,1,93,6
49,2025-02-12,7.19,9,4.05,1,91,5
49,2025-02-13,5.71,4,3.83,0,96,5
49,2025-02-14,6.51,4,3.68,0,95,5
49,2025-02-15,4.75,1,3.77,1,92,6
49,2025-02-16,7.65,10,3.93,1,93,6
49,2025-02-17,6.2,3,3.71,0,89,5
49,2025-02-18,6.12,9,3.5,1,92,6
49,2025-02-19,5.99,5,3.28,0,97,6
49,2025-02-20,9.13,7,3.37,1,92,6
49,2025-02-21,7.31,3,3.33,1,94,6
49,2025-02-22,7.31,8,3.18,0,96,7
49,2025-02-23,6.8,4,3.05,1,98,6
49,2025-02-24,7.03,2,3.15,0,93,6
49,2025-02-25,8.31,3,3.11,0,96,6
49,2025-02-26,4.95,6,2.91,0,100,7
49,2025-02-27,4.95,5,2.74,0,99,7
49,2025-02-28,5.95,2,2.73,0,99,7
49,2025-03-01,5.75,4,2.5,0,96,7
49,2025-03-02,6.07,9,2.4,0,92,7
49,2025-03-03,6.51,8,2.2,0,101,8
49,2025-03-04,6.97,5,2.27,1,93,7
49,2025-03-05,6.04,9,2.03,1,98,8
49,2025-03-06,7.03,6,2.02,0,94,8
49,2025-03-07,5.63,1,1.79,1,96,7
49,2025-03-08,5.77,1,1.99,1,96,7
49,2025-03-09,6.55,2,2.22,1,101,8
49,2025-03-10,6.79,7,2.12,1,92,7
49,2025-03-11,5.84,4,1.93,0,93,7
49,2025-03-12,7.32,6,2.04,0,98,7
49,2025-03-13,7.43,9,2.22,1,94,7
49,2025-03-14,6.65,1,2.05,0,97,8
49,2025-03-15,4.76,1,2.09,0,94,7
49,2025-03-16,9.51,5,1.99,1,100,7
49,2025-03-17,4.41,1,1.92,0,103,8
49,2025-03-18,7.27,3,2.09,1,96,7
49,2025-03-19,6.9,3,1.9,1,97,8
49,2025-03-20,7.24,9,1.77,1,105,9
49,2025-03-21,6.5,7,1.74,0,96,7
49,2025-03-22,6.59,10,1.88,1,95,7
49,2025-03-23,3.51,5,1.66,1,100,9
49,2025-03-24,4.19,3,1.48,0,98,7
49,2025-03-25,4.42,3,1.58,1,94,8
49,2025-03-26,7.74,4,1.62,0,103,8
49,2025-03-27,7.14,3,1.4,1,99,8
49,2025-03-28,5.72,8,1.51,1,94,7
49,2025-03-29,5.61,9,1.72,1,94,8
49,2025-03-30,4.86,4,1.59,0,92,7
49,2025-03-31,8.01,10,1.55,0,103,9
49,2025-04-01,6.43,6,1.48,0,96,9
49,2025-04-02,6.25,10,1.25,0,95,8
49,2025-04-03,4.91,5,1.38,0,98,9
49,2025-04-04,4.91,8,1.26,1,98,9
49,2025-04-05,7.26,1,1.36,0,97,9
49,2025-04-06,7.9,4,1.41,0,100,8
49,2025-04-07,6.63,7,1.18,0,100,9
49,2025-04-08,6.59,3,1.1,0,102,8
49,2025-04-09,6.1,8,1.35,1,96,9
49,2025-04-10,7.11,2,1.15,0,95,8
50,2025-01-01,6.23,10,4.12,1,87,5
50,2025-01-02,5.92,6,4.33,1,83,6
50,2025-01-03,8.0,3,4.19,1,83,5
50,2025-01-04,6.09,3,4.39,0,83,6
50,2025-01-05,5.6,2,4.31,0,90,6
50,2025-01-06,6.9,2,4.23,1,87,5
50,2025-01-07,8.54,5,4.09,1,86,6
50,2025-01-08,4.46,1,4.17,0,81,5
50,2025-01-09,5.42,4,4.41,1,85,5
50,2025-01-10,7.56,5,4.27,0,87,5
50,2025-01-11,7.03,1,4.45,1,82,5
50,2025-01-12,6.24,3,4.33,1,89,6
50,2025-01-13,7.16,3,4.1,1,85,5
50,2025-01-14,7.24,10,4.27,0,81,5
50,2025-01-15,6.74,6,4.18,0,82,6
50,2025-01-16,5.87,8,4.02,0,86,6
50,2025-01-17,5.3,5,3.85,1,83,5
50,2025-01-18,6.32,2,3.85,0,87,6
50,2025-01-19,6.62,10,3.64,1,88,6
50,2025-01-20,5.37,4,3.56,0,86,7
50,2025-01-21,6.11,4,3.47,0,89,6
50,2025-01-22,7.76,10,3.28,0,87,7
50,2025-01-23,6.7,7,3.04,0,92,7
50,2025-01-24,7.44,5,3.26,1,85,7
50,2025-01-25,5.97,5,3.37,1,90,6
50,2025-01-26,8.28,10,3.5,0,84,6
50,2025-01-27,7.71,10,3.54,1,88,7
50,2025-01-28,6.97,6,3.65,0,87,5
50,2025-01-29,5.89,5,3.84,0,82,6
50,2025-01-30,6.02,8,3.82,0,84,5
50,2025-01-31,4.41,9,3.79,1,81,5
50,2025-02-01,6.25,3,3.94,1,87,6
50,2025-02-02,5.77,6,3.83,0,82,6
50,2025-02-03,7.73,7,3.68,0,83,5
50,2025-02-04,6.77,9,3.71,1,82,5
50,2025-02-05,5.26,9,3.9,1,86,6
50,2025-02-06,7.61,7,4.15,0,88,5
50,2025-02-07,7.56,2,4.2,1,85,5
50,2025-02-08,6.12,7,4.39,0,82,5
50,2025-02-09,5.75,6,4.27,0,89,5
50,2025-02-10,6.43,9,4.31,1,84,4
50,2025-02-11,5.44,2,4.42,0,84,5
50,2025-02-12,6.19,6,4.43,0,89,5
50,2025-02-13,6.91,7,4.44,0,89,6
50,2025-02-14,5.38,9,4.49,1,87,6
50,2025-02-15,5.68,5,4.29,0,83,6
50,2025-02-16,8.51,2,4.35,1,89,5
50,2025-02-17,4.9,5,4.52,1,81,5
50,2025-02-18,5.0,2,4.72,1,86,6
50,2025-02-19,5.48,10,4.83,1,81,5
50,2025-02-20,6.1,3,4.68,0,87,4
50,2025-02-21,3.51,9,4.6,1,87,5
50,2025-02-22,6.72,6,4.71,1,78,4
50,2025-02-23,7.1,1,4.58,0,81,5
50,2025-02-24,5.43,9,4.56,1,82,5
50,2025-02-25,5.7,1,4.66,1,85,5
50,2025-02-26,5.61,4,4.72,1,78,4
50,2025-02-27,5.77,6,4.89,1,87,5
50,2025-02-28,7.16,3,4.71,0,83,5
50,2025-03-01,4.93,7,4.68,0,83,4
50,2025-03-02,5.75,1,4.9,0,85,4
50,2025-03-03,6.73,2,4.93,0,85,4
50,2025-03-04,7.95,4,4.94,0,85,5
50,2025-03-05,7.66,3,4.69,0,89,5
50,2025-03-06,6.29,5,4.81,1,82,6
50,2025-03-07,6.82,9,4.96,1,91,6
50,2025-03-08,4.7,4,5.0,1,86,4
50,2025-03-09,6.65,6,4.81,0,82,5
50,2025-03-10,6.96,3,4.79,1,89,5
50,2025-03-11,7.0,5,4.71,1,82,5
50,2025-03-12,7.6,1,4.56,0,82,5
50,2025-03-13,6.85,10,4.73,1,83,4
50,2025-03-14,5.27,3,4.84,0,82,5
50,2025-03-15,8.48,2,4.67,1,87,4
50,2025-03-16,7.0,3,4.77,0,90,6
50,2025-03-17,7.27,4,4.95,1,85,4
50,2025-03-18,6.02,6,4.91,1,85,4
50,2025-03-19,6.23,1,4.66,1,89,5
50,2025-03-20,6.09,1,4.62,1,88,5
50,2025-03-21,7.2,2,4.52,1,88,5
50,2025-03-22,6.23,7,4.76,0,80,4
50,2025-03-23,3.92,1,4.64,0,88,5
50,2025-03-24,5.29,10,4.57,1,81,5
50,2025-03-25,7.83,10,4.74,0,81,4
50,2025-03-26,6.51,5,4.81,1,86,5
50,2025-03-27,6.47,5,4.93,1,84,5
50,2025-03-28,8.35,2,4.95,0,89,5
50,2025-03-29,7.08,5,5.0,1,88,5
50,2025-03-30,4.39,7,5.0,1,79,4
50,2025-03-31,7.24,2,4.85,0,84,4
50,2025-04-01,6.98,4,4.78,0,81,4
50,2025-04-02,5.76,10,4.96,0,83,5
50,2025-04-03,5.97,9,4.73,0,81,5
50,2025-04-04,6.78,5,4.79,1,82,4
50,2025-04-05,5.45,3,4.93,0,86,4
50,2025-04-06,5.4,8,4.84,0,82,5
50,2025-04-07,6.51,6,4.65,1,85,5
50,2025-04-08,7.35,3,4.54,0,81,5
50,2025-04-09,7.56,2,4.72,0,78,4
50,2025-04-10,6.3,5,4.93,0,85,5
51,2025-01-01,6.13,8,3.11,0,88,7
51,2025-01-02,7.3,9,3.16,0,90,7
51,2025-01-03,7.1,7,2.92,1,83,7
51,2025-01-04,8.18,3,2.84,1,88,8
51,2025-01-05,7.27,10,2.82,1,80,6
51,2025-01-06,6.97,1,2.89,0,90,7
51,2025-01-07,4.98,3,2.73,0,82,6
51,2025-01-08,6.06,1,2.48,1,86,8
51,2025-01-09,6.54,9,2.43,1,88,7
51,2025-01-10,6.9,5,2.44,0,87,8
51,2025-01-11,6.98,10,2.63,1,91,8
51,2025-01-12,7.37,5,2.63,1,87,8
51,2025-01-13,8.47,8,2.78,0,82,7
51,2025-01-14,6.29,2,2.66,1,89,6
51,2025-01-15,8.37,10,2.57,0,90,8
51,2025-01-16,6.43,9,2.45,1,86,7
51,2025-01-17,7.07,2,2.53,1,87,6
51,2025-01-18,6.53,9,2.68,0,90,7
51,2025-01-19,5.0,1,2.77,0,83,6
51,2025-01-20,6.69,10,2.95,1,86,7
51,2025-01-21,5.16,3,3.09,1,86,7
51,2025-01-22,8.53,3,3.08,1,83,6
51,2025-01-23,7.88,10,2.97,0,84,7
51,2025-01-24,7.3,2,2.94,1,85,6
51,2025-01-25,6.56,10,2.81,0,82,7
51,2025-01-26,7.95,4,2.68,0,81,6
51,2025-01-27,8.29,10,2.44,0,93,8
51,2025-01-28,5.99,10,2.3,1,83,7
51,2025-01-29,7.84,6,2.14,0,87,7
51,2025-01-30,6.55,9,1.94,0,83,7
51,2025-01-31,6.43,10,1.94,1,87,7
51,2025-02-01,5.54,3,1.99,1,91,7
51,2025-02-02,6.04,1,1.76,1,84,7
51,2025-02-03,6.5,6,1.53,0,85,8
51,2025-02-04,5.54,8,1.32,1,86,8
51,2025-02-05,8.47,9,1.49,0,83,7
51,2025-02-06,6.42,1,1.71,1,89,8
51,2025-02-07,6.51,6,1.53,1,89,8
51,2025-02-08,5.94,6,1.44,0,82,7
51,2025-02-09,5.35,6,1.39,1,87,7
51,2025-02-10,6.77,2,1.64,0,86,8
51,2025-02-11,5.67,1,1.63,0,89,9
51,2025-02-12,6.74,4,1.87,0,89,7
51,2025-02-13,5.99,8,2.1,1,83,7
51,2025-02-14,5.71,8,2.24,1,83,7
51,2025-02-15,4.23,7,2.2,0,90,7
51,2025-02-16,7.42,8,2.27,0,87,7
51,2025-02-17,5.48,5,2.18,0,89,6
51,2025-02-18,5.2,1,2.41,1,80,6
51,2025-02-19,7.02,7,2.61,0,89,8
51,2025-02-20,3.9,6,2.5,0,91,7
51,2025-02-21,6.23,6,2.38,0,89,8
51,2025-02-22,6.66,1,2.59,1,85,7
51,2025-02-23,5.83,7,2.55,0,89,6
51,2025-02-24,5.94,2,2.56,1,83,7
51,2025-02-25,5.8,5,2.79,0,91,7
51,2025-02-26,6.37,1,2.86,1,82,6
51,2025-02-27,5.5,2,2.72,1,91,7
51,2025-02-28,7.56,5,2.54,1,80,6
51,2025-03-01,3.42,5,2.59,0,85,7
51,2025-03-02,6.68,2,2.46,1,89,7
51,2025-03-03,7.73,10,2.3,0,91,7
51,2025-03-04,5.59,5,2.49,1,85,7
51,2025-03-05,5.06,1,2.69,1,82,6
51,2025-03-06,4.88,6,2.64,1,89,8
51,2025-03-07,7.78,10,2.63,0,87,6
51,2025-03-08,5.65,3,2.58,1,89,8
51,2025-03-09,5.11,9,2.39,0,87,6
51,2025-03-10,6.24,3,2.43,0,88,7
51,2025-03-11,6.24,9,2.27,1,85,8
51,2025-03-12,6.55,5,2.33,1,86,8
51,2025-03-13,5.9,1,2.53,1,85,7
51,2025-03-14,7.09,6,2.33,1,89,7
51,2025-03-15,6.38,2,2.44,0,82,6
51,2025-03-16,6.15,3,2.56,0,84,7
51,2025-03-17,9.69,7,2.79,1,84,7
51,2025-03-18,7.17,4,2.69,1,87,8
51,2025-03-19,5.28,7,2.81,1,89,8
51,2025-03-20,6.39,7,2.57,0,85,7
51,2025-03-21,8.06,6,2.57,1,82,7
51,2025-03-22,7.55,6,2.56,1,90,7
51,2025-03-23,5.39,3,2.39,1,88,8
51,2025-03-24,5.98,4,2.5,0,89,8
51,2025-03-25,6.27,8,2.47,0,82,7
51,2025-03-26,7.73,9,2.25,0,89,7
51,2025-03-27,6.01,8,2.32,1,91,7
51,2025-03-28,5.51,5,2.36,0,88,7
51,2025-03-29,4.6,6,2.47,0,88,7
51,2025-03-30,5.52,7,2.23,1,91,8
51,2025-03-31,6.89,7,2.45,1,85,7
51,2025-04-01,7.73,7,2.28,0,84,7
51,2025-04-02,6.04,10,2.51,1,89,7
51,2025-04-03,6.58,2,2.53,1,82,7
51,2025-04-04,5.49,7,2.63,0,84,7
51,2025-04-05,5.4,9,2.4,0,90,8
51,2025-04-06,5.38,9,2.5,1,91,7
51,2025-04-07,6.21,7,2.3,0,80,6
51,2025-04-08,5.48,7,2.27,1,86,7
51,2025-04-09,4.37,10,2.4,1,91,7
51,2025-04-10,7.91,2,2.37,1,84,8
52,2025-01-01,7.27,4,2.5,0,92,8
52,2025-01-02,6.64,2,2.39,1,86,7
52,2025-01-03,6.1,4,2.41,1,86,7
52,2025-01-04,5.81,1,2.47,1,95,8
52,2025-01-05,6.95,1,2.63,0,93,8
52,2025-01-06,8.17,2,2.38,1,85,6
52,2025-01-07,6.54,7,2.49,0,94,8
52,2025-01-08,7.05,2,2.3,1,94,7
52,2025-01-09,7.71,5,2.33,0,88,8
52,2025-01-10,6.13,1,2.36,1,92,6
52,2025-01-11,6.56,7,2.19,1,93,8
52,2025-01-12,5.85,8,2.03,0,91,7
52,2025-01-13,5.23,6,2.12,1,94,8
52,2025-01-14,6.32,6,2.0,1,93,8
52,2025-01-15,4.82,1,1.89,0,89,8
52,2025-01-16,6.87,2,2.13,1,92,7
52,2025-01-17,8.33,6,2.31,1,89,6
52,2025-01-18,7.46,3,2.12,0,87,7
52,2025-01-19,5.85,6,1.9,0,91,7
52,2025-01-20,7.17,4,2.1,0,90,7
52,2025-01-21,7.6,3,1.89,1,88,8
52,2025-01-22,7.39,4,2.06,1,90,7
52,2025-01-23,4.0,5,2.22,1,93,7
52,2025-01-24,6.79,3,2.01,1,95,7
52,2025-01-25,5.14,8,2.21,1,89,7
52,2025-01-26,7.25,7,2.37,1,92,8
52,2025-01-27,8.72,9,2.33,1,89,6
52,2025-01-28,6.21,6,2.56,0,90,7
52,2025-01-29,4.68,8,2.54,1,92,7
52,2025-01-30,6.15,5,2.6,0,91,8
52,2025-01-31,5.96,7,2.55,0,86,6
52,2025-02-01,6.37,6,2.64,1,87,6
52,2025-02-02,7.39,9,2.84,1,88,7
52,2025-02-03,8.19,3,3.01,1,85,6
52,2025-02-04,5.05,10,3.2,0,83,5
52,2025-02-05,5.69,6,3.31,1,91,6
52,2025-02-06,5.95,3,3.48,0,91,6
52,2025-02-07,6.26,6,3.7,0,84,6
52,2025-02-08,5.38,1,3.9,0,90,5
52,2025-02-09,8.8,9,4.01,1,84,6
52,2025-02-10,5.94,7,3.87,0,93,6
52,2025-02-11,5.55,4,3.67,1,84,6
52,2025-02-12,7.76,3,3.49,0,89,7
52,2025-02-13,5.24,5,3.5,1,89,6
52,2025-02-14,6.32,4,3.45,0,90,6
52,2025-02-15,3.69,1,3.31,1,83,5
52,2025-02-16,4.64,6,3.1,0,87,6
52,2025-02-17,6.35,3,2.93,1,91,6
52,2025-02-18,6.49,5,3.01,1,84,6
52,2025-02-19,4.7,5,3.17,1,87,6
52,2025-02-20,6.87,10,3.34,1,89,6
52,2025-02-21,7.14,7,3.28,0,90,6
52,2025-02-22,5.7,8,3.44,0,91,6
52,2025-02-23,6.12,8,3.57,1,90,6
52,2025-02-24,5.46,5,3.57,1,88,6
52,2025-02-25,4.74,1,3.8,1,86,6
52,2025-02-26,6.28,6,3.67,1,91,6
52,2025-02-27,7.67,9,3.7,0,92,6
52,2025-02-28,6.53,8,3.63,0,88,6
52,2025-03-01,5.83,4,3.57,0,91,6
52,2025-03-02,7.11,2,3.82,1,90,6
52,2025-03-03,6.49,8,3.88,0,91,6
52,2025-03-04,7.08,10,3.76,1,89,5
52,2025-03-05,5.28,5,3.79,0,87,6
52,2025-03-06,5.19,5,3.71,1,85,6
52,2025-03-07,7.05,3,3.54,0,88,6
52,2025-03-08,6.82,5,3.37,1,92,6
52,2025-03-09,5.85,9,3.53,0,93,7
52,2025-03-10,5.71,9,3.61,0,86,5
52,2025-03-11,4.25,4,3.82,0,95,7
52,2025-03-12,7.26,10,3.68,0,89,5
52,2025-03-13,6.22,5,3.87,1,84,6
52,2025-03-14,8.43,5,3.93,0,92,6
52,2025-03-15,6.34,6,4.06,1,82,5
52,2025-03-16,7.48,5,4.23,1,87,6
52,2025-03-17,6.68,7,4.3,0,87,6
52,2025-03-18,6.06,2,4.21,0,82,5
52,2025-03-19,6.18,5,4.14,0,81,4
52,2025-03-20,7.54,9,4.28,1,88,5
52,2025-03-21,5.71,4,4.29,1,87,6
52,2025-03-22,8.42,10,4.29,0,90,6
52,2025-03-23,5.4,7,4.45,1,89,4
52,2025-03-24,8.78,5,4.69,1,89,5
52,2025-03-25,8.37,10,4.8,0,88,6
52,2025-03-26,5.82,3,4.75,1,81,4
52,2025-03-27,5.49,6,4.75,0,89,5
52,2025-03-28,6.55,3,4.99,0,85,5
52,2025-03-29,7.35,10,4.75,1,84,5
52,2025-03-30,4.73,8,4.76,0,90,5
52,2025-03-31,4.46,4,4.98,1,83,4
52,2025-04-01,6.03,3,5.0,1,83,4
52,2025-04-02,6.11,1,4.81,0,88,5
52,2025-04-03,5.55,2,4.87,0,81,4
52,2025-04-04,6.81,5,4.77,1,85,4
52,2025-04-05,4.55,10,4.99,0,91,5
52,2025-04-06,5.0,3,5.0,0,87,4
52,2025-04-07,6.16,7,5.0,0,90,5
52,2025-04-08,4.45,5,5.0,1,82,4
52,2025-04-09,5.78,2,4.89,0,83,5
52,2025-04-10,5.58,8,4.67,1,92,6
53,2025-01-01,5.66,2,3.42,1,93,7
53,2025-01-02,5.64,1,3.58,1,84,7
53,2025-01-03,4.96,7,3.69,0,90,7
53,2025-01-04,7.85,1,3.47,1,85,6
53,2025-01-05,7.48,3,3.44,0,88,6
53,2025-01-06,6.57,3,3.2,0,90,7
53,2025-01-07,7.78,10,3.16,0,85,6
53,2025-01-08,7.33,9,3.1,1,91,6
53,2025-01-09,6.4,9,3.05,0,87,6
53,2025-01-10,7.63,7,3.1,1,83,6
53,2025-01-11,7.94,3,3.11,0,88,6
53,2025-01-12,8.67,4,3.11,1,87,7
53,2025-01-13,9.45,9,3.22,0,87,7
53,2025-01-14,7.12,10,3.17,0,83,6
53,2025-01-15,4.77,2,3.12,1,88,6
53,2025-01-16,7.03,7,2.9,1,91,6
53,2025-01-17,5.59,2,2.96,0,88,7
53,2025-01-18,7.96,4,3.01,1,92,7
53,2025-01-19,6.16,1,2.89,0,82,6
53,2025-01-20,4.89,1,2.69,1,88,7
53,2025-01-21,8.4,1,2.45,0,86,7
53,2025-01-22,5.5,9,2.28,0,92,7
53,2025-01-23,9.0,7,2.41,0,86,6
53,2025-01-24,7.35,4,2.18,1,89,7
53,2025-01-25,7.23,9,2.08,1,86,7
53,2025-01-26,6.88,3,2.31,0,90,7
53,2025-01-27,4.81,10,2.23,1,95,8
53,2025-01-28,5.98,2,1.99,1,88,8
53,2025-01-29,5.77,4,1.77,0,85,7
53,2025-01-30,5.69,7,2.01,1,87,8
53,2025-01-31,3.74,4,1.91,1,87,7
53,2025-02-01,7.24,9,2.14,1,89,7
53,2025-02-02,5.41,2,1.97,1,89,7
53,2025-02-03,7.88,9,1.95,0,87,7
53,2025-02-04,7.21,7,2.09,1,88,8
53,2025-02-05,7.93,5,2.31,0,90,8
53,2025-02-06,5.93,7,2.25,0,84,7
53,2025-02-07,6.99,9,2.37,0,91,7
53,2025-02-08,7.27,4,2.46,0,87,6
53,2025-02-09,6.09,8,2.52,0,84,7
53,2025-02-10,5.57,4,2.52,0,86,7
53,2025-02-11,6.01,1,2.71,0,90,6
53,2025-02-12,5.87,1,2.47,1,88,8
53,2025-02-13,7.07,10,2.23,1,89,8
53,2025-02-14,4.86,5,2.32,0,91,7
53,2025-02-15,5.57,10,2.39,0,89,7
53,2025-02-16,7.64,1,2.36,0,89,8
53,2025-02-17,5.37,9,2.13,1,89,6
53,2025-02-18,4.75,4,2.06,1,84,7
53,2025-02-19,7.25,10,2.15,1,93,7
53,2025-02-20,6.69,2,1.94,0,91,8
53,2025-02-21,4.74,6,1.93,0,92,8
53,2025-02-22,4.45,5,1.9,1,94,8
53,2025-02-23,7.54,6,1.81,0,88,7
53,2025-02-24,5.83,2,1.67,0,86,8
53,2025-02-25,6.82,7,1.84,0,87,7
53,2025-02-26,7.09,8,2.0,0,90,8
53,2025-02-27,6.89,9,2.13,1,90,8
53,2025-02-28,8.08,9,1.95,0,87,8
53,2025-03-01,4.33,2,1.74,1,92,9
53,2025-03-02,6.08,8,1.96,1,95,8
53,2025-03-03,7.14,10,1.74,1,91,7
53,2025-03-04,8.51,4,1.81,0,97,9
53,2025-03-05,7.91,8,1.64,0,92,8
53,2025-03-06,8.35,4,1.86,1,86,8
53,2025-03-07,6.25,4,2.05,1,91,8
53,2025-03-08,5.38,8,1.92,1,90,7
53,2025-03-09,6.18,8,2.01,1,86,8
53,2025-03-10,7.77,7,2.18,1,91,7
53,2025-03-11,7.01,9,1.95,0,92,8
53,2025-03-12,7.42,1,1.98,0,91,8
53,2025-03-13,5.74,4,1.78,0,86,7
53,2025-03-14,4.35,4,1.76,1,87,8
53,2025-03-15,7.93,5,1.91,1,89,8
53,2025-03-16,6.5,7,2.13,1,93,8
53,2025-03-17,5.23,5,1.95,1,87,7
53,2025-03-18,7.6,1,1.9,1,88,8
53,2025-03-19,5.52,6,1.67,1,87,8
53,2025-03-20,7.92,6,1.66,1,92,8
53,2025-03-21,8.41,6,1.51,1,88,8
53,2025-03-22,5.35,9,1.72,1,89,8
53,2025-03-23,4.48,3,1.77,0,90,8
53,2025-03-24,5.41,4,1.8,0,84,7
53,2025-03-25,5.8,3,2.0,0,91,7
53,2025-03-26,7.48,3,2.12,0,90,7
53,2025-03-27,7.13,3,1.96,0,84,7
53,2025-03-28,7.19,1,1.93,1,95,8
53,2025-03-29,7.33,7,1.7,0,88,8
53,2025-03-30,4.8,10,1.92,1,87,7
53,2025-03-31,5.99,6,2.03,0,91,8
53,2025-04-01,7.36,2,2.26,0,89,7
53,2025-04-02,7.21,5,2.43,1,93,7
53,2025-04-03,8.94,5,2.53,0,91,8
53,2025-04-04,6.61,1,2.28,1,86,7
53,2025-04-05,7.01,8,2.07,1,82,6
53,2025-04-06,7.95,6,2.23,0,90,8
53,2025-04-07,6.01,7,2.24,0,93,7
53,2025-04-08,5.61,5,2.02,0,88,8
53,2025-04-09,5.87,1,1.88,0,91,7
53,2025-04-10,7.65,1,1.86,0,92,8
54,2025-01-01,4.86,5,3.09,1,83,7
54,2025-01-02,5.61,6,3.23,1,85,6
54,2025-01-03,7.99,5,3.06,1,88,7
54,2025-01-04,8.78,7,3.29,0,89,7
54,2025-01-05,5.37,7,3.16,1,85,7
54,2025-01-06,5.79,4,3.25,1,84,6
54,2025-01-07,7.99,9,3.2,1,87,6
54,2025-01-08,6.44,2,2.97,0,88,6
54,2025-01-09,6.03,6,3.13,0,87,7
54,2025-01-10,6.26,1,3.09,1,85,7
54,2025-01-11,7.3,6,3.16,0,86,5
54,2025-01-12,6.21,4,2.97,0,84,7
54,2025-01-13,6.65,9,3.08,0,81,5
54,2025-01-14,7.67,10,3.11,1,87,6
54,2025-01-15,8.49,6,2.99,0,89,6
54,2025-01-16,6.47,7,3.16,1,84,7
54,2025-01-17,4.7,9,3.24,1,81,6
54,2025-01-18,5.77,10,3.28,0,84,6
54,2025-01-19,5.09,1,3.07,1,89,7
54,2025-01-20,6.66,1,3.24,1,88,7
54,2025-01-21,6.22,10,3.35,0,87,7
54,2025-01-22,9.03,4,3.18,1,91,7
54,2025-01-23,4.75,3,3.26,0,88,6
54,2025-01-24,7.05,9,3.32,1,86,6
54,2025-01-25,5.64,1,3.2,1,82,5
54,2025-01-26,6.77,7,3.35,0,86,6
54,2025-01-27,4.75,1,3.47,0,80,6
54,2025-01-28,6.82,7,3.5,0,88,7
54,2025-01-29,5.11,4,3.72,1,84,6
54,2025-01-30,6.52,3,3.67,0,82,6
54,2025-01-31,7.0,4,3.72,0,83,7
54,2025-02-01,5.53,6,3.56,1,80,5
54,2025-02-02,7.73,10,3.37,1,84,7
54,2025-02-03,5.57,6,3.2,1,82,6
54,2025-02-04,4.06,3,3.41,0,87,7
54,2025-02-05,4.37,4,3.41,0,80,6
54,2025-02-06,7.56,7,3.64,1,87,6
54,2025-02-07,5.95,5,3.69,0,85,5
54,2025-02-08,7.81,10,3.61,1,84,5
54,2025-02-09,8.55,3,3.43,1,79,5
54,2025-02-10,5.56,2,3.6,1,80,5
54,2025-02-11,6.14,2,3.45,1,89,7
54,2025-02-12,7.71,3,3.26,1,84,6
54,2025-02-13,4.78,2,3.38,1,86,6
54,2025-02-14,6.02,7,3.28,0,82,6
54,2025-02-15,5.11,9,3.09,0,85,7
54,2025-02-16,5.63,7,2.89,0,85,7
54,2025-02-17,6.59,2,2.98,1,86,6
54,2025-02-18,7.31,7,3.08,1,82,7
54,2025-02-19,6.29,1,3.11,1,87,6
54,2025-02-20,5.08,4,3.04,1,86,7
54,2025-02-21,5.3,10,3.07,0,89,6
54,2025-02-22,6.21,1,2.97,1,86,6
54,2025-02-23,5.94,10,2.87,1,86,7
54,2025-02-24,7.84,7,2.71,1,86,8
54,2025-02-25,4.81,9,2.54,1,89,7
54,2025-02-26,7.15,8,2.73,1,88,7
54,2025-02-27,4.77,2,2.81,0,85,6
54,2025-02-28,4.62,2,2.79,1,85,7
54,2025-03-01,6.17,1,2.72,0,85,7
54,2025-03-02,4.81,6,2.91,1,82,7
54,2025-03-03,6.4,6,2.95,1,87,7
54,2025-03-04,6.27,9,2.75,1,85,7
54,2025-03-05,7.25,6,2.95,0,89,7
54,2025-03-06,7.72,5,3.07,1,86,6
54,2025-03-07,5.48,1,3.21,1,88,7
54,2025-03-08,6.45,1,2.97,1,89,7
54,2025-03-09,8.45,6,3.03,1,86,5
54,2025-03-10,5.76,5,3.26,0,82,6
54,2025-03-11,8.07,8,3.36,0,85,6
54,2025-03-12,6.82,6,3.6,1,89,6
54,2025-03-13,5.75,8,3.56,1,82,7
54,2025-03-14,7.42,9,3.33,0,87,6
54,2025-03-15,5.83,1,3.57,1,84,6
54,2025-03-16,5.13,3,3.44,0,86,6
54,2025-03-17,6.07,10,3.57,0,86,6
54,2025-03-18,4.63,8,3.39,1,84,7
54,2025-03-19,6.59,4,3.25,1,87,6
54,2025-03-20,4.93,2,3.2,0,85,5
54,2025-03-21,6.68,8,3.35,0,83,6
54,2025-03-22,9.12,2,3.11,0,85,6
54,2025-03-23,5.77,10,3.07,1,82,7
54,2025-03-24,5.6,1,3.02,1,81,6
54,2025-03-25,4.96,2,2.83,0,86,7
54,2025-03-26,6.27,1,2.62,1,91,8
54,2025-03-27,6.22,2,2.52,1,89,7
54,2025-03-28,4.26,9,2.62,0,90,8
54,2025-03-29,7.16,8,2.85,1,85,6
54,2025-03-30,7.0,8,2.68,1,88,7
54,2025-03-31,5.5,5,2.77,0,82,7
54,2025-04-01,5.66,10,2.91,0,87,6
54,2025-04-02,7.13,10,2.74,0,86,6
54,2025-04-03,7.3,8,2.57,0,91,7
54,2025-04-04,6.83,1,2.36,0,86,8
54,2025-04-05,6.47,5,2.53,1,86,6
54,2025-04-06,8.95,2,2.72,1,89,7
54,2025-04-07,4.57,2,2.79,1,90,7
54,2025-04-08,6.46,5,2.98,1,86,7
54,2025-04-09,5.93,6,3.13,0,79,5
54,2025-04-10,4.83,7,3.35,0,90,7
55,2025-01-01,6.88,5,3.58,1,77,6
55,2025-01-02,6.04,1,3.81,1,83,6
55,2025-01-03,7.64,3,3.6,1,79,6
55,2025-01-04,6.47,8,3.69,1,79,6
55,2025-01-05,5.64,8,3.63,1,82,7
55,2025-01-06,7.23,8,3.61,0,81,7
55,2025-01-07,7.25,10,3.56,0,80,5
55,2025-01-08,5.17,3,3.65,0,81,5
55,2025-01-09,5.49,4,3.86,1,74,5
55,2025-01-10,7.27,1,3.95,0,78,6
55,2025-01-11,6.42,4,3.93,0,80,6
55,2025-01-12,6.99,1,3.87,0,81,6
55,2025-01-13,6.2,10,3.91,0,81,6
55,2025-01-14,7.65,2,3.71,0,77,6
55,2025-01-15,6.42,7,3.55,0,79,6
55,2025-01-16,8.33,3,3.77,1,77,6
55,2025-01-17,4.77,7,3.64,0,81,7
55,2025-01-18,7.24,8,3.8,0,81,7
55,2025-01-19,6.47,3,3.68,1,83,6
55,2025-01-20,6.37,6,3.88,0,78,5
55,2025-01-21,6.74,8,4.09,0,83,6
55,2025-01-22,6.15,7,3.94,0,84,6
55,2025-01-23,5.47,7,3.99,0,80,6
55,2025-01-24,7.09,9,4.05,0,78,6
55,2025-01-25,8.08,7,3.9,1,75,5
55,2025-01-26,5.16,4,3.78,0,77,7
55,2025-01-27,4.57,7,3.74,1,81,5
55,2025-01-28,7.89,2,3.49,1,80,6
55,2025-01-29,7.42,6,3.54,1,83,7
55,2025-01-30,4.4,8,3.61,1,78,5
55,2025-01-31,5.69,9,3.83,0,77,6
55,2025-02-01,7.39,9,3.91,0,82,5
55,2025-02-02,5.96,5,3.77,0,83,6
55,2025-02-03,7.63,7,3.8,0,83,6
55,2025-02-04,10.0,3,3.63,0,79,7
55,2025-02-05,6.91,6,3.74,0,75,6
55,2025-02-06,8.64,2,3.72,1,79,5
55,2025-02-07,7.63,4,3.49,0,86,7
55,2025-02-08,6.33,7,3.26,1,77,6
55,2025-02-09,7.1,4,3.46,1,85,7
55,2025-02-10,5.9,5,3.34,1,76,5
55,2025-02-11,4.22,2,3.49,0,78,5
55,2025-02-12,6.45,9,3.38,1,79,6
55,2025-02-13,8.21,4,3.5,0,75,5
55,2025-02-14,6.6,5,3.26,1,74,5
55,2025-02-15,5.31,4,3.13,0,78,6
55,2025-02-16,6.09,9,3.36,0,84,6
55,2025-02-17,6.55,8,3.33,0,75,6
55,2025-02-18,6.79,10,3.35,0,84,7
55,2025-02-19,6.44,7,3.17,1,81,6
55,2025-02-20,6.19,9,3.23,0,78,6
55,2025-02-21,8.14,3,3.44,1,81,5
55,2025-02-22,4.52,3,3.33,1,75,5
55,2025-02-23,4.88,1,3.28,1,83,6
55,2025-02-24,6.26,9,3.4,0,77,6
55,2025-02-25,5.68,1,3.15,0,80,6
55,2025-02-26,7.47,2,3.29,1,84,6
55,2025-02-27,4.62,10,3.49,0,84,6
55,2025-02-28,8.72,1,3.36,0,84,6
55,2025-03-01,7.79,1,3.2,1,78,7
55,2025-03-02,6.91,1,3.33,0,78,6
55,2025-03-03,5.67,5,3.29,1,74,5
55,2025-03-04,8.52,1,3.48,1,78,6
55,2025-03-05,8.19,10,3.31,1,81,6
55,2025-03-06,8.35,10,3.21,0,79,6
55,2025-03-07,6.31,1,3.05,1,77,6
55,2025-03-08,4.9,7,3.06,1,81,7
55,2025-03-09,6.26,8,2.86,0,86,7
55,2025-03-10,4.85,6,3.01,1,80,6
55,2025-03-11,4.35,9,2.91,1,84,7
55,2025-03-12,8.56,1,3.04,0,78,6
55,2025-03-13,7.24,6,3.18,0,84,7
55,2025-03-14,4.68,8,3.05,1,77,7
55,2025-03-15,7.08,4,3.27,1,77,7
55,2025-03-16,7.31,4,3.34,1,84,6
55,2025-03-17,7.11,3,3.1,1,80,7
55,2025-03-18,6.66,4,2.94,0,82,6
55,2025-03-19,5.37,5,3.1,1,77,7
55,2025-03-20,4.54,2,3.33,1,82,5
55,2025-03-21,5.85,6,3.32,1,77,6
55,2025-03-22,7.69,1,3.12,0,79,7
55,2025-03-23,6.79,2,3.02,0,73,5
55,2025-03-24,5.06,4,3.1,1,81,7
55,2025-03-25,8.96,7,2.99,0,75,6
55,2025-03-26,5.34,5,3.11,0,82,7
55,2025-03-27,7.58,8,3.35,1,79,6
55,2025-03-28,6.11,10,3.19,1,82,6
55,2025-03-29,5.96,1,3.07,1,81,6
55,2025-03-30,7.2,4,2.97,1,85,7
55,2025-03-31,7.85,1,2.98,0,76,6
55,2025-04-01,6.25,1,2.77,0,83,6
55,2025-04-02,7.9,9,2.75,1,81,7
55,2025-04-03,7.57,3,2.71,1,81,7
55,2025-04-04,5.31,8,2.47,1,77,7
55,2025-04-05,5.58,3,2.65,1,79,7
55,2025-04-06,6.12,3,2.72,1,75,6
55,2025-04-07,7.82,7,2.94,1,78,7
55,2025-04-08,5.83,8,3.12,0,83,7
55,2025-04-09,6.03,2,2.89,0,80,7
55,2025-04-10,5.06,3,2.67,1,78,6
56,2025-01-01,3.46,3,3.11,1,89,6
56,2025-01-02,10.0,5,3.28,0,90,6
56,2025-01-03,5.52,4,3.21,0,81,6
56,2025-01-04,4.69,7,3.42,0,89,7
56,2025-01-05,6.72,7,3.35,1,83,6
56,2025-01-06,6.83,1,3.49,1,86,6
56,2025-01-07,5.85,8,3.62,1,86,7
56,2025-01-08,6.78,2,3.49,1,87,5
56,2025-01-09,6.55,7,3.26,1,84,5
56,2025-01-10,5.42,7,3.26,1,88,6
56,2025-01-11,5.04,6,3.33,0,91,7
56,2025-01-12,5.96,2,3.1,1,84,7
56,2025-01-13,5.98,9,2.85,0,83,6
56,2025-01-14,6.77,9,2.89,0,85,6
56,2025-01-15,8.32,7,2.68,0,86,6
56,2025-01-16,7.36,6,2.58,0,90,6
56,2025-01-17,6.68,4,2.74,1,87,7
56,2025-01-18,8.33,6,2.98,0,89,6
56,2025-01-19,7.83,3,3.15,1,87,6
56,2025-01-20,5.89,6,3.1,1,84,6
56,2025-01-21,4.01,1,3.02,1,87,7
56,2025-01-22,7.48,7,3.06,0,84,6
56,2025-01-23,5.76,9,2.89,1,84,7
56,2025-01-24,5.53,4,2.77,0,85,7
56,2025-01-25,5.78,1,2.89,0,88,6
56,2025-01-26,6.64,9,3.09,0,87,6
56,2025-01-27,5.8,10,3.06,0,86,7
56,2025-01-28,6.02,5,2.92,1,87,6
56,2025-01-29,5.69,10,3.05,1,84,6
56,2025-01-30,5.88,6,3.28,0,84,6
56,2025-01-31,7.63,6,3.4,0,90,6
56,2025-02-01,6.23,6,3.31,1,86,5
56,2025-02-02,6.06,10,3.39,0,83,7
56,2025-02-03,7.0,8,3.16,1,85,6
56,2025-02-04,4.06,6,3.25,1,90,6
56,2025-02-05,5.84,5,3.21,1,84,7
56,2025-02-06,8.39,6,3.13,0,89,7
56,2025-02-07,5.19,7,3.17,1,91,7
56,2025-02-08,6.28,2,3.29,0,88,6
56,2025-02-09,5.91,1,3.13,0,87,7
56,2025-02-10,5.0,8,3.06,1,84,6
56,2025-02-11,8.04,4,3.11,0,82,6
56,2025-02-12,3.72,2,3.24,1,84,6
56,2025-02-13,7.45,3,3.31,0,89,6
56,2025-02-14,4.84,1,3.09,0,84,6
56,2025-02-15,6.05,8,2.92,1,89,6
56,2025-02-16,8.6,5,2.78,0,87,7
56,2025-02-17,4.08,5,2.93,0,88,6
56,2025-02-18,4.59,6,3.06,1,89,6
56,2025-02-19,6.88,9,3.26,1,86,6
56,2025-02-20,7.17,4,3.08,1,83,6
56,2025-02-21,4.96,3,3.14,1,84,6
56,2025-02-22,6.87,4,3.28,0,87,7
56,2025-02-23,7.17,10,3.31,1,86,6
56,2025-02-24,9.1,4,3.11,0,89,6
56,2025-02-25,5.69,10,2.89,1,88,7
56,2025-02-26,8.46,3,2.79,0,83,6
56,2025-02-27,5.44,9,2.56,1,84,7
56,2025-02-28,6.95,1,2.36,1,87,8
56,2025-03-01,6.61,8,2.4,1,86,7
56,2025-03-02,6.42,6,2.57,1,85,7
56,2025-03-03,7.77,8,2.6,0,90,6
56,2025-03-04,6.45,7,2.37,0,84,7
56,2025-03-05,5.54,8,2.18,1,86,8
56,2025-03-06,5.18,1,2.18,1,84,6
56,2025-03-07,7.04,10,2.22,1,89,7
56,2025-03-08,8.46,6,2.35,0,93,8
56,2025-03-09,5.86,9,2.41,0,86,7
56,2025-03-10,7.63,2,2.61,0,83,7
56,2025-03-11,4.86,10,2.67,1,85,7
56,2025-03-12,7.51,3,2.66,1,83,7
56,2025-03-13,8.76,2,2.9,0,85,6
56,2025-03-14,5.58,9,3.14,1,84,7
56,2025-03-15,5.88,9,3.02,0,91,7
56,2025-03-16,5.64,9,2.98,0,85,7
56,2025-03-17,5.2,8,2.92,0,84,7
56,2025-03-18,5.62,6,3.15,1,89,7
56,2025-03-19,4.1,4,3.01,1,82,6
56,2025-03-20,7.49,2,3.11,0,88,7
56,2025-03-21,6.8,7,3.25,1,87,7
56,2025-03-22,5.98,3,3.06,1,92,7
56,2025-03-23,5.94,6,2.98,0,92,7
56,2025-03-24,4.96,10,2.81,1,84,7
56,2025-03-25,6.9,10,3.03,1,91,7
56,2025-03-26,6.48,3,2.98,0,90,6
56,2025-03-27,7.33,10,3.01,0,81,6
56,2025-03-28,7.22,3,3.15,0,84,6
56,2025-03-29,8.17,10,3.31,1,86,7
56,2025-03-30,6.72,4,3.38,1,92,7
56,2025-03-31,5.91,6,3.58,0,83,5
56,2025-04-01,5.78,7,3.36,1,88,6
56,2025-04-02,7.41,8,3.4,0,86,6
56,2025-04-03,3.83,4,3.54,0,85,6
56,2025-04-04,7.07,9,3.65,0,81,5
56,2025-04-05,7.43,9,3.56,1,84,6
56,2025-04-06,5.76,4,3.43,0,84,6
56,2025-04-07,7.94,3,3.19,0,83,6
56,2025-04-08,8.19,2,3.16,0,84,7
56,2025-04-09,5.73,2,3.22,1,85,6
56,2025-04-10,5.75,8,3.2,0,90,7
57,2025-01-01,6.25,5,3.37,1,90,6
57,2025-01-02,5.58,1,3.46,1,92,7
57,2025-01-03,5.9,9,3.49,1,92,6
57,2025-01-04,7.16,8,3.54,1,96,5
57,2025-01-05,5.69,2,3.35,0,90,6
57,2025-01-06,8.78,4,3.1,1,92,7
57,2025-01-07,7.19,10,2.85,0,90,6
57,2025-01-08,8.18,5,2.7,1,101,7
57,2025-01-09,6.93,7,2.71,1,92,7
57,2025-01-10,5.33,6,2.55,0,93,7
57,2025-01-11,6.83,5,2.48,0,98,8
57,2025-01-12,8.33,8,2.43,1,100,8
57,2025-01-13,5.43,1,2.24,1,101,8
57,2025-01-14,6.12,7,2.33,0,101,8
57,2025-01-15,6.79,7,2.39,0,95,8
57,2025-01-16,5.9,9,2.45,1,99,7
57,2025-01-17,7.72,5,2.58,1,93,7
57,2025-01-18,5.91,9,2.52,0,95,8
57,2025-01-19,5.52,4,2.46,0,92,7
57,2025-01-20,5.48,1,2.51,1,101,7
57,2025-01-21,6.99,6,2.66,0,93,6
57,2025-01-22,9.1,2,2.72,1,97,7
57,2025-01-23,8.62,9,2.81,1,97,7
57,2025-01-24,3.78,7,2.75,1,97,8
57,2025-01-25,6.39,3,2.57,1,90,6
57,2025-01-26,5.81,2,2.44,0,92,6
57,2025-01-27,6.32,7,2.51,0,98,7
57,2025-01-28,7.73,3,2.56,0,95,6
57,2025-01-29,7.74,1,2.37,0,103,8
57,2025-01-30,4.15,9,2.57,1,96,6
57,2025-01-31,6.35,4,2.53,0,97,7
57,2025-02-01,5.63,1,2.78,1,94,7
57,2025-02-02,6.58,7,2.55,1,97,7
57,2025-02-03,8.8,6,2.62,0,94,7
57,2025-02-04,6.74,8,2.49,1,97,7
57,2025-02-05,7.16,3,2.54,0,101,8
57,2025-02-06,7.51,3,2.46,1,96,7
57,2025-02-07,6.44,8,2.41,0,91,6
57,2025-02-08,7.15,5,2.55,0,101,8
57,2025-02-09,7.26,10,2.55,0,92,7
57,2025-02-10,3.57,3,2.72,0,101,7
57,2025-02-11,9.11,2,2.88,0,99,7
57,2025-02-12,4.41,6,2.66,1,92,7
57,2025-02-13,7.18,1,2.81,1,92,6
57,2025-02-14,6.87,3,2.99,1,95,6
57,2025-02-15,7.01,8,3.16,0,98,6
57,2025-02-16,7.3,9,3.25,0,94,7
57,2025-02-17,6.6,8,3.19,0,91,5
57,2025-02-18,5.66,9,3.39,0,93,6
57,2025-02-19,4.95,4,3.44,1,96,6
57,2025-02-20,7.3,7,3.24,0,97,7
57,2025-02-21,6.54,1,3.44,1,96,7
57,2025-02-22,6.14,4,3.2,0,99,7
57,2025-02-23,6.88,4,3.13,0,91,6
57,2025-02-24,8.29,2,3.16,0,92,6
57,2025-02-25,7.57,2,3.17,0,94,6
57,2025-02-26,6.9,6,3.23,0,96,7
57,2025-02-27,7.21,9,3.14,0,98,6
57,2025-02-28,5.29,4,3.26,1,98,6
57,2025-03-01,4.64,10,3.34,1,94,7
57,2025-03-02,3.58,9,3.25,1,95,7
57,2025-03-03,7.16,10,3.15,1,98,6
57,2025-03-04,7.71,6,3.16,1,98,6
57,2025-03-05,7.79,3,2.94,0,95,7
57,2025-03-06,6.01,9,2.7,1,98,7
57,2025-03-07,7.7,10,2.62,0,92,6
57,2025-03-08,8.0,4,2.51,1,97,6
57,2025-03-09,6.2,9,2.34,1,96,6
57,2025-03-10,7.86,1,2.56,0,98,6
57,2025-03-11,6.24,7,2.55,1,95,7
57,2025-03-12,5.67,7,2.74,0,94,7
57,2025-03-13,6.35,9,2.7,1,97,7
57,2025-03-14,7.43,9,2.68,1,98,7
57,2025-03-15,5.41,10,2.9,1,97,7
57,2025-03-16,6.0,4,2.99,0,90,6
57,2025-03-17,8.01,7,3.05,0,100,7
57,2025-03-18,7.51,4,3.23,1,93,7
57,2025-03-19,5.94,10,3.13,0,92,6
57,2025-03-20,5.66,7,3.15,0,95,5
57,2025-03-21,8.44,2,3.02,0,93,6
57,2025-03-22,6.59,6,3.2,1,93,7
57,2025-03-23,6.62,10,3.31,1,93,6
57,2025-03-24,7.06,1,3.22,0,101,7
57,2025-03-25,5.0,2,3.21,0,88,5
57,2025-03-26,6.77,9,3.41,0,95,6
57,2025-03-27,7.11,2,3.65,1,93,5
57,2025-03-28,7.55,10,3.64,1,92,6
57,2025-03-29,5.04,10,3.71,1,94,7
57,2025-03-30,6.05,5,3.71,1,88,5
57,2025-03-31,5.22,4,3.86,1,95,6
57,2025-04-01,8.53,3,3.87,0,92,6
57,2025-04-02,7.71,6,4.05,1,88,5
57,2025-04-03,6.87,5,3.87,0,95,5
57,2025-04-04,6.51,1,3.97,1,98,6
57,2025-04-05,5.44,10,3.76,0,97,6
57,2025-04-06,7.88,8,3.66,0,97,6
57,2025-04-07,4.95,5,3.6,0,90,6
57,2025-04-08,6.7,4,3.82,1,96,5
57,2025-04-09,7.01,3,3.92,1,92,6
57,2025-04-10,6.2,9,4.13,1,93,6
58,2025-01-01,6.41,7,3.39,0,91,6
58,2025-01-02,5.88,7,3.53,0,93,6
58,2025-01-03,5.54,4,3.54,1,90,5
58,2025-01-04,6.56,7,3.66,1,93,7
58,2025-01-05,7.69,3,3.46,0,95,6
58,2025-01-06,8.49,5,3.71,1,88,6
58,2025-01-07,5.57,6,3.61,0,95,5
58,2025-01-08,5.8,8,3.49,1,88,6
58,2025-01-09,6.54,2,3.68,0,92,7
58,2025-01-10,7.67,8,3.61,0,93,6
58,2025-01-11,8.18,3,3.56,1,94,6
58,2025-01-12,5.43,10,3.48,1,86,5
58,2025-01-13,5.9,6,3.35,1,91,7
58,2025-01-14,7.25,10,3.25,1,90,5
58,2025-01-15,6.26,8,3.24,1,91,6
58,2025-01-16,7.21,3,3.1,0,90,7
58,2025-01-17,6.9,1,3.3,1,98,7
58,2025-01-18,7.61,1,3.5,1,91,6
58,2025-01-19,4.86,5,3.36,0,94,7
58,2025-01-20,4.67,2,3.54,0,90,6
58,2025-01-21,5.87,1,3.65,0,95,7
58,2025-01-22,6.7,5,3.44,1,93,5
58,2025-01-23,8.34,4,3.61,1,95,5
58,2025-01-24,6.51,1,3.45,0,94,6
58,2025-01-25,5.66,8,3.63,1,93,5
58,2025-01-26,4.6,8,3.54,1,95,6
58,2025-01-27,8.11,9,3.45,0,94,7
58,2025-01-28,4.34,10,3.52,0,92,6
58,2025-01-29,4.65,10,3.42,1,92,6
58,2025-01-30,5.61,2,3.25,0,96,6
58,2025-01-31,5.03,9,3.07,1,88,6
58,2025-02-01,4.98,10,2.83,1,95,8
58,2025-02-02,6.96,3,2.65,0,98,7
58,2025-02-03,3.99,1,2.78,0,96,7
58,2025-02-04,8.51,1,2.54,0,98,7
58,2025-02-05,5.7,8,2.58,0,88,6
58,2025-02-06,3.63,10,2.36,1,92,7
58,2025-02-07,3.33,2,2.32,0,92,7
58,2025-02-08,6.84,5,2.54,1,88,6
58,2025-02-09,7.95,6,2.65,1,92,7
58,2025-02-10,5.35,2,2.75,1,98,7
58,2025-02-11,6.07,1,2.95,1,93,6
58,2025-02-12,5.85,4,2.97,0,94,6
58,2025-02-13,5.0,1,3.04,1,99,7
58,2025-02-14,7.41,8,3.02,1,97,7
58,2025-02-15,4.82,1,2.99,0,92,7
58,2025-02-16,8.75,5,3.12,1,90,7
58,2025-02-17,6.39,2,3.29,0,93,6
58,2025-02-18,7.51,7,3.09,1,93,7
58,2025-02-19,6.41,1,3.1,0,93,7
58,2025-02-20,8.38,4,3.19,0,96,7
58,2025-02-21,6.33,3,3.37,0,97,7
58,2025-02-22,7.01,1,3.45,0,99,7
58,2025-02-23,6.1,6,3.21,0,96,7
58,2025-02-24,4.84,1,3.0,1,96,6
58,2025-02-25,6.48,7,3.23,0,95,6
58,2025-02-26,6.96,8,3.28,1,91,6
58,2025-02-27,5.67,2,3.14,1,95,7
58,2025-02-28,6.15,1,3.34,0,92,6
58,2025-03-01,5.01,5,3.16,0,94,7
58,2025-03-02,6.38,3,3.31,1,90,5
58,2025-03-03,8.23,7,3.52,1,88,5
58,2025-03-04,6.69,8,3.56,1,95,6
58,2025-03-05,6.32,6,3.77,1,96,7
58,2025-03-06,5.66,6,3.87,1,96,7
58,2025-03-07,6.22,3,3.91,1,95,6
58,2025-03-08,8.27,1,4.03,1,95,5
58,2025-03-09,6.79,8,3.85,0,88,6
58,2025-03-10,6.45,3,3.87,0,98,7
58,2025-03-11,6.88,6,4.01,1,95,5
58,2025-03-12,7.21,9,3.87,0,96,6
58,2025-03-13,8.95,8,4.0,0,92,5
58,2025-03-14,5.5,10,4.06,1,95,5
58,2025-03-15,9.03,2,3.87,1,92,7
58,2025-03-16,8.56,7,3.71,0,86,5
58,2025-03-17,6.72,6,3.68,0,94,5
58,2025-03-18,6.61,1,3.53,0,87,5
58,2025-03-19,5.92,9,3.63,1,91,7
58,2025-03-20,4.49,1,3.41,1,99,7
58,2025-03-21,7.6,4,3.52,0,96,6
58,2025-03-22,7.68,4,3.35,1,93,7
58,2025-03-23,5.45,1,3.47,0,94,7
58,2025-03-24,8.17,6,3.59,1,90,6
58,2025-03-25,7.23,8,3.38,0,87,5
58,2025-03-26,7.06,5,3.2,1,91,7
58,2025-03-27,6.89,9,2.98,0,94,7
58,2025-03-28,6.95,10,2.83,0,92,6
58,2025-03-29,4.85,9,2.93,1,88,6
58,2025-03-30,6.64,8,3.06,1,96,7
58,2025-03-31,6.12,5,2.93,1,96,7
58,2025-04-01,6.48,6,2.9,1,89,6
58,2025-04-02,6.27,7,2.89,1,93,7
58,2025-04-03,6.49,2,2.69,0,90,6
58,2025-04-04,5.12,7,2.65,0,94,7
58,2025-04-05,6.79,7,2.56,1,98,7
58,2025-04-06,7.06,6,2.57,0,99,8
58,2025-04-07,8.17,10,2.55,0,96,7
58,2025-04-08,7.64,4,2.6,1,96,6
58,2025-04-09,7.54,4,2.8,0,95,7
58,2025-04-10,7.77,3,2.83,0,98,7
59,2025-01-01,6.37,1,3.78,0,80,5
59,2025-01-02,7.48,1,3.89,0,77,6
59,2025-01-03,6.54,10,4.05,1,78,6
59,2025-01-04,8.01,2,4.15,1,85,6
59,2025-01-05,5.31,5,4.32,1,74,5
59,2025-01-06,8.29,3,4.5,0,79,5
59,2025-01-07,7.06,4,4.47,0,75,5
59,2025-01-08,6.27,1,4.52,1,76,5
59,2025-01-09,6.45,2,4.72,1,79,4
59,2025-01-10,7.26,8,4.54,0,76,5
59,2025-01-11,5.21,5,4.51,1,79,4
59,2025-01-12,5.8,3,4.31,1,84,6
59,2025-01-13,6.7,7,4.17,1,79,5
59,2025-01-14,7.2,3,4.07,1,80,5
59,2025-01-15,7.29,9,4.12,1,84,6
59,2025-01-16,7.97,10,4.13,0,82,5
59,2025-01-17,6.43,10,3.92,1,82,5
59,2025-01-18,7.73,5,3.89,0,83,5
59,2025-01-19,7.56,2,3.71,1,79,6
59,2025-01-20,6.63,7,3.61,0,84,6
59,2025-01-21,5.27,6,3.45,1,79,6
59,2025-01-22,7.63,1,3.5,1,87,7
59,2025-01-23,6.23,1,3.46,1,84,6
59,2025-01-24,5.73,8,3.48,0,78,7
59,2025-01-25,7.18,10,3.66,1,80,6
59,2025-01-26,5.89,1,3.61,1,83,5
59,2025-01-27,6.24,6,3.52,1,83,5
59,2025-01-28,4.91,10,3.31,0,83,5
59,2025-01-29,5.45,4,3.49,1,85,6
59,2025-01-30,7.8,8,3.72,0,82,5
59,2025-01-31,6.65,1,3.95,1,85,6
59,2025-02-01,5.67,6,3.71,1,81,5
59,2025-02-02,8.81,10,3.5,1,85,6
59,2025-02-03,4.61,2,3.26,0,83,6
59,2025-02-04,6.17,3,3.09,0,85,7
59,2025-02-05,8.71,6,3.02,1,85,7
59,2025-02-06,7.15,8,2.87,0,83,6
59,2025-02-07,4.91,1,2.8,1,82,6
59,2025-02-08,5.09,4,2.64,1,79,7
59,2025-02-09,6.88,4,2.63,0,85,8
59,2025-02-10,6.9,7,2.48,0,84,7
59,2025-02-11,5.54,1,2.3,1,79,7
59,2025-02-12,7.05,7,2.41,0,80,6
59,2025-02-13,5.48,7,2.63,1,82,8
59,2025-02-14,7.01,8,2.54,0,80,7
59,2025-02-15,7.99,6,2.7,0,86,7
59,2025-02-16,9.13,2,2.94,1,76,6
59,2025-02-17,7.11,6,2.7,1,83,7
59,2025-02-18,6.95,6,2.51,0,83,6
59,2025-02-19,4.52,10,2.26,0,85,8
59,2025-02-20,5.6,4,2.1,0,85,7
59,2025-02-21,10.0,10,2.02,1,78,7
59,2025-02-22,6.23,10,2.02,0,81,7
59,2025-02-23,8.05,4,2.06,1,86,7
59,2025-02-24,7.12,3,1.97,1,88,8
59,2025-02-25,7.27,7,2.15,1,82,6
59,2025-02-26,6.33,1,2.05,0,80,8
59,2025-02-27,6.42,6,1.97,0,80,8
59,2025-02-28,6.47,2,2.07,1,83,7
59,2025-03-01,5.01,10,2.23,1,82,6
59,2025-03-02,6.99,9,2.24,1,82,8
59,2025-03-03,5.18,7,2.09,1,89,8
59,2025-03-04,7.77,1,1.98,1,88,8
59,2025-03-05,9.44,9,2.2,0,80,7
59,2025-03-06,6.47,1,2.22,0,82,6
59,2025-03-07,7.09,7,2.08,1,79,7
59,2025-03-08,5.96,8,1.94,1,81,7
59,2025-03-09,6.43,3,2.19,0,81,7
59,2025-03-10,6.77,1,1.95,0,87,7
59,2025-03-11,6.25,9,2.05,0,80,8
59,2025-03-12,7.61,7,1.85,1,81,8
59,2025-03-13,5.26,3,1.63,0,84,8
59,2025-03-14,5.19,8,1.84,1,84,7
59,2025-03-15,5.83,4,1.74,1,84,8
59,2025-03-16,7.26,2,1.86,0,85,8
59,2025-03-17,5.69,5,1.95,0,87,7
59,2025-03-18,5.41,1,1.84,0,84,7
59,2025-03-19,5.58,1,1.7,0,84,7
59,2025-03-20,6.24,10,1.6,1,78,7
59,2025-03-21,5.36,8,1.49,1,83,9
59,2025-03-22,7.36,7,1.66,1,85,8
59,2025-03-23,6.77,6,1.84,1,83,8
59,2025-03-24,7.61,4,1.8,0,87,8
59,2025-03-25,6.78,1,1.63,0,83,8
59,2025-03-26,6.08,10,1.65,0,79,7
59,2025-03-27,7.42,10,1.9,1,80,7
59,2025-03-28,6.36,1,1.81,1,79,7
59,2025-03-29,6.59,6,1.72,1,80,7
59,2025-03-30,8.63,3,1.69,0,84,8
59,2025-03-31,5.93,10,1.45,0,84,7
59,2025-04-01,8.15,8,1.46,1,80,8
59,2025-04-02,5.05,6,1.51,0,78,7
59,2025-04-03,7.63,3,1.57,0,79,7
59,2025-04-04,4.65,4,1.34,1,85,7
59,2025-04-05,6.32,3,1.32,0,83,8
59,2025-04-06,6.14,5,1.39,0,87,8
59,2025-04-07,9.18,10,1.39,1,89,8
59,2025-04-08,7.77,1,1.3,1,86,8
59,2025-04-09,7.05,3,1.07,0,89,9
59,2025-04-10,5.44,9,1.1,0,91,9
60,2025-01-01,6.2,9,3.26,0,83,6
60,2025-01-02,6.3,10,3.33,0,79,5
60,2025-01-03,6.47,8,3.11,0,82,6
60,2025-01-04,8.77,4,3.28,0,85,6
60,2025-01-05,6.06,1,3.23,1,87,7
60,2025-01-06,8.41,4,2.99,0,84,7
60,2025-01-07,6.7,4,3.03,1,87,7
60,2025-01-08,5.77,8,2.8,1,86,7
60,2025-01-09,5.17,4,2.99,1,85,6
60,2025-01-10,6.88,4,2.99,0,86,6
60,2025-01-11,4.71,9,2.94,0,83,6
60,2025-01-12,4.64,8,2.74,1,83,7
60,2025-01-13,6.15,9,2.77,1,89,8
60,2025-01-14,6.0,1,2.57,1,89,7
60,2025-01-15,5.4,8,2.6,1,84,7
60,2025-01-16,5.0,2,2.78,1,89,6
60,2025-01-17,6.65,8,2.79,1,87,7
60,2025-01-18,5.07,8,3.03,0,80,6
60,2025-01-19,7.08,4,3.14,0,87,7
60,2025-01-20,8.67,1,3.14,1,88,6
60,2025-01-21,6.14,5,2.92,0,88,6
60,2025-01-22,6.94,5,3.0,1,88,7
60,2025-01-23,7.59,7,3.07,0,84,6
60,2025-01-24,5.77,3,3.02,0,88,6
60,2025-01-25,6.32,1,3.14,0,87,5
60,2025-01-26,6.42,3,3.25,0,88,6
60,2025-01-27,6.89,8,3.15,1,83,6
60,2025-01-28,6.93,9,3.29,1,83,7
60,2025-01-29,7.7,8,3.18,1,87,7
60,2025-01-30,3.74,8,2.95,1,89,7
60,2025-01-31,6.55,8,2.91,1,83,7
60,2025-02-01,6.63,2,2.74,0,84,6
60,2025-02-02,8.1,6,2.68,0,86,6
60,2025-02-03,7.89,8,2.73,0,83,7
60,2025-02-04,5.45,9,2.55,0,91,7
60,2025-02-05,5.82,8,2.51,0,86,7
60,2025-02-06,6.22,4,2.36,0,89,8
60,2025-02-07,7.39,3,2.52,0,92,8
60,2025-02-08,6.56,1,2.49,1,93,8
60,2025-02-09,5.1,4,2.49,0,88,7
60,2025-02-10,7.29,7,2.58,0,88,8
60,2025-02-11,5.2,7,2.57,1,87,8
60,2025-02-12,7.87,5,2.51,1,91,7
60,2025-02-13,6.6,5,2.51,0,86,8
60,2025-02-14,7.53,7,2.52,0,88,7
60,2025-02-15,3.7,5,2.31,1,83,7
60,2025-02-16,8.45,1,2.2,0,87,7
60,2025-02-17,2.23,10,2.31,1,89,7
60,2025-02-18,6.47,1,2.55,0,90,8
60,2025-02-19,5.75,5,2.44,1,89,6
60,2025-02-20,7.6,3,2.45,1,88,7
60,2025-02-21,7.36,6,2.54,1,85,7
60,2025-02-22,5.33,10,2.35,0,90,8
60,2025-02-23,9.45,8,2.34,0,83,7
60,2025-02-24,5.3,6,2.51,1,82,7
60,2025-02-25,6.2,5,2.7,0,83,7
60,2025-02-26,4.51,9,2.75,1,87,6
60,2025-02-27,9.09,6,2.66,1,82,7
60,2025-02-28,5.59,3,2.42,0,82,7
60,2025-03-01,6.38,5,2.29,0,83,7
60,2025-03-02,5.86,6,2.17,0,93,8
60,2025-03-03,8.42,5,2.37,1,86,8
60,2025-03-04,6.91,1,2.34,1,89,8
60,2025-03-05,6.21,8,2.49,0,85,8
60,2025-03-06,5.8,4,2.33,0,86,7
60,2025-03-07,6.1,5,2.39,1,89,8
60,2025-03-08,4.52,8,2.31,1,89,8
60,2025-03-09,5.0,4,2.53,0,80,6
60,2025-03-10,4.85,6,2.32,1,85,7
60,2025-03-11,8.36,9,2.18,1,85,8
60,2025-03-12,5.43,6,2.22,1,91,7
60,2025-03-13,3.75,4,2.16,1,82,7
60,2025-03-14,5.5,2,2.37,1,86,8
60,2025-03-15,5.3,6,2.4,1,85,7
60,2025-03-16,8.25,9,2.55,0,83,6
60,2025-03-17,6.3,1,2.47,0,88,8
60,2025-03-18,6.07,10,2.53,1,83,7
60,2025-03-19,5.39,4,2.77,1,87,6
60,2025-03-20,8.89,2,2.7,0,87,8
60,2025-03-21,5.02,2,2.78,0,84,6
60,2025-03-22,4.57,7,2.97,1,82,6
60,2025-03-23,7.8,5,3.11,1,90,7
60,2025-03-24,5.87,2,3.33,1,84,7
60,2025-03-25,6.36,3,3.3,0,82,6
60,2025-03-26,7.3,1,3.44,1,87,5
60,2025-03-27,4.76,2,3.39,1,88,7
60,2025-03-28,5.61,10,3.14,0,85,6
60,2025-03-29,8.58,10,3.11,0,84,6
60,2025-03-30,4.47,5,2.88,1,82,7
60,2025-03-31,7.97,10,2.72,1,87,7
60,2025-04-01,5.73,2,2.65,1,86,7
60,2025-04-02,4.06,1,2.88,0,83,6
60,2025-04-03,4.27,1,2.68,1,88,8
60,2025-04-04,6.5,4,2.61,1,85,7
60,2025-04-05,8.71,5,2.63,1,82,7
60,2025-04-06,6.78,8,2.47,0,91,8
60,2025-04-07,7.58,6,2.69,0,82,7
60,2025-04-08,7.51,1,2.51,0,93,8
60,2025-04-09,6.3,2,2.65,0,87,6
60,2025-04-10,5.7,9,2.47,0,91,8
61,2025-01-01,5.46,8,2.97,0,99,7
61,2025-01-02,6.49,5,3.12,1,99,7
61,2025-01-03,7.9,8,2.9,0,99,6
61,2025-01-04,5.66,6,3.05,0,93,7
61,2025-01-05,7.62,6,3.21,1,95,6
61,2025-01-06,6.41,7,3.36,0,93,5
61,2025-01-07,4.07,5,3.53,0,96,5
61,2025-01-08,7.36,8,3.66,0,99,6
61,2025-01-09,5.76,9,3.41,0,97,6
61,2025-01-10,6.49,3,3.46,0,96,7
61,2025-01-11,3.25,3,3.38,1,96,6
61,2025-01-12,8.16,10,3.58,0,92,6
61,2025-01-13,4.6,7,3.58,1,90,6
61,2025-01-14,5.25,10,3.34,0,92,5
61,2025-01-15,5.96,5,3.55,1,101,7
61,2025-01-16,7.4,6,3.62,0,95,6
61,2025-01-17,6.49,5,3.62,0,92,6
61,2025-01-18,5.72,6,3.58,0,97,6
61,2025-01-19,5.91,1,3.62,0,97,6
61,2025-01-20,6.04,4,3.5,1,99,7
61,2025-01-21,7.85,6,3.71,0,96,6
61,2025-01-22,7.85,9,3.92,0,89,5
61,2025-01-23,6.78,1,4.12,0,92,5
61,2025-01-24,7.38,6,4.33,0,98,6
61,2025-01-25,6.24,1,4.21,0,93,6
61,2025-01-26,5.98,2,4.13,1,98,6
61,2025-01-27,5.18,1,4.11,1,91,5
61,2025-01-28,6.02,9,4.0,1,96,6
61,2025-01-29,7.96,6,3.87,1,91,6
61,2025-01-30,8.09,1,3.97,0,94,6
61,2025-01-31,5.23,2,4.11,0,92,4
61,2025-02-01,8.42,7,4.25,0,87,4
61,2025-02-02,5.78,6,4.28,1,89,5
61,2025-02-03,6.59,9,4.46,0,90,5
61,2025-02-04,7.45,6,4.68,0,89,5
61,2025-02-05,8.77,5,4.8,0,95,5
61,2025-02-06,6.73,1,5.0,0,97,5
61,2025-02-07,5.08,6,4.97,1,95,5
61,2025-02-08,7.6,9,5.0,1,92,5
61,2025-02-09,5.45,6,5.0,1,90,5
61,2025-02-10,6.83,7,5.0,0,92,5
61,2025-02-11,7.63,4,4.8,1,94,4
61,2025-02-12,7.18,4,4.74,0,88,5
61,2025-02-13,5.12,1,4.85,0,93,5
61,2025-02-14,7.96,10,4.6,1,99,6
61,2025-02-15,6.03,10,4.63,0,88,4
61,2025-02-16,8.83,8,4.43,0,93,5
61,2025-02-17,6.03,7,4.2,0,90,6
61,2025-02-18,5.06,6,4.12,1,89,5
61,2025-02-19,4.32,1,4.19,0,96,6
61,2025-02-20,7.35,1,4.37,1,96,5
61,2025-02-21,7.8,5,4.15,0,97,6
61,2025-02-22,7.48,9,4.05,1,94,6
61,2025-02-23,7.61,1,3.91,1,96,6
61,2025-02-24,7.25,3,4.06,1,98,6
61,2025-02-25,7.41,7,4.07,0,98,6
61,2025-02-26,4.63,10,3.85,1,94,6
61,2025-02-27,4.36,7,3.87,0,92,5
61,2025-02-28,4.91,1,3.76,1,91,6
61,2025-03-01,5.5,8,3.68,0,94,5
61,2025-03-02,5.75,10,3.76,1,94,6
61,2025-03-03,7.6,1,4.0,1,88,5
61,2025-03-04,7.37,3,4.01,1,92,5
61,2025-03-05,3.99,8,3.81,1,88,5
61,2025-03-06,6.39,4,3.6,0,98,7
61,2025-03-07,6.27,5,3.4,0,90,6
61,2025-03-08,7.56,8,3.29,0,96,6
61,2025-03-09,4.78,1,3.08,1,94,7
61,2025-03-10,8.89,10,3.13,0,90,6
61,2025-03-11,6.63,4,3.35,1,94,7
61,2025-03-12,6.62,3,3.34,0,99,6
61,2025-03-13,5.87,1,3.5,0,96,6
61,2025-03-14,5.65,9,3.71,0,91,5
61,2025-03-15,7.1,2,3.73,0,94,6
61,2025-03-16,5.24,2,3.7,1,93,6
61,2025-03-17,6.99,3,3.5,0,99,6
61,2025-03-18,6.79,3,3.29,1,93,6
61,2025-03-19,7.34,2,3.19,1,92,6
61,2025-03-20,6.79,2,3.3,0,97,6
61,2025-03-21,7.42,1,3.08,1,94,7
61,2025-03-22,6.23,5,2.9,1,94,6
61,2025-03-23,8.64,1,2.72,0,99,6
61,2025-03-24,5.57,2,2.61,1,99,7
61,2025-03-25,8.33,7,2.45,1,98,8
61,2025-03-26,6.49,1,2.68,1,93,6
61,2025-03-27,5.29,3,2.9,1,95,7
61,2025-03-28,5.69,3,2.79,0,99,7
61,2025-03-29,5.24,4,2.86,1,92,6
61,2025-03-30,6.69,5,2.69,1,91,6
61,2025-03-31,8.29,8,2.49,1,93,6
61,2025-04-01,6.53,7,2.69,0,99,6
61,2025-04-02,6.62,10,2.84,0,92,6
61,2025-04-03,5.5,6,2.61,1,97,7
61,2025-04-04,6.31,7,2.7,0,93,7
61,2025-04-05,7.23,2,2.71,0,94,8
61,2025-04-06,7.31,4,2.61,0,96,7
61,2025-04-07,6.08,4,2.85,1,93,7
61,2025-04-08,5.34,3,2.95,0,98,6
61,2025-04-09,5.78,1,2.99,1,92,6
61,2025-04-10,4.57,1,3.13,0,95,7
62,2025-01-01,6.42,1,3.83,0,92,6
62,2025-01-02,4.6,1,3.59,1,87,5
62,2025-01-03,6.54,5,3.61,1,88,5
62,2025-01-04,6.41,4,3.69,0,95,5
62,2025-01-05,6.79,7,3.92,0,86,5
62,2025-01-06,7.59,7,3.9,1,92,6
62,2025-01-07,7.08,3,4.03,1,88,6
62,2025-01-08,7.49,10,4.07,1,93,4
62,2025-01-09,5.25,9,4.24,1,95,6
62,2025-01-10,6.07,3,4.28,1,92,5
62,2025-01-11,7.07,4,4.36,0,90,5
62,2025-01-12,6.3,9,4.44,1,93,5
62,2025-01-13,8.28,8,4.47,0,90,5
62,2025-01-14,6.26,1,4.56,0,89,5
62,2025-01-15,4.42,8,4.53,0,94,5
62,2025-01-16,6.2,1,4.67,0,90,4
62,2025-01-17,5.22,7,4.43,0,92,5
62,2025-01-18,6.31,6,4.67,1,87,5
62,2025-01-19,9.08,10,4.58,0,87,4
62,2025-01-20,5.6,10,4.35,0,96,6
62,2025-01-21,5.26,1,4.47,1,93,5
62,2025-01-22,6.07,7,4.48,1,90,6
62,2025-01-23,6.05,5,4.44,0,88,5
62,2025-01-24,5.5,5,4.62,1,90,4
62,2025-01-25,4.64,10,4.69,1,84,4
62,2025-01-26,6.6,10,4.72,0,90,4
62,2025-01-27,4.54,10,4.81,0,91,5
62,2025-01-28,6.12,6,4.58,0,94,5
62,2025-01-29,8.74,10,4.48,0,93,5
62,2025-01-30,6.87,3,4.4,1,86,4
62,2025-01-31,6.42,4,4.45,1,90,5
62,2025-02-01,8.15,1,4.68,1,94,6
62,2025-02-02,6.38,10,4.76,1,86,4
62,2025-02-03,4.09,5,4.7,0,84,4
62,2025-02-04,6.73,4,4.69,1,90,5
62,2025-02-05,5.67,6,4.53,1,86,5
62,2025-02-06,4.5,3,4.33,1,95,5
62,2025-02-07,8.46,2,4.18,0,88,5
62,2025-02-08,6.86,6,4.29,1,88,4
62,2025-02-09,5.22,1,4.26,1,91,5
62,2025-02-10,7.74,3,4.34,1,92,5
62,2025-02-11,6.8,3,4.5,0,94,5
62,2025-02-12,7.87,4,4.25,0,86,5
62,2025-02-13,6.97,9,4.14,1,89,5
62,2025-02-14,5.85,3,3.93,0,96,6
62,2025-02-15,8.92,2,3.86,1,91,6
62,2025-02-16,7.71,1,4.03,0,88,6
62,2025-02-17,6.23,1,3.8,1,89,6
62,2025-02-18,5.48,5,3.71,0,97,7
62,2025-02-19,5.06,5,3.91,0,89,6
62,2025-02-20,6.13,5,3.75,0,91,6
62,2025-02-21,6.58,10,3.97,0,91,5
62,2025-02-22,5.23,6,4.05,0,95,5
62,2025-02-23,4.87,1,3.84,1,94,7
62,2025-02-24,5.85,4,4.0,1,94,5
62,2025-02-25,7.34,7,4.14,0,90,6
62,2025-02-26,6.18,10,4.15,1,89,5
62,2025-02-27,7.86,6,4.4,0,89,5
62,2025-02-28,7.46,7,4.37,0,92,4
62,2025-03-01,5.29,3,4.59,1,88,5
62,2025-03-02,4.34,3,4.6,1,87,4
62,2025-03-03,8.05,6,4.74,0,91,5
62,2025-03-04,6.96,7,4.64,1,92,6
62,2025-03-05,7.57,10,4.42,0,84,4
62,2025-03-06,5.85,10,4.51,0,90,5
62,2025-03-07,6.83,3,4.69,1,90,4
62,2025-03-08,7.03,4,4.8,0,85,4
62,2025-03-09,7.23,5,4.56,1,88,5
62,2025-03-10,7.19,4,4.32,0,95,6
62,2025-03-11,8.28,9,4.42,0,92,4
62,2025-03-12,6.94,8,4.61,1,90,5
62,2025-03-13,6.38,10,4.64,0,87,5
62,2025-03-14,6.99,9,4.69,0,90,5
62,2025-03-15,5.83,2,4.48,0,95,6
62,2025-03-16,8.79,4,4.45,0,91,4
62,2025-03-17,6.28,5,4.29,0,89,5
62,2025-03-18,6.99,10,4.18,0,90,6
62,2025-03-19,6.62,2,4.05,1,92,6
62,2025-03-20,6.19,5,3.98,1,93,6
62,2025-03-21,5.36,10,4.01,0,96,6
62,2025-03-22,8.13,9,4.2,0,92,5
62,2025-03-23,5.6,1,4.23,0,87,5
62,2025-03-24,6.54,1,4.15,1,86,5
62,2025-03-25,7.27,4,4.19,1,90,6
62,2025-03-26,7.68,7,3.99,0,92,5
62,2025-03-27,4.04,9,3.95,0,96,6
62,2025-03-28,5.57,3,3.76,0,89,5
62,2025-03-29,6.55,8,3.65,0,97,6
62,2025-03-30,7.03,1,3.7,1,96,6
62,2025-03-31,5.67,10,3.67,0,90,6
62,2025-04-01,6.36,5,3.53,0,89,5
62,2025-04-02,7.39,8,3.39,0,96,6
62,2025-04-03,8.48,3,3.4,1,94,5
62,2025-04-04,8.55,6,3.27,1,95,7
62,2025-04-05,5.47,9,3.46,1,91,5
62,2025-04-06,9.31,8,3.67,1,93,7
62,2025-04-07,5.36,10,3.46,1,92,6
62,2025-04-08,7.04,8,3.35,1,94,6
62,2025-04-09,5.19,4,3.48,1,89,5
62,2025-04-10,7.28,6,3.66,1,94,5
63,2025-01-01,7.06,1,3.1,0,82,7
63,2025-01-02,5.97,1,3.23,0,84,6
63,2025-01-03,5.45,7,3.06,0,78,7
63,2025-01-04,5.8,6,3.27,0,82,6
63,2025-01-05,5.83,6,3.38,1,78,5
63,2025-01-06,7.79,8,3.3,1,75,6
63,2025-01-07,6.86,2,3.12,1,75,6
63,2025-01-08,6.93,6,3.04,0,80,7
63,2025-01-09,6.83,9,3.2,0,85,7
63,2025-01-10,6.32,5,3.26,1,79,6
63,2025-01-11,8.28,4,3.41,1,79,5
63,2025-01-12,5.22,6,3.2,1,77,6
63,2025-01-13,5.27,2,3.36,1,79,6
63,2025-01-14,8.45,7,3.46,1,73,5
63,2025-01-15,4.86,5,3.6,1,77,5
63,2025-01-16,6.64,2,3.6,0,81,6
63,2025-01-17,7.27,5,3.73,1,79,6
63,2025-01-18,7.91,10,3.85,0,75,5
63,2025-01-19,6.08,8,3.95,0,74,5
63,2025-01-20,5.72,1,3.96,1,74,5
63,2025-01-21,7.38,1,3.82,0,81,6
63,2025-01-22,5.92,6,3.67,1,78,6
63,2025-01-23,6.09,6,3.85,0,82,5
63,2025-01-24,5.55,9,3.93,1,80,5
63,2025-01-25,6.74,7,3.87,0,78,6
63,2025-01-26,5.85,5,4.03,0,78,5
63,2025-01-27,6.9,6,4.02,1,80,6
63,2025-01-28,5.75,1,4.21,0,79,4
63,2025-01-29,6.56,10,4.19,0,74,5
63,2025-01-30,6.05,2,4.42,1,74,5
63,2025-01-31,6.77,10,4.62,1,78,4
63,2025-02-01,4.82,6,4.63,0,78,5
63,2025-02-02,6.85,8,4.58,0,75,5
63,2025-02-03,6.62,10,4.73,0,75,4
63,2025-02-04,5.43,9,4.63,1,81,5
63,2025-02-05,5.38,10,4.58,0,81,5
63,2025-02-06,9.31,7,4.82,0,71,4
63,2025-02-07,7.59,6,4.72,1,80,5
63,2025-02-08,5.7,7,4.61,1,75,6
63,2025-02-09,4.75,10,4.75,1,82,5
63,2025-02-10,7.7,5,4.92,0,80,4
63,2025-02-11,6.81,1,4.83,0,77,5
63,2025-02-12,7.64,6,5.0,0,74,4
63,2025-02-13,6.12,2,4.89,0,82,5
63,2025-02-14,5.36,4,4.64,1,78,5
63,2025-02-15,4.7,10,4.4,1,79,5
63,2025-02-16,6.4,7,4.43,0,80,4
63,2025-02-17,6.15,10,4.48,1,80,5
63,2025-02-18,8.2,2,4.37,0,77,5
63,2025-02-19,5.83,4,4.31,1,84,6
63,2025-02-20,7.44,1,4.54,1,77,6
63,2025-02-21,9.96,9,4.38,1,73,4
63,2025-02-22,5.26,10,4.41,1,80,4
63,2025-02-23,7.0,3,4.22,0,79,5
63,2025-02-24,7.15,6,4.28,0,82,5
63,2025-02-25,7.0,4,4.51,1,76,6
63,2025-02-26,8.53,6,4.73,0,73,4
63,2025-02-27,8.81,8,4.77,0,72,4
63,2025-02-28,6.87,4,4.57,1,80,4
63,2025-03-01,5.95,5,4.68,1,79,5
63,2025-03-02,6.06,5,4.58,0,78,6
63,2025-03-03,5.84,10,4.49,0,80,6
63,2025-03-04,3.29,3,4.43,1,83,6
63,2025-03-05,6.08,8,4.33,1,79,6
63,2025-03-06,4.83,7,4.37,1,73,5
63,2025-03-07,6.22,5,4.45,0,77,6
63,2025-03-08,6.32,3,4.68,1,83,6
63,2025-03-09,6.68,5,4.61,1,78,6
63,2025-03-10,6.06,10,4.78,1,71,4
63,2025-03-11,6.8,8,4.96,0,73,4
63,2025-03-12,7.55,5,5.0,0,71,4
63,2025-03-13,5.72,2,5.0,0,76,4
63,2025-03-14,8.28,1,5.0,0,72,4
63,2025-03-15,6.77,2,4.75,0,80,4
63,2025-03-16,6.88,1,4.73,0,82,5
63,2025-03-17,3.63,8,4.52,1,79,5
63,2025-03-18,3.9,6,4.64,1,73,5
63,2025-03-19,5.34,8,4.53,1,80,4
63,2025-03-20,7.16,6,4.57,1,71,4
63,2025-03-21,7.7,7,4.4,1,81,5
63,2025-03-22,6.92,8,4.25,0,79,5
63,2025-03-23,5.48,7,4.18,0,76,5
63,2025-03-24,7.92,9,4.12,0,82,5
63,2025-03-25,5.41,10,4.1,1,81,6
63,2025-03-26,7.11,10,3.99,0,78,5
63,2025-03-27,5.34,9,3.86,1,82,6
63,2025-03-28,7.51,8,3.84,1,75,5
63,2025-03-29,6.35,10,3.92,0,81,5
63,2025-03-30,6.59,1,3.76,0,74,5
63,2025-03-31,5.39,10,3.67,1,81,5
63,2025-04-01,6.1,6,3.87,1,81,6
63,2025-04-02,5.97,10,3.84,0,78,5
63,2025-04-03,4.24,7,3.59,1,78,6
63,2025-04-04,8.84,6,3.59,1,81,6
63,2025-04-05,7.61,6,3.45,0,79,7
63,2025-04-06,5.99,2,3.66,0,79,6
63,2025-04-07,4.53,3,3.81,1,83,7
63,2025-04-08,5.09,7,3.99,1,79,5
63,2025-04-09,7.19,3,3.76,0,77,6
63,2025-04-10,7.79,10,3.66,1,77,5
64,2025-01-01,8.12,1,3.73,0,89,5
64,2025-01-02,5.48,10,3.96,1,87,5
64,2025-01-03,6.54,1,3.96,0,92,6
64,2025-01-04,7.77,8,3.97,1,91,5
64,2025-01-05,7.48,8,4.18,0,90,6
64,2025-01-06,5.75,9,4.36,0,86,5
64,2025-01-07,6.95,1,4.15,1,86,5
64,2025-01-08,7.92,3,4.11,1,90,5
64,2025-01-09,7.16,2,3.9,0,89,6
64,2025-01-10,6.53,1,4.12,0,85,5
64,2025-01-11,4.78,3,4.05,1,89,6
64,2025-01-12,4.28,2,3.92,1,90,5
64,2025-01-13,6.02,7,4.16,0,85,5
64,2025-01-14,5.41,8,4.36,0,85,6
64,2025-01-15,4.45,3,4.17,0,87,5
64,2025-01-16,7.2,2,4.16,1,85,5
64,2025-01-17,6.13,8,3.92,0,89,5
64,2025-01-18,6.06,1,3.8,1,91,6
64,2025-01-19,4.43,9,3.67,1,95,7
64,2025-01-20,6.92,1,3.54,1,88,6
64,2025-01-21,6.06,9,3.73,1,87,6
64,2025-01-22,7.95,5,3.78,0,91,5
64,2025-01-23,5.9,7,3.83,1,93,6
64,2025-01-24,7.19,2,3.81,0,88,5
64,2025-01-25,7.24,4,3.64,0,90,7
64,2025-01-26,7.3,1,3.46,1,88,7
64,2025-01-27,6.15,3,3.24,1,93,7
64,2025-01-28,6.87,2,3.02,0,88,6
64,2025-01-29,5.28,4,2.82,0,86,6
64,2025-01-30,5.67,1,2.58,0,93,7
64,2025-01-31,6.07,10,2.42,0,96,8
64,2025-02-01,9.3,4,2.65,1,91,7
64,2025-02-02,8.74,9,2.77,1,89,6
64,2025-02-03,7.56,3,2.73,1,91,6
64,2025-02-04,6.31,10,2.98,1,93,6
64,2025-02-05,6.99,7,3.22,0,95,7
64,2025-02-06,6.75,8,3.16,0,88,7
64,2025-02-07,5.56,6,3.15,0,86,6
64,2025-02-08,5.96,9,3.23,1,90,7
64,2025-02-09,5.64,10,3.05,1,90,6
64,2025-02-10,6.84,9,2.95,1,88,7
64,2025-02-11,5.36,2,2.92,1,88,7
64,2025-02-12,7.36,8,3.0,1,92,7
64,2025-02-13,6.52,6,2.95,0,90,6
64,2025-02-14,4.44,7,2.89,0,88,6
64,2025-02-15,5.85,5,2.7,1,92,6
64,2025-02-16,6.17,5,2.5,1,90,6
64,2025-02-17,6.85,6,2.66,0,91,6
64,2025-02-18,8.75,9,2.83,0,87,6
64,2025-02-19,5.29,8,2.87,0,87,7
64,2025-02-20,8.0,7,2.98,0,93,7
64,2025-02-21,6.87,6,3.1,0,84,6
64,2025-02-22,8.6,2,3.28,0,83,5
64,2025-02-23,6.74,5,3.18,1,87,6
64,2025-02-24,8.14,8,3.33,1,92,7
64,2025-02-25,6.51,10,3.14,0,93,7
64,2025-02-26,6.56,3,3.09,1,88,7
64,2025-02-27,5.58,3,2.97,0,92,6
64,2025-02-28,6.09,9,3.2,0,86,7
64,2025-03-01,5.47,8,3.01,1,88,6
64,2025-03-02,6.86,2,2.78,0,92,7
64,2025-03-03,5.78,3,2.6,0,92,6
64,2025-03-04,5.53,2,2.58,0,88,7
64,2025-03-05,6.21,6,2.43,0,91,7
64,2025-03-06,4.55,2,2.4,1,86,6
64,2025-03-07,8.16,9,2.15,0,91,7
64,2025-03-08,4.87,8,2.09,0,95,7
64,2025-03-09,6.84,4,2.01,0,92,8
64,2025-03-10,3.99,3,1.86,1,89,7
64,2025-03-11,3.74,1,2.07,0,90,8
64,2025-03-12,7.21,1,2.22,0,95,8
64,2025-03-13,7.29,7,2.12,0,95,7
64,2025-03-14,7.26,8,2.2,0,86,7
64,2025-03-15,8.03,9,2.42,0,91,7
64,2025-03-16,9.04,2,2.62,0,95,7
64,2025-03-17,5.58,4,2.4,1,92,8
64,2025-03-18,6.95,7,2.42,1,90,7
64,2025-03-19,3.46,2,2.19,1,94,7
64,2025-03-20,6.48,7,2.06,0,88,8
64,2025-03-21,5.53,8,2.1,1,91,7
64,2025-03-22,5.57,5,2.25,1,86,7
64,2025-03-23,6.54,7,2.47,1,95,8
64,2025-03-24,6.79,10,2.44,0,93,8
64,2025-03-25,5.97,8,2.28,1,90,8
64,2025-03-26,7.39,10,2.52,0,97,8
64,2025-03-27,7.66,2,2.65,0,86,6
64,2025-03-28,6.8,9,2.79,0,90,7
64,2025-03-29,7.68,1,3.02,1,91,7
64,2025-03-30,7.29,10,2.95,1,90,6
64,2025-03-31,6.89,3,3.04,0,91,7
64,2025-04-01,7.34,8,3.01,1,87,6
64,2025-04-02,7.81,2,2.8,1,88,7
64,2025-04-03,8.08,9,2.91,0,89,6
64,2025-04-04,7.46,1,3.05,1,86,6
64,2025-04-05,6.27,5,2.97,1,89,6
64,2025-04-06,5.98,5,2.77,0,91,7
64,2025-04-07,4.32,8,2.6,0,93,7
64,2025-04-08,5.88,1,2.71,0,87,6
64,2025-04-09,5.77,4,2.95,0,84,6
64,2025-04-10,6.8,3,2.84,1,86,7
65,2025-01-01,4.5,5,3.12,1,99,7
65,2025-01-02,5.99,6,3.19,0,94,6
65,2025-01-03,5.13,4,3.34,1,101,7
65,2025-01-04,7.99,8,3.57,0,93,5
65,2025-01-05,6.26,10,3.59,0,97,6
65,2025-01-06,4.74,9,3.77,1,90,5
65,2025-01-07,7.67,7,3.67,1,97,5
65,2025-01-08,8.4,3,3.87,0,98,5
65,2025-01-09,6.94,5,3.95,0,92,5
65,2025-01-10,7.8,4,3.86,0,100,6
65,2025-01-11,6.46,10,3.67,1,96,5
65,2025-01-12,7.18,2,3.69,0,102,7
65,2025-01-13,7.84,3,3.47,1,97,7
65,2025-01-14,5.41,10,3.6,0,93,5
65,2025-01-15,6.19,1,3.82,0,95,5
65,2025-01-16,8.5,4,3.58,1,94,5
65,2025-01-17,6.33,1,3.6,1,92,6
65,2025-01-18,5.98,4,3.52,0,93,5
65,2025-01-19,6.53,8,3.63,0,99,7
65,2025-01-20,5.78,1,3.78,0,98,5
65,2025-01-21,5.69,6,3.61,1,91,6
65,2025-01-22,6.4,3,3.64,1,93,7
65,2025-01-23,6.18,7,3.79,0,94,6
65,2025-01-24,5.63,4,3.62,1,96,6
65,2025-01-25,7.31,6,3.61,0,89,5
65,2025-01-26,6.99,8,3.62,0,99,6
65,2025-01-27,5.94,9,3.79,1,94,6
65,2025-01-28,8.65,6,3.96,1,92,5
65,2025-01-29,6.97,3,3.86,0,97,5
65,2025-01-30,7.88,9,3.77,0,92,5
65,2025-01-31,6.57,2,3.96,0,95,5
65,2025-02-01,7.47,8,3.77,0,97,5
65,2025-02-02,5.28,9,3.75,0,91,5
65,2025-02-03,7.16,6,3.66,0,100,7
65,2025-02-04,5.75,1,3.51,0,93,7
65,2025-02-05,7.23,7,3.54,0,101,7
65,2025-02-06,6.25,8,3.48,0,100,6
65,2025-02-07,5.79,7,3.34,1,100,6
65,2025-02-08,6.07,9,3.43,0,98,6
65,2025-02-09,6.16,6,3.63,1,96,7
65,2025-02-10,5.4,10,3.8,0,96,6
65,2025-02-11,5.22,10,3.91,1,96,6
65,2025-02-12,5.96,1,3.92,1,91,6
65,2025-02-13,7.02,8,4.11,1,94,6
65,2025-02-14,7.42,1,3.99,1,94,6
65,2025-02-15,6.52,7,3.77,0,100,7
65,2025-02-16,6.23,6,3.63,0,97,7
65,2025-02-17,6.24,7,3.53,1,89,5
65,2025-02-18,7.8,4,3.45,0,97,7
65,2025-02-19,5.51,3,3.43,0,93,6
65,2025-02-20,7.5,4,3.23,1,95,6
65,2025-02-21,4.75,10,3.29,0,100,6
65,2025-02-22,5.73,2,3.23,0,97,6
65,2025-02-23,6.32,5,3.47,0,93,5
65,2025-02-24,5.77,10,3.33,0,98,5
65,2025-02-25,6.8,5,3.32,1,102,7
65,2025-02-26,6.28,9,3.09,1,98,5
65,2025-02-27,6.52,9,3.26,1,99,6
65,2025-02-28,8.52,10,3.38,1,99,6
65,2025-03-01,8.12,6,3.26,1,94,6
65,2025-03-02,5.43,10,3.36,1,91,6
65,2025-03-03,6.6,1,3.49,0,96,5
65,2025-03-04,4.97,9,3.71,0,95,6
65,2025-03-05,6.04,3,3.95,1,98,5
65,2025-03-06,8.52,4,3.86,0,98,6
65,2025-03-07,4.82,2,4.01,0,94,6
65,2025-03-08,4.7,10,3.9,1,89,5
65,2025-03-09,6.38,7,4.0,0,98,6
65,2025-03-10,4.96,2,4.11,1,94,5
65,2025-03-11,7.74,2,3.93,0,97,6
65,2025-03-12,5.7,6,4.02,0,92,6
65,2025-03-13,5.53,6,3.95,0,93,5
65,2025-03-14,6.0,1,4.19,0,94,5
65,2025-03-15,6.23,8,4.32,0,100,6
65,2025-03-16,7.15,7,4.5,0,87,4
65,2025-03-17,7.09,5,4.36,1,88,4
65,2025-03-18,5.92,2,4.26,0,99,6
65,2025-03-19,7.44,7,4.35,1,95,5
65,2025-03-20,6.75,3,4.35,1,95,6
65,2025-03-21,7.24,9,4.16,0,100,6
65,2025-03-22,6.34,3,4.23,1,90,5
65,2025-03-23,8.19,6,4.4,0,95,5
65,2025-03-24,7.93,8,4.28,0,94,5
65,2025-03-25,6.41,7,4.05,1,98,5
65,2025-03-26,6.41,8,3.82,1,98,6
65,2025-03-27,9.45,10,3.88,0,95,6
65,2025-03-28,3.73,5,3.99,0,100,6
65,2025-03-29,4.93,9,3.77,0,96,6
65,2025-03-30,5.68,2,3.94,0,95,6
65,2025-03-31,6.5,10,4.1,0,95,6
65,2025-04-01,6.57,6,4.2,1,96,5
65,2025-04-02,6.33,3,4.36,0,96,4
65,2025-04-03,8.45,6,4.44,0,93,4
65,2025-04-04,7.6,5,4.63,0,90,5
65,2025-04-05,6.21,10,4.68,0,96,5
65,2025-04-06,6.22,3,4.79,1,92,6
65,2025-04-07,6.37,4,4.62,1,92,5
65,2025-04-08,6.58,4,4.39,0,97,5
65,2025-04-09,5.72,5,4.4,0,88,4
65,2025-04-10,6.53,7,4.49,1,96,5
66,2025-01-01,7.7,8,2.47,1,88,7
66,2025-01-02,5.87,9,2.23,1,84,7
66,2025-01-03,6.2,4,2.07,0,89,7
66,2025-01-04,7.08,5,2.02,0,86,7
66,2025-01-05,7.55,4,2.15,1,85,7
66,2025-01-06,8.14,3,2.06,1,88,8
66,2025-01-07,5.23,8,1.97,0,86,7
66,2025-01-08,5.88,3,1.82,0,91,8
66,2025-01-09,4.96,5,1.71,1,91,8
66,2025-01-10,7.61,2,1.72,0,85,8
66,2025-01-11,8.12,10,1.59,0,92,8
66,2025-01-12,7.55,7,1.82,1,92,8
66,2025-01-13,6.79,8,2.01,1,87,8
66,2025-01-14,5.21,5,1.78,0,89,8
66,2025-01-15,5.26,7,1.86,0,88,8
66,2025-01-16,5.26,6,1.8,1,87,7
66,2025-01-17,7.68,6,1.77,0,84,7
66,2025-01-18,8.05,2,1.9,1,84,7
66,2025-01-19,7.48,3,2.09,0,86,8
66,2025-01-20,5.89,7,2.24,0,86,8
66,2025-01-21,7.42,6,2.14,0,91,7
66,2025-01-22,6.9,7,2.0,0,88,8
66,2025-01-23,5.65,10,1.8,0,88,8
66,2025-01-24,5.53,1,1.71,0,85,8
66,2025-01-25,6.74,3,1.76,1,88,8
66,2025-01-26,5.06,4,2.0,0,87,8
66,2025-01-27,4.56,4,1.94,1,89,8
66,2025-01-28,4.18,9,2.04,0,89,8
66,2025-01-29,8.78,2,2.04,1,84,8
66,2025-01-30,6.0,2,2.12,0,87,7
66,2025-01-31,7.33,5,2.02,0,91,8
66,2025-02-01,5.63,9,2.04,0,88,8
66,2025-02-02,5.48,4,2.06,0,87,7
66,2025-02-03,5.04,4,2.22,0,89,8
66,2025-02-04,6.68,9,2.06,0,84,8
66,2025-02-05,6.34,10,2.06,1,90,7
66,2025-02-06,5.36,2,2.16,0,89,7
66,2025-02-07,5.9,2,1.91,0,87,8
66,2025-02-08,6.74,7,1.81,1,91,9
66,2025-02-09,8.41,6,1.76,0,85,8
66,2025-02-10,8.24,9,1.89,1,93,8
66,2025-02-11,6.8,7,2.13,1,90,8
66,2025-02-12,8.76,8,2.01,0,87,7
66,2025-02-13,4.64,3,1.86,0,85,8
66,2025-02-14,6.85,2,1.96,0,84,8
66,2025-02-15,6.58,2,1.99,1,93,8
66,2025-02-16,7.81,1,2.17,1,93,8
66,2025-02-17,8.5,9,1.92,1,86,7
66,2025-02-18,4.81,5,1.93,0,89,8
66,2025-02-19,7.1,4,1.99,0,85,7
66,2025-02-20,6.85,4,2.02,1,86,7
66,2025-02-21,4.09,3,2.14,1,91,7
66,2025-02-22,4.82,2,2.09,1,90,8
66,2025-02-23,7.09,6,1.95,1,84,8
66,2025-02-24,5.97,9,1.91,0,90,8
66,2025-02-25,5.67,10,1.9,1,84,7
66,2025-02-26,6.33,2,2.04,1,87,8
66,2025-02-27,6.48,7,1.81,1,85,7
66,2025-02-28,6.83,8,1.85,1,84,7
66,2025-03-01,6.0,10,1.65,1,82,7
66,2025-03-02,6.11,10,1.84,1,84,7
66,2025-03-03,5.87,10,1.65,0,93,8
66,2025-03-04,7.32,4,1.9,1,85,7
66,2025-03-05,7.88,9,2.03,1,88,7
66,2025-03-06,7.59,5,1.98,1,84,8
66,2025-03-07,7.81,6,1.98,1,92,8
66,2025-03-08,6.76,7,1.97,0,90,7
66,2025-03-09,5.47,7,1.8,0,91,8
66,2025-03-10,7.53,2,1.81,0,88,7
66,2025-03-11,5.44,5,1.69,0,91,7
66,2025-03-12,7.34,2,1.85,1,93,8
66,2025-03-13,7.5,7,1.96,0,87,8
66,2025-03-14,6.45,3,1.86,0,88,8
66,2025-03-15,6.53,8,2.07,0,86,8
66,2025-03-16,8.05,6,2.15,0,91,8
66,2025-03-17,4.97,10,2.23,1,90,8
66,2025-03-18,7.08,7,2.02,0,86,8
66,2025-03-19,5.25,3,2.13,1,85,7
66,2025-03-20,7.26,8,2.0,0,83,7
66,2025-03-21,6.0,1,2.18,0,84,8
66,2025-03-22,6.65,9,2.22,0,92,8
66,2025-03-23,5.57,2,2.37,0,80,6
66,2025-03-24,6.13,10,2.54,1,89,7
66,2025-03-25,6.89,7,2.63,1,80,6
66,2025-03-26,5.76,5,2.83,1,83,7
66,2025-03-27,7.5,4,3.04,1,87,6
66,2025-03-28,6.83,1,2.87,1,86,7
66,2025-03-29,5.48,6,2.89,0,87,7
66,2025-03-30,5.64,9,2.82,0,93,8
66,2025-03-31,6.66,1,2.83,0,90,7
66,2025-04-01,5.31,10,2.6,1,91,7
66,2025-04-02,6.82,5,2.71,1,89,7
66,2025-04-03,6.11,9,2.95,0,85,7
66,2025-04-04,7.32,4,2.77,0,87,7
66,2025-04-05,6.92,10,2.93,0,82,6
66,2025-04-06,7.13,5,3.0,0,86,7
66,2025-04-07,4.24,1,2.96,1,90,7
66,2025-04-08,6.18,4,2.74,1,88,7
66,2025-04-09,8.07,5,2.89,0,85,7
66,2025-04-10,5.99,7,3.0,1,83,7
67,2025-01-01,5.09,1,3.44,0,92,6
67,2025-01-02,7.0,10,3.41,1,82,5
67,2025-01-03,6.59,9,3.45,1,86,6
67,2025-01-04,5.42,2,3.26,0,90,6
67,2025-01-05,7.19,4,3.32,0,89,7
67,2025-01-06,3.45,2,3.14,1,87,7
67,2025-01-07,7.14,4,3.36,1,92,6
67,2025-01-08,7.42,10,3.43,0,85,6
67,2025-01-09,7.6,7,3.26,0,87,7
67,2025-01-10,2.8,2,3.18,1,90,7
67,2025-01-11,3.28,7,3.22,0,85,6
67,2025-01-12,5.74,2,3.04,0,88,6
67,2025-01-13,8.32,1,3.2,0,86,6
67,2025-01-14,6.45,10,3.02,1,90,7
67,2025-01-15,7.09,2,2.86,0,87,7
67,2025-01-16,6.62,6,2.9,0,87,7
67,2025-01-17,7.42,3,3.05,1,87,7
67,2025-01-18,6.08,2,2.97,0,92,6
67,2025-01-19,6.43,4,2.86,1,90,6
67,2025-01-20,6.56,6,3.03,0,91,6
67,2025-01-21,9.76,2,3.09,1,89,6
67,2025-01-22,6.21,6,3.28,1,86,7
67,2025-01-23,1.95,6,3.4,0,94,7
67,2025-01-24,6.56,5,3.43,1,90,6
67,2025-01-25,5.54,8,3.21,1,90,7
67,2025-01-26,6.78,2,3.3,0,87,7
67,2025-01-27,7.72,7,3.39,1,92,6
67,2025-01-28,6.36,8,3.51,1,92,6
67,2025-01-29,5.54,6,3.61,0,91,6
67,2025-01-30,5.04,9,3.68,1,83,6
67,2025-01-31,7.28,5,3.92,1,89,5
67,2025-02-01,7.26,3,4.02,1,87,5
67,2025-02-02,4.57,5,3.86,1,92,6
67,2025-02-03,8.51,9,3.97,1,86,6
67,2025-02-04,6.76,5,3.9,0,86,6
67,2025-02-05,4.42,4,3.72,0,89,7
67,2025-02-06,9.07,8,3.56,1,86,5
67,2025-02-07,5.3,2,3.47,0,84,5
67,2025-02-08,5.79,9,3.6,1,85,6
67,2025-02-09,4.05,5,3.43,0,89,6
67,2025-02-10,6.76,1,3.36,0,87,5
67,2025-02-11,7.16,1,3.54,1,85,6
67,2025-02-12,5.06,7,3.42,0,82,5
67,2025-02-13,6.65,1,3.35,1,93,7
67,2025-02-14,6.11,7,3.4,1,85,6
67,2025-02-15,7.07,6,3.22,1,90,7
67,2025-02-16,7.34,5,3.13,1,90,6
67,2025-02-17,6.32,1,2.88,1,89,6
67,2025-02-18,4.03,2,3.03,0,85,6
67,2025-02-19,5.95,4,3.06,0,84,6
67,2025-02-20,5.54,6,2.92,0,89,6
67,2025-02-21,5.38,9,2.96,1,86,7
67,2025-02-22,5.52,10,2.77,0,92,6
67,2025-02-23,5.6,2,2.59,0,89,6
67,2025-02-24,5.07,10,2.68,1,90,6
67,2025-02-25,7.79,4,2.76,1,90,7
67,2025-02-26,7.12,5,2.79,0,94,7
67,2025-02-27,7.46,3,2.62,1,85,7
67,2025-02-28,7.83,4,2.8,1,87,7
67,2025-03-01,6.67,8,2.57,0,87,8
67,2025-03-02,5.88,2,2.33,0,91,8
67,2025-03-03,8.33,1,2.18,1,88,8
67,2025-03-04,7.38,9,2.36,0,88,7
67,2025-03-05,7.26,4,2.27,0,83,6
67,2025-03-06,7.13,3,2.11,1,90,8
67,2025-03-07,8.0,1,2.3,1,87,7
67,2025-03-08,6.54,6,2.46,0,92,6
67,2025-03-09,5.64,5,2.62,1,93,7
67,2025-03-10,5.29,3,2.86,1,93,7
67,2025-03-11,5.97,2,3.05,0,88,6
67,2025-03-12,6.19,4,2.87,0,84,6
67,2025-03-13,5.93,6,3.08,0,94,7
67,2025-03-14,6.96,9,2.98,0,92,7
67,2025-03-15,6.49,3,3.13,1,88,7
67,2025-03-16,7.24,8,3.01,0,91,6
67,2025-03-17,7.22,10,2.93,1,88,6
67,2025-03-18,7.87,5,3.08,1,86,7
67,2025-03-19,6.39,7,2.95,0,90,7
67,2025-03-20,5.83,7,2.73,1,84,6
67,2025-03-21,4.63,1,2.72,1,93,7
67,2025-03-22,6.22,4,2.69,0,89,7
67,2025-03-23,6.27,9,2.8,0,84,6
67,2025-03-24,7.63,10,2.62,0,93,7
67,2025-03-25,6.55,6,2.67,1,94,7
67,2025-03-26,7.44,2,2.44,1,86,7
67,2025-03-27,6.71,1,2.21,1,86,6
67,2025-03-28,6.3,2,2.25,0,94,7
67,2025-03-29,4.62,2,2.39,0,90,7
67,2025-03-30,7.49,8,2.37,1,87,7
67,2025-03-31,7.63,5,2.41,0,92,7
67,2025-04-01,5.77,10,2.49,0,88,8
67,2025-04-02,8.09,5,2.71,1,89,7
67,2025-04-03,8.12,10,2.54,1,93,7
67,2025-04-04,6.71,1,2.39,0,91,7
67,2025-04-05,7.73,5,2.32,0,87,7
67,2025-04-06,4.14,3,2.49,1,95,8
67,2025-04-07,5.93,3,2.58,0,87,7
67,2025-04-08,5.68,8,2.65,0,94,7
67,2025-04-09,7.81,7,2.54,1,83,6
67,2025-04-10,4.25,8,2.68,1,89,6
68,2025-01-01,6.6,7,3.43,0,80,5
68,2025-01-02,3.79,6,3.43,1,86,6
68,2025-01-03,6.62,5,3.55,0,86,6
68,2025-01-04,6.66,10,3.31,0,80,6
68,2025-01-05,8.23,3,3.47,0,83,5
68,2025-01-06,5.54,10,3.71,0,79,6
68,2025-01-07,7.06,4,3.64,1,80,6
68,2025-01-08,6.41,3,3.61,0,82,5
68,2025-01-09,7.83,3,3.44,0,81,7
68,2025-01-10,6.1,1,3.35,1,82,5
68,2025-01-11,4.94,1,3.1,0,83,7
68,2025-01-12,6.98,1,3.33,0,80,5
68,2025-01-13,6.6,6,3.43,1,88,7
68,2025-01-14,5.78,7,3.54,0,86,6
68,2025-01-15,7.1,10,3.59,1,85,7
68,2025-01-16,6.48,4,3.55,0,84,6
68,2025-01-17,6.31,10,3.44,1,79,7
68,2025-01-18,5.37,6,3.4,1,80,6
68,2025-01-19,8.94,4,3.35,0,80,6
68,2025-01-20,4.75,6,3.52,0,77,5
68,2025-01-21,7.45,9,3.31,0,83,6
68,2025-01-22,7.49,8,3.25,1,82,6
68,2025-01-23,6.65,2,3.09,1,85,7
68,2025-01-24,5.48,10,3.01,1,88,7
68,2025-01-25,5.94,4,3.1,1,85,6
68,2025-01-26,7.22,4,3.11,1,78,5
68,2025-01-27,4.8,7,3.12,1,82,7
68,2025-01-28,6.93,9,3.01,0,80,6
68,2025-01-29,6.24,7,3.22,1,80,6
68,2025-01-30,4.4,8,3.33,1,80,7
68,2025-01-31,5.99,6,3.38,1,79,7
68,2025-02-01,5.38,7,3.35,0,82,7
68,2025-02-02,9.23,10,3.54,0,86,6
68,2025-02-03,6.79,5,3.71,1,81,6
68,2025-02-04,4.97,6,3.74,1,80,5
68,2025-02-05,6.03,9,3.88,0,77,5
68,2025-02-06,6.19,10,3.92,1,84,5
68,2025-02-07,5.69,6,3.7,1,80,6
68,2025-02-08,7.56,7,3.71,1,78,5
68,2025-02-09,4.42,2,3.77,1,76,5
68,2025-02-10,5.99,3,3.95,1,81,5
68,2025-02-11,5.53,6,3.94,1,84,5
68,2025-02-12,7.66,4,3.77,1,78,6
68,2025-02-13,6.15,2,3.82,1,84,6
68,2025-02-14,8.23,5,4.0,1,80,5
68,2025-02-15,5.48,9,3.9,0,76,5
68,2025-02-16,6.51,5,4.0,1,83,5
68,2025-02-17,6.98,4,3.97,0,82,5
68,2025-02-18,6.43,8,3.98,1,80,6
68,2025-02-19,8.88,3,3.82,0,85,6
68,2025-02-20,5.97,10,3.86,1,82,6
68,2025-02-21,5.32,9,4.05,0,75,4
68,2025-02-22,6.98,1,4.17,1,82,5
68,2025-02-23,8.91,6,3.99,0,85,6
68,2025-02-24,7.59,4,4.01,1,82,6
68,2025-02-25,9.62,9,4.0,1,82,5
68,2025-02-26,8.45,1,3.93,1,82,6
68,2025-02-27,4.97,4,3.77,1,84,7
68,2025-02-28,5.04,8,3.79,0,77,5
68,2025-03-01,5.32,1,3.6,1,86,6
68,2025-03-02,5.93,6,3.41,1,79,6
68,2025-03-03,5.74,9,3.54,0,84,7
68,2025-03-04,4.92,1,3.76,0,83,5
68,2025-03-05,6.71,5,3.61,1,81,6
68,2025-03-06,5.5,5,3.77,0,81,5
68,2025-03-07,6.3,3,3.53,0,84,5
68,2025-03-08,6.15,4,3.33,1,77,6
68,2025-03-09,5.63,8,3.25,0,80,7
68,2025-03-10,6.78,6,3.13,1,87,7
68,2025-03-11,7.95,8,3.26,1,84,6
68,2025-03-12,6.96,7,3.46,1,86,7
68,2025-03-13,6.96,8,3.23,1,84,6
68,2025-03-14,7.92,2,3.44,1,84,5
68,2025-03-15,5.29,7,3.22,1,84,6
68,2025-03-16,4.17,9,3.11,0,88,7
68,2025-03-17,4.95,6,2.97,0,83,6
68,2025-03-18,5.81,8,3.13,0,77,6
68,2025-03-19,6.1,4,3.26,1,87,7
68,2025-03-20,3.87,2,3.15,1,81,7
68,2025-03-21,7.46,8,3.06,0,79,6
68,2025-03-22,5.69,8,3.3,0,82,6
68,2025-03-23,6.75,5,3.12,1,83,7
68,2025-03-24,5.78,2,3.03,0,83,7
68,2025-03-25,5.6,3,2.81,0,84,6
68,2025-03-26,4.28,10,2.73,1,87,7
68,2025-03-27,6.94,1,2.76,0,81,7
68,2025-03-28,8.12,4,2.7,0,86,6
68,2025-03-29,7.72,2,2.79,0,83,6
68,2025-03-30,5.0,4,2.75,0,80,7
68,2025-03-31,8.24,1,2.57,0,84,7
68,2025-04-01,5.69,8,2.52,1,81,7
68,2025-04-02,7.39,5,2.39,1,79,6
68,2025-04-03,5.97,6,2.21,0,80,7
68,2025-04-04,8.34,3,2.01,1,79,7
68,2025-04-05,5.47,5,1.92,1,88,7
68,2025-04-06,6.65,8,1.69,1,87,7
68,2025-04-07,7.51,6,1.85,1,84,8
68,2025-04-08,7.85,5,2.08,0,80,7
68,2025-04-09,4.87,1,2.3,1,90,8
68,2025-04-10,8.76,1,2.17,1,90,8
69,2025-01-01,5.66,7,3.63,0,92,6
69,2025-01-02,5.35,4,3.75,0,96,6
69,2025-01-03,6.23,8,3.55,1,88,6
69,2025-01-04,4.96,5,3.76,1,90,7
69,2025-01-05,3.93,4,3.91,1,92,5
69,2025-01-06,7.51,6,4.09,0,93,6
69,2025-01-07,7.41,9,4.19,0,93,5
69,2025-01-08,6.66,8,4.15,0,90,5
69,2025-01-09,8.44,10,3.98,1,86,5
69,2025-01-10,5.7,6,3.91,1,87,5
69,2025-01-11,6.09,10,4.03,0,92,6
69,2025-01-12,6.23,1,4.02,0,90,5
69,2025-01-13,9.54,7,4.01,1,93,5
69,2025-01-14,7.81,10,4.26,0,93,5
69,2025-01-15,5.13,1,4.39,0,86,4
69,2025-01-16,7.26,7,4.39,0,94,5
69,2025-01-17,6.64,6,4.47,0,88,4
69,2025-01-18,6.75,4,4.44,0,90,6
69,2025-01-19,5.64,5,4.56,0,91,5
69,2025-01-20,5.38,2,4.79,0,93,5
69,2025-01-21,9.85,4,4.73,1,89,4
69,2025-01-22,5.76,7,4.48,0,91,5
69,2025-01-23,7.01,10,4.43,1,88,4
69,2025-01-24,5.1,5,4.31,1,87,4
69,2025-01-25,6.23,1,4.42,0,87,5
69,2025-01-26,7.15,7,4.21,1,93,6
69,2025-01-27,7.82,2,4.06,0,92,6
69,2025-01-28,6.66,4,4.19,1,88,6
69,2025-01-29,4.93,7,4.4,0,91,6
69,2025-01-30,7.77,5,4.62,0,93,4
69,2025-01-31,4.38,7,4.73,1,85,4
69,2025-02-01,6.27,3,4.96,1,88,5
69,2025-02-02,6.43,8,5.0,0,91,5
69,2025-02-03,3.75,5,4.91,0,92,4
69,2025-02-04,8.39,2,4.81,0,87,5
69,2025-02-05,7.33,4,4.8,0,89,5
69,2025-02-06,6.24,6,4.69,0,87,4
69,2025-02-07,6.58,5,4.75,1,86,4
69,2025-02-08,5.35,4,4.66,0,86,4
69,2025-02-09,6.03,8,4.58,0,91,4
69,2025-02-10,6.34,4,4.57,1,84,4
69,2025-02-11,3.68,5,4.42,1,97,6
69,2025-02-12,5.89,2,4.28,0,95,5
69,2025-02-13,4.76,4,4.45,1,95,6
69,2025-02-14,8.49,6,4.39,0,91,5
69,2025-02-15,5.0,3,4.63,0,89,4
69,2025-02-16,7.65,1,4.59,1,94,5
69,2025-02-17,6.16,8,4.68,1,94,5
69,2025-02-18,4.89,5,4.62,1,88,5
69,2025-02-19,7.33,2,4.44,0,87,5
69,2025-02-20,6.88,7,4.19,0,92,5
69,2025-02-21,5.93,8,4.35,0,91,4
69,2025-02-22,8.52,5,4.57,0,94,5
69,2025-02-23,6.83,9,4.76,1,86,5
69,2025-02-24,6.17,2,4.85,0,91,5
69,2025-02-25,5.36,6,4.61,1,95,5
69,2025-02-26,7.55,2,4.54,1,97,6
69,2025-02-27,6.72,4,4.75,1,92,4
69,2025-02-28,8.71,9,4.69,1,89,5
69,2025-03-01,7.5,6,4.71,0,92,4
69,2025-03-02,5.19,8,4.56,0,85,4
69,2025-03-03,7.63,5,4.67,0,94,5
69,2025-03-04,6.79,4,4.7,0,86,4
69,2025-03-05,6.2,7,4.7,1,87,4
69,2025-03-06,8.53,7,4.74,0,89,5
69,2025-03-07,6.12,5,4.69,1,91,4
69,2025-03-08,7.75,10,4.79,1,84,4
69,2025-03-09,7.34,5,4.92,0,92,4
69,2025-03-10,8.11,3,5.0,0,89,4
69,2025-03-11,4.92,5,5.0,0,88,5
69,2025-03-12,5.54,2,4.87,1,84,4
69,2025-03-13,6.54,1,5.0,1,92,4
69,2025-03-14,4.42,7,4.88,1,88,4
69,2025-03-15,7.73,8,4.79,1,87,5
69,2025-03-16,6.86,8,4.61,0,89,4
69,2025-03-17,6.89,10,4.7,0,86,5
69,2025-03-18,7.04,7,4.67,1,92,5
69,2025-03-19,6.45,1,4.74,0,89,5
69,2025-03-20,3.81,8,4.93,1,86,5
69,2025-03-21,7.78,10,5.0,1,95,5
69,2025-03-22,7.8,4,5.0,0,90,4
69,2025-03-23,5.72,3,5.0,0,88,4
69,2025-03-24,5.2,2,5.0,1,88,5
69,2025-03-25,6.13,7,5.0,0,87,4
69,2025-03-26,6.0,6,5.0,1,95,5
69,2025-03-27,5.78,9,5.0,0,88,4
69,2025-03-28,5.17,2,4.89,1,90,5
69,2025-03-29,5.55,9,4.66,1,90,5
69,2025-03-30,6.23,7,4.66,1,91,5
69,2025-03-31,7.56,3,4.62,1,95,5
69,2025-04-01,6.25,4,4.76,0,94,5
69,2025-04-02,6.62,7,4.8,0,89,4
69,2025-04-03,5.11,5,4.6,0,95,6
69,2025-04-04,7.74,5,4.68,0,92,4
69,2025-04-05,4.22,10,4.44,0,90,5
69,2025-04-06,6.82,9,4.49,0,92,4
69,2025-04-07,5.53,5,4.29,0,86,4
69,2025-04-08,7.26,2,4.3,1,91,5
69,2025-04-09,7.54,4,4.25,1,91,5
69,2025-04-10,4.95,9,4.18,0,92,5
70,2025-01-01,10.0,5,3.82,1,94,6
70,2025-01-02,8.02,2,3.77,1,91,6
70,2025-01-03,5.85,4,3.72,1,91,6
70,2025-01-04,5.75,1,3.82,1,96,5
70,2025-01-05,7.84,10,3.85,0,96,5
70,2025-01-06,7.65,5,3.83,1,90,5
70,2025-01-07,5.93,5,3.67,1,96,6
70,2025-01-08,6.32,1,3.86,0,92,6
70,2025-01-09,5.14,10,3.64,1,90,6
70,2025-01-10,7.68,9,3.84,0,96,5
70,2025-01-11,3.96,8,3.79,0,95,6
70,2025-01-12,7.83,8,3.61,1,97,7
70,2025-01-13,6.68,9,3.52,1,97,7
70,2025-01-14,7.17,2,3.31,0,94,6
70,2025-01-15,4.88,7,3.52,1,92,7
70,2025-01-16,5.16,2,3.66,0,91,5
70,2025-01-17,5.4,8,3.79,1,91,6
70,2025-01-18,5.61,6,3.84,0,95,6
70,2025-01-19,6.69,6,3.96,0,91,6
70,2025-01-20,5.44,8,4.07,0,94,5
70,2025-01-21,8.41,1,3.91,0,94,5
70,2025-01-22,8.07,2,3.85,1,90,6
70,2025-01-23,7.41,1,3.95,0,90,6
70,2025-01-24,5.49,3,4.04,1,90,6
70,2025-01-25,7.77,1,4.0,1,92,5
70,2025-01-26,7.59,1,4.11,1,89,5
70,2025-01-27,6.48,10,3.92,1,93,6
70,2025-01-28,5.52,4,3.87,0,94,6
70,2025-01-29,7.93,9,4.06,1,95,6
70,2025-01-30,4.25,8,4.06,0,97,6
70,2025-01-31,6.14,7,3.94,0,95,7
70,2025-02-01,5.58,3,4.0,0,96,6
70,2025-02-02,5.37,9,3.85,1,87,5
70,2025-02-03,6.72,2,3.6,0,92,6
70,2025-02-04,8.59,10,3.62,0,92,6
70,2025-02-05,6.49,7,3.68,0,90,5
70,2025-02-06,6.2,5,3.76,1,91,6
70,2025-02-07,7.74,8,3.7,0,95,6
70,2025-02-08,7.3,7,3.48,1,92,6
70,2025-02-09,6.44,1,3.7,1,88,5
70,2025-02-10,8.61,7,3.71,0,93,5
70,2025-02-11,6.58,6,3.67,1,98,7
70,2025-02-12,10.0,4,3.47,1,91,6
70,2025-02-13,5.77,10,3.5,1,92,6
70,2025-02-14,6.98,10,3.42,0,93,6
70,2025-02-15,5.88,2,3.26,1,95,6
70,2025-02-16,8.15,1,3.31,1,95,7
70,2025-02-17,3.8,10,3.26,0,91,7
70,2025-02-18,5.22,7,3.14,1,91,7
70,2025-02-19,7.48,3,3.05,1,94,6
70,2025-02-20,6.98,2,3.28,0,92,6
70,2025-02-21,9.09,4,3.33,0,95,7
70,2025-02-22,6.66,2,3.27,0,97,6
70,2025-02-23,5.66,9,3.35,0,95,6
70,2025-02-24,5.78,9,3.13,0,97,7
70,2025-02-25,6.18,1,3.14,1,89,6
70,2025-02-26,6.7,6,3.13,0,89,6
70,2025-02-27,7.48,1,2.98,1,95,7
70,2025-02-28,6.81,7,2.86,1,96,7
70,2025-03-01,8.97,6,3.09,1,95,7
70,2025-03-02,4.21,3,3.09,0,96,6
70,2025-03-03,7.33,10,3.2,0,92,6
70,2025-03-04,6.09,3,3.17,1,96,6
70,2025-03-05,5.41,9,3.04,0,92,7
70,2025-03-06,6.46,4,2.84,0,95,7
70,2025-03-07,5.1,3,2.96,0,100,7
70,2025-03-08,7.39,4,2.84,1,90,6
70,2025-03-09,6.1,2,2.66,0,89,6
70,2025-03-10,6.44,6,2.51,0,94,6
70,2025-03-11,6.22,1,2.34,1,99,7
70,2025-03-12,5.66,3,2.23,0,91,6
70,2025-03-13,6.57,8,2.47,0,97,7
70,2025-03-14,8.49,1,2.58,1,100,7
70,2025-03-15,5.16,6,2.5,1,96,7
70,2025-03-16,6.93,10,2.37,1,98,7
70,2025-03-17,6.51,7,2.26,0,95,7
70,2025-03-18,8.68,7,2.32,1,97,7
70,2025-03-19,6.28,10,2.23,1,93,7
70,2025-03-20,9.17,2,2.27,1,102,8
70,2025-03-21,3.94,4,2.31,0,97,7
70,2025-03-22,5.29,9,2.38,1,99,8
70,2025-03-23,5.51,10,2.36,0,96,7
70,2025-03-24,6.1,6,2.39,1,98,8
70,2025-03-25,6.72,10,2.5,0,102,8
70,2025-03-26,6.26,8,2.34,1,96,8
70,2025-03-27,4.73,5,2.57,0,91,7
70,2025-03-28,6.1,4,2.57,1,95,7
70,2025-03-29,8.47,8,2.75,0,92,7
70,2025-03-30,5.92,5,2.81,0,92,7
70,2025-03-31,7.54,8,2.94,1,91,7
70,2025-04-01,7.35,7,3.18,1,95,7
70,2025-04-02,7.99,7,3.36,1,89,6
70,2025-04-03,3.79,7,3.3,0,92,6
70,2025-04-04,6.28,10,3.48,0,95,6
70,2025-04-05,8.92,4,3.73,1,92,7
70,2025-04-06,5.32,9,3.73,1,90,6
70,2025-04-07,6.59,1,3.68,1,95,6
70,2025-04-08,7.36,9,3.8,0,94,5
70,2025-04-09,7.85,10,3.79,1,100,7
70,2025-04-10,5.18,4,3.81,0,96,6
71,2025-01-01,3.54,2,3.74,1,93,5
71,2025-01-02,7.32,6,3.87,1,93,6
71,2025-01-03,7.81,7,3.66,0,89,5
71,2025-01-04,6.17,7,3.77,0,98,6
71,2025-01-05,7.93,7,3.63,1,93,6
71,2025-01-06,6.8,5,3.61,1,97,5
71,2025-01-07,5.82,1,3.78,1,91,5
71,2025-01-08,7.51,8,3.94,1,96,5
71,2025-01-09,6.08,7,3.8,0,95,6
71,2025-01-10,5.84,5,3.94,0,97,5
71,2025-01-11,6.43,5,4.09,0,96,5
71,2025-01-12,7.27,8,3.93,1,95,6
71,2025-01-13,6.32,10,3.78,1,91,5
71,2025-01-14,4.99,6,3.7,1,93,6
71,2025-01-15,5.8,1,3.68,0,95,5
71,2025-01-16,6.35,1,3.48,0,93,5
71,2025-01-17,8.47,10,3.7,0,93,5
71,2025-01-18,6.29,5,3.93,1,92,5
71,2025-01-19,5.0,10,3.91,1,97,6
71,2025-01-20,7.99,10,3.9,0,98,6
71,2025-01-21,5.62,2,4.01,1,100,6
71,2025-01-22,8.17,9,4.03,1,91,5
71,2025-01-23,4.37,2,4.08,1,91,6
71,2025-01-24,8.98,5,3.94,0,96,5
71,2025-01-25,8.26,1,3.83,0,96,7
71,2025-01-26,4.8,6,3.64,1,97,6
71,2025-01-27,7.21,2,3.62,0,91,6
71,2025-01-28,6.24,9,3.39,1,98,5
71,2025-01-29,6.82,7,3.39,0,96,7
71,2025-01-30,7.08,8,3.37,1,99,7
71,2025-01-31,4.87,6,3.13,0,93,6
71,2025-02-01,6.1,5,3.0,1,92,6
71,2025-02-02,9.6,3,3.18,1,97,6
71,2025-02-03,8.35,10,3.38,1,96,6
71,2025-02-04,3.37,8,3.56,0,97,6
71,2025-02-05,4.82,8,3.38,1,100,6
71,2025-02-06,5.54,9,3.54,1,98,7
71,2025-02-07,7.29,4,3.39,0,93,7
71,2025-02-08,5.26,5,3.34,1,91,6
71,2025-02-09,6.95,4,3.26,0,98,6
71,2025-02-10,5.67,10,3.1,1,95,6
71,2025-02-11,8.15,7,3.27,0,101,7
71,2025-02-12,6.08,5,3.2,0,101,7
71,2025-02-13,5.28,8,3.23,0,91,5
71,2025-02-14,6.17,7,3.34,0,95,6
71,2025-02-15,5.63,7,3.49,1,97,6
71,2025-02-16,5.7,2,3.29,1,91,6
71,2025-02-17,5.51,9,3.38,1,100,6
71,2025-02-18,8.9,8,3.47,1,91,6
71,2025-02-19,6.2,2,3.57,0,91,6
71,2025-02-20,5.17,8,3.74,0,94,7
71,2025-02-21,6.76,5,3.85,1,91,5
71,2025-02-22,5.99,5,3.99,1,96,6
71,2025-02-23,6.06,10,3.91,1,97,5
71,2025-02-24,7.46,7,3.93,1,92,6
71,2025-02-25,6.84,2,3.82,1,96,6
71,2025-02-26,8.04,9,3.99,1,94,6
71,2025-02-27,6.33,5,3.74,1,96,6
71,2025-02-28,6.1,10,3.84,0,94,5
71,2025-03-01,6.19,1,4.06,1,97,6
71,2025-03-02,6.12,3,3.86,0,89,5
71,2025-03-03,8.08,8,4.06,1,90,4
71,2025-03-04,6.12,10,4.16,1,100,6
71,2025-03-05,5.41,5,4.39,1,89,5
71,2025-03-06,6.74,3,4.45,1,91,5
71,2025-03-07,5.87,2,4.29,1,92,6
71,2025-03-08,6.57,2,4.31,0,98,6
71,2025-03-09,6.01,5,4.32,1,89,5
71,2025-03-10,6.65,2,4.44,1,88,4
71,2025-03-11,6.3,1,4.44,1,95,4
71,2025-03-12,7.74,3,4.5,1,96,6
71,2025-03-13,8.99,2,4.65,0,98,5
71,2025-03-14,7.53,9,4.89,1,96,5
71,2025-03-15,6.78,6,5.0,1,87,4
71,2025-03-16,5.35,9,4.76,0,90,4
71,2025-03-17,5.91,5,4.79,0,95,5
71,2025-03-18,7.6,6,4.78,1,91,5
71,2025-03-19,6.84,7,4.77,0,90,5
71,2025-03-20,5.75,4,4.93,0,87,4
71,2025-03-21,5.5,4,4.95,1,89,5
71,2025-03-22,5.51,7,4.93,0,95,5
71,2025-03-23,7.54,4,5.0,1,90,5
71,2025-03-24,7.79,1,5.0,0,95,5
71,2025-03-25,7.22,6,5.0,0,88,4
71,2025-03-26,5.52,6,4.91,0,94,5
71,2025-03-27,5.56,5,4.9,0,94,4
71,2025-03-28,6.21,6,5.0,1,91,5
71,2025-03-29,6.86,9,5.0,1,92,5
71,2025-03-30,7.17,6,5.0,1,88,4
71,2025-03-31,7.95,3,5.0,0,89,4
71,2025-04-01,8.36,7,4.85,0,97,5
71,2025-04-02,6.82,6,4.76,1,92,5
71,2025-04-03,6.18,9,4.7,1,93,5
71,2025-04-04,5.41,4,4.73,0,95,5
71,2025-04-05,7.24,9,4.5,0,89,5
71,2025-04-06,6.31,5,4.61,0,92,5
71,2025-04-07,7.36,1,4.71,1,95,5
71,2025-04-08,5.65,2,4.88,1,96,4
71,2025-04-09,6.66,10,4.66,0,89,5
71,2025-04-10,7.52,3,4.66,0,88,4
72,2025-01-01,7.31,10,2.58,1,92,7
72,2025-01-02,7.47,6,2.65,1,86,8
72,2025-01-03,5.01,5,2.89,1,90,6
72,2025-01-04,5.96,6,2.78,0,86,7
72,2025-01-05,7.59,2,2.6,0,85,7
72,2025-01-06,5.98,6,2.69,0,88,7
72,2025-01-07,4.81,8,2.88,1,84,7
72,2025-01-08,7.75,4,2.8,1,92,7
72,2025-01-09,7.0,1,2.88,0,89,6
72,2025-01-10,7.21,2,2.75,1,87,6
72,2025-01-11,5.74,4,2.68,0,84,7
72,2025-01-12,6.24,10,2.58,0,92,8
72,2025-01-13,7.47,7,2.39,1,92,7
72,2025-01-14,7.04,1,2.16,0,93,7
72,2025-01-15,5.23,1,2.35,0,90,7
72,2025-01-16,4.35,6,2.4,0,87,7
72,2025-01-17,6.0,4,2.46,0,92,8
72,2025-01-18,9.23,9,2.44,1,94,8
72,2025-01-19,7.76,3,2.25,0,91,7
72,2025-01-20,6.4,1,2.22,1,87,8
72,2025-01-21,6.35,6,2.07,1,86,8
72,2025-01-22,7.73,9,1.86,1,86,8
72,2025-01-23,6.05,5,1.76,1,93,8
72,2025-01-24,8.06,1,1.69,0,92,8
72,2025-01-25,6.72,1,1.65,0,90,8
72,2025-01-26,6.03,6,1.57,1,88,8
72,2025-01-27,8.33,5,1.64,1,86,7
72,2025-01-28,6.41,6,1.68,1,93,8
72,2025-01-29,5.92,6,1.7,0,92,8
72,2025-01-30,6.93,5,1.6,0,93,8
72,2025-01-31,7.02,5,1.48,1,90,9
72,2025-02-01,6.17,7,1.23,0,90,8
72,2025-02-02,8.2,2,1.34,1,92,9
72,2025-02-03,7.07,6,1.3,1,92,8
72,2025-02-04,6.98,7,1.29,1,93,9
72,2025-02-05,5.2,4,1.43,0,93,8
72,2025-02-06,5.24,4,1.26,1,93,9
72,2025-02-07,6.79,4,1.16,0,96,9
72,2025-02-08,6.51,1,1.35,1,87,8
72,2025-02-09,5.43,6,1.35,1,93,9
72,2025-02-10,7.51,1,1.57,0,89,8
72,2025-02-11,4.91,2,1.79,0,84,7
72,2025-02-12,10.0,9,2.02,0,86,7
72,2025-02-13,6.69,7,2.23,0,85,7
72,2025-02-14,4.82,2,2.22,1,85,6
72,2025-02-15,7.15,9,2.39,1,90,6
72,2025-02-16,4.69,3,2.17,1,91,7
72,2025-02-17,6.98,10,2.35,1,90,7
72,2025-02-18,6.39,2,2.27,1,94,8
72,2025-02-19,5.73,6,2.32,0,93,8
72,2025-02-20,6.5,3,2.57,1,92,7
72,2025-02-21,6.2,6,2.6,1,86,8
72,2025-02-22,6.27,8,2.59,1,90,8
72,2025-02-23,6.54,9,2.53,0,87,7
72,2025-02-24,5.82,6,2.37,0,85,6
72,2025-02-25,8.0,9,2.4,0,88,6
72,2025-02-26,7.52,10,2.16,1,92,7
72,2025-02-27,5.85,2,2.36,1,89,8
72,2025-02-28,6.38,6,2.44,1,87,8
72,2025-03-01,7.19,9,2.54,1,90,6
72,2025-03-02,9.16,5,2.48,1,86,7
72,2025-03-03,7.96,7,2.55,0,91,7
72,2025-03-04,6.09,4,2.72,0,83,6
72,2025-03-05,5.18,5,2.61,1,91,7
72,2025-03-06,6.45,10,2.8,0,86,7
72,2025-03-07,6.25,9,2.98,1,84,6
72,2025-03-08,9.52,3,3.19,1,85,6
72,2025-03-09,8.22,6,3.08,1,82,6
72,2025-03-10,7.44,4,3.05,0,88,6
72,2025-03-11,8.16,10,3.06,1,86,6
72,2025-03-12,5.72,4,2.95,0,88,6
72,2025-03-13,7.1,6,3.12,1,92,7
72,2025-03-14,5.32,1,3.32,0,85,6
72,2025-03-15,6.47,10,3.11,0,84,7
72,2025-03-16,5.61,9,3.06,0,89,7
72,2025-03-17,3.6,10,3.31,1,88,7
72,2025-03-18,5.54,1,3.1,1,80,5
72,2025-03-19,7.61,1,3.2,1,90,7
72,2025-03-20,5.74,10,3.08,0,83,6
72,2025-03-21,9.23,8,2.92,0,87,6
72,2025-03-22,6.74,7,3.01,1,86,6
72,2025-03-23,6.84,1,3.17,0,93,7
72,2025-03-24,9.18,3,3.41,0,85,7
72,2025-03-25,7.33,8,3.27,1,87,5
72,2025-03-26,6.41,2,3.14,0,93,7
72,2025-03-27,5.77,2,2.99,0,90,6
72,2025-03-28,5.5,4,3.19,0,84,7
72,2025-03-29,5.44,4,3.32,1,89,6
72,2025-03-30,5.8,1,3.11,1,88,6
72,2025-03-31,6.93,4,3.0,1,90,6
72,2025-04-01,6.63,8,2.99,1,88,6
72,2025-04-02,8.42,2,2.86,0,88,8
72,2025-04-03,6.78,8,2.85,1,89,7
72,2025-04-04,7.54,2,2.74,0,87,7
72,2025-04-05,5.36,2,2.96,0,84,6
72,2025-04-06,6.67,3,2.99,1,83,6
72,2025-04-07,6.38,3,2.87,1,91,7
72,2025-04-08,5.84,10,3.09,0,84,7
72,2025-04-09,5.41,6,3.27,0,86,5
72,2025-04-10,6.54,7,3.11,0,85,7
73,2025-01-01,5.94,6,3.07,1,86,6
73,2025-01-02,8.52,6,3.3,1,93,7
73,2025-01-03,6.66,10,3.13,1,88,6
73,2025-01-04,7.29,8,3.0,1,92,7
73,2025-01-05,6.56,5,3.05,0,86,6
73,2025-01-06,5.32,4,3.24,0,88,7
73,2025-01-07,4.85,4,3.32,0,83,5
73,2025-01-08,4.44,4,3.16,1,84,6
73,2025-01-09,6.76,3,3.3,1,82,5
73,2025-01-10,6.3,5,3.06,1,90,6
73,2025-01-11,7.17,5,3.11,0,91,6
73,2025-01-12,8.07,5,3.25,1,92,7
73,2025-01-13,4.68,3,3.32,1,95,7
73,2025-01-14,6.57,8,3.51,0,90,5
73,2025-01-15,5.51,5,3.51,1,93,6
73,2025-01-16,4.38,1,3.48,0,93,6
73,2025-01-17,5.09,1,3.57,1,93,6
73,2025-01-18,6.9,6,3.47,1,88,5
73,2025-01-19,5.85,8,3.32,1,86,6
73,2025-01-20,6.25,8,3.19,0,84,6
73,2025-01-21,6.49,6,3.39,0,90,7
73,2025-01-22,8.79,6,3.37,1,85,5
73,2025-01-23,6.72,10,3.42,0,93,6
73,2025-01-24,7.68,7,3.33,1,93,7
73,2025-01-25,6.57,4,3.57,1,91,5
73,2025-01-26,6.17,3,3.63,0,90,6
73,2025-01-27,5.24,2,3.82,0,83,5
73,2025-01-28,6.94,5,3.61,1,87,5
73,2025-01-29,6.75,5,3.6,0,94,7
73,2025-01-30,7.09,3,3.7,0,91,6
73,2025-01-31,8.69,7,3.79,0,91,5
73,2025-02-01,5.34,9,3.85,1,90,5
73,2025-02-02,5.42,7,4.03,1,89,6
73,2025-02-03,4.88,9,4.07,1,87,6
73,2025-02-04,6.36,6,3.85,0,86,5
73,2025-02-05,8.25,8,4.01,0,86,6
73,2025-02-06,6.83,9,3.87,0,87,5
73,2025-02-07,7.04,7,3.7,0,86,5
73,2025-02-08,7.44,7,3.94,0,84,6
73,2025-02-09,5.98,4,4.12,1,89,5
73,2025-02-10,6.78,1,3.98,1,93,7
73,2025-02-11,3.47,5,4.21,0,89,6
73,2025-02-12,7.21,4,4.24,1,90,6
73,2025-02-13,8.81,4,4.45,1,85,5
73,2025-02-14,3.53,2,4.38,1,87,5
73,2025-02-15,6.34,1,4.32,1,84,5
73,2025-02-16,6.21,4,4.21,1,85,6
73,2025-02-17,5.75,7,4.04,1,90,6
73,2025-02-18,6.01,6,3.99,0,88,6
73,2025-02-19,6.95,4,3.75,0,88,6
73,2025-02-20,7.0,6,3.98,1,88,5
73,2025-02-21,7.18,6,3.97,1,89,6
73,2025-02-22,7.85,2,4.16,0,85,5
73,2025-02-23,6.18,3,4.03,0,91,6
73,2025-02-24,8.3,3,4.06,0,89,6
73,2025-02-25,6.99,10,4.12,1,87,5
73,2025-02-26,6.09,9,4.21,1,89,6
73,2025-02-27,7.18,8,4.27,0,91,5
73,2025-02-28,5.26,1,4.08,0,85,5
73,2025-03-01,8.46,7,4.14,0,88,5
73,2025-03-02,7.93,5,4.38,1,85,5
73,2025-03-03,8.12,2,4.38,0,87,4
73,2025-03-04,7.78,2,4.14,1,89,5
73,2025-03-05,7.49,7,4.17,0,91,6
73,2025-03-06,6.92,10,4.19,1,90,6
73,2025-03-07,4.76,4,4.33,1,84,6
73,2025-03-08,5.9,10,4.2,0,90,5
73,2025-03-09,5.75,5,4.26,0,83,5
73,2025-03-10,5.74,9,4.32,0,80,4
73,2025-03-11,6.25,2,4.17,1,84,6
73,2025-03-12,8.28,1,4.28,0,89,4
73,2025-03-13,6.14,4,4.34,1,81,4
73,2025-03-14,6.3,3,4.42,1,87,5
73,2025-03-15,7.08,4,4.51,1,87,6
73,2025-03-16,5.9,7,4.32,0,86,6
73,2025-03-17,4.12,9,4.17,0,93,6
73,2025-03-18,6.52,4,4.17,0,84,5
73,2025-03-19,6.21,7,4.27,0,80,4
73,2025-03-20,7.57,10,4.39,0,86,5
73,2025-03-21,7.52,8,4.23,1,81,4
73,2025-03-22,5.15,8,4.1,1,84,5
73,2025-03-23,6.09,3,4.27,1,90,6
73,2025-03-24,6.94,2,4.04,0,86,6
73,2025-03-25,7.85,2,4.17,1,89,6
73,2025-03-26,6.62,9,4.04,1,89,5
73,2025-03-27,6.87,1,4.25,1,86,6
73,2025-03-28,7.02,10,4.5,1,87,6
73,2025-03-29,5.71,8,4.32,1,90,6
73,2025-03-30,6.73,10,4.28,1,86,6
73,2025-03-31,7.6,7,4.24,0,86,5
73,2025-04-01,6.17,5,4.01,0,83,5
73,2025-04-02,6.96,8,3.76,0,91,5
73,2025-04-03,4.46,8,3.54,0,87,6
73,2025-04-04,6.93,2,3.36,1,93,6
73,2025-04-05,4.75,7,3.54,1,91,5
73,2025-04-06,4.89,4,3.55,0,86,6
73,2025-04-07,4.55,2,3.56,0,85,5
73,2025-04-08,4.98,7,3.38,0,86,6
73,2025-04-09,5.86,3,3.38,1,90,7
73,2025-04-10,6.14,8,3.51,1,91,6
74,2025-01-01,4.65,10,3.22,0,93,6
74,2025-01-02,6.19,3,3.06,1,95,6
74,2025-01-03,6.41,1,2.85,0,91,7
74,2025-01-04,8.15,6,3.01,0,90,7
74,2025-01-05,6.25,9,2.8,1,91,6
74,2025-01-06,6.15,6,2.92,1,98,7
74,2025-01-07,7.61,7,2.97,1,90,7
74,2025-01-08,6.54,2,2.74,1,94,8
74,2025-01-09,6.83,10,2.58,1,92,7
74,2025-01-10,7.4,8,2.34,1,98,8
74,2025-01-11,5.51,3,2.55,0,97,7
74,2025-01-12,7.27,1,2.67,1,95,6
74,2025-01-13,7.42,5,2.84,0,92,6
74,2025-01-14,5.68,3,3.02,1,97,6
74,2025-01-15,8.05,5,3.04,0,97,6
74,2025-01-16,7.01,10,2.98,0,92,7
74,2025-01-17,4.8,9,2.75,1,93,6
74,2025-01-18,7.38,1,2.9,1,97,6
74,2025-01-19,8.39,6,2.92,0,94,7
74,2025-01-20,7.29,5,2.69,0,96,7
74,2025-01-21,6.8,1,2.93,1,90,6
74,2025-01-22,4.86,10,2.72,0,94,6
74,2025-01-23,6.82,3,2.6,1,93,8
74,2025-01-24,6.03,2,2.4,0,100,8
74,2025-01-25,5.24,8,2.36,0,98,7
74,2025-01-26,7.21,6,2.18,0,92,6
74,2025-01-27,5.0,5,2.32,1,98,7
74,2025-01-28,6.05,9,2.42,1,96,8
74,2025-01-29,3.66,6,2.54,0,95,7
74,2025-01-30,6.38,8,2.59,0,91,6
74,2025-01-31,5.99,5,2.46,1,93,7
74,2025-02-01,6.44,2,2.21,1,99,8
74,2025-02-02,8.18,3,2.26,1,95,7
74,2025-02-03,6.79,7,2.44,0,94,7
74,2025-02-04,8.01,1,2.49,1,89,6
74,2025-02-05,7.48,7,2.36,0,101,8
74,2025-02-06,5.25,1,2.58,1,96,7
74,2025-02-07,5.47,1,2.6,0,97,7
74,2025-02-08,7.27,5,2.7,1,91,6
74,2025-02-09,7.45,8,2.48,1,91,7
74,2025-02-10,5.74,4,2.51,0,93,6
74,2025-02-11,6.34,1,2.59,0,101,8
74,2025-02-12,6.33,10,2.44,0,94,6
74,2025-02-13,6.4,2,2.62,0,92,7
74,2025-02-14,5.21,5,2.66,1,93,6
74,2025-02-15,7.21,5,2.76,0,96,8
74,2025-02-16,8.47,1,2.87,1,99,7
74,2025-02-17,8.65,3,3.06,0,94,7
74,2025-02-18,7.92,10,3.24,1,92,7
74,2025-02-19,8.58,2,3.36,1,94,6
74,2025-02-20,7.67,8,3.31,1,97,6
74,2025-02-21,6.13,1,3.36,1,96,7
74,2025-02-22,5.44,2,3.13,0,90,7
74,2025-02-23,5.72,2,3.36,0,95,5
74,2025-02-24,5.56,5,3.34,0,93,5
74,2025-02-25,5.79,9,3.58,1,89,5
74,2025-02-26,6.63,6,3.76,0,96,6
74,2025-02-27,6.06,6,4.0,0,95,6
74,2025-02-28,6.39,8,4.1,1,92,5
74,2025-03-01,5.89,6,4.25,0,89,4
74,2025-03-02,7.95,4,4.19,1,90,6
74,2025-03-03,7.45,9,4.25,0,94,6
74,2025-03-04,5.28,8,4.11,0,97,6
74,2025-03-05,5.84,10,4.25,1,95,6
74,2025-03-06,4.3,9,4.45,1,86,4
74,2025-03-07,5.83,1,4.35,0,89,4
74,2025-03-08,6.06,9,4.36,1,95,5
74,2025-03-09,6.99,8,4.13,0,93,5
74,2025-03-10,7.64,10,3.92,0,93,6
74,2025-03-11,4.74,3,3.81,1,88,6
74,2025-03-12,5.45,1,4.02,1,89,6
74,2025-03-13,6.35,3,4.0,0,96,6
74,2025-03-14,5.79,7,3.76,1,91,5
74,2025-03-15,4.53,8,3.7,1,97,6
74,2025-03-16,5.23,2,3.71,0,90,6
74,2025-03-17,4.94,8,3.6,1,89,6
74,2025-03-18,7.58,5,3.56,0,88,6
74,2025-03-19,6.54,2,3.72,1,92,6
74,2025-03-20,4.41,8,3.76,1,87,5
74,2025-03-21,4.83,8,3.83,0,92,6
74,2025-03-22,3.72,5,4.03,1,93,6
74,2025-03-23,3.59,4,4.21,0,89,6
74,2025-03-24,8.26,9,3.99,0,93,6
74,2025-03-25,5.58,10,3.98,0,88,5
74,2025-03-26,6.91,10,4.09,1,91,6
74,2025-03-27,5.14,5,4.2,0,97,6
74,2025-03-28,6.77,6,4.43,1,86,5
74,2025-03-29,4.76,10,4.19,1,96,6
74,2025-03-30,7.66,1,4.24,0,93,4
74,2025-03-31,5.53,3,4.27,0,88,5
74,2025-04-01,6.87,5,4.51,1,94,5
74,2025-04-02,7.29,3,4.59,1,87,5
74,2025-04-03,6.22,7,4.63,0,89,4
74,2025-04-04,5.92,2,4.44,0,87,5
74,2025-04-05,8.95,9,4.57,0,88,4
74,2025-04-06,5.99,10,4.58,1,88,4
74,2025-04-07,5.87,2,4.44,0,92,5
74,2025-04-08,7.46,3,4.34,0,87,5
74,2025-04-09,8.18,10,4.5,1,87,5
74,2025-04-10,6.19,4,4.38,0,90,4
75,2025-01-01,8.17,4,2.9,1,91,6
75,2025-01-02,6.45,10,2.71,0,99,7
75,2025-01-03,4.99,5,2.5,1,100,7
75,2025-01-04,5.95,1,2.38,0,99,7
75,2025-01-05,5.3,10,2.6,1,99,7
75,2025-01-06,6.87,10,2.46,1,92,7
75,2025-01-07,5.69,1,2.58,0,92,6
75,2025-01-08,5.25,3,2.37,1,94,7
75,2025-01-09,7.27,7,2.56,1,99,7
75,2025-01-10,7.71,1,2.58,1,99,6
75,2025-01-11,6.23,10,2.5,1,100,8
75,2025-01-12,7.06,8,2.28,0,94,8
75,2025-01-13,4.95,5,2.07,0,98,7
75,2025-01-14,7.97,2,2.2,0,103,8
75,2025-01-15,6.96,1,2.37,0,90,6
75,2025-01-16,5.33,2,2.45,1,101,8
75,2025-01-17,4.6,8,2.7,0,101,8
75,2025-01-18,6.18,8,2.84,1,92,6
75,2025-01-19,8.58,6,2.96,1,98,6
75,2025-01-20,7.35,1,3.08,1,97,7
75,2025-01-21,3.69,7,3.25,1,98,7
75,2025-01-22,7.04,7,3.49,0,92,6
75,2025-01-23,6.39,9,3.56,1,101,7
75,2025-01-24,7.32,9,3.46,0,96,7
75,2025-01-25,6.22,2,3.7,1,93,6
75,2025-01-26,8.11,2,3.93,1,91,6
75,2025-01-27,6.05,3,3.89,0,90,6
75,2025-01-28,4.43,10,4.13,1,94,5
75,2025-01-29,8.67,5,3.91,0,98,6
75,2025-01-30,7.45,4,3.78,0,92,5
75,2025-01-31,4.24,4,3.98,0,94,6
75,2025-02-01,5.73,7,4.17,1,89,5
75,2025-02-02,6.44,1,4.4,0,90,4
75,2025-02-03,5.89,1,4.42,0,91,5
75,2025-02-04,7.0,10,4.55,1,93,6
75,2025-02-05,5.69,9,4.63,0,92,5
75,2025-02-06,8.31,10,4.74,1,91,4
75,2025-02-07,5.87,6,4.91,0,88,5
75,2025-02-08,10.0,9,4.71,0,92,4
75,2025-02-09,5.16,2,4.53,0,92,6
75,2025-02-10,5.14,8,4.31,1,94,5
75,2025-02-11,6.6,7,4.47,0,93,5
75,2025-02-12,6.75,8,4.24,1,91,6
75,2025-02-13,5.11,4,4.41,0,93,5
75,2025-02-14,7.66,2,4.43,0,93,5
75,2025-02-15,8.44,1,4.64,1,94,5
75,2025-02-16,4.92,1,4.6,1,91,4
75,2025-02-17,6.08,1,4.73,0,89,4
75,2025-02-18,4.87,10,4.61,1,90,5
75,2025-02-19,6.68,7,4.76,1,87,4
75,2025-02-20,8.0,4,4.98,0,93,5
75,2025-02-21,7.3,9,5.0,0,94,5
75,2025-02-22,4.81,10,4.91,0,92,5
75,2025-02-23,8.0,9,4.91,1,86,4
75,2025-02-24,5.24,1,4.71,1,95,5
75,2025-02-25,4.44,5,4.51,1,92,5
75,2025-02-26,5.58,10,4.57,1,98,6
75,2025-02-27,5.89,5,4.39,1,91,4
75,2025-02-28,4.63,6,4.3,1,96,6
75,2025-03-01,7.32,1,4.39,1,96,6
75,2025-03-02,5.81,6,4.27,1,93,6
75,2025-03-03,6.31,1,4.28,0,93,5
75,2025-03-04,6.42,10,4.04,1,96,5
75,2025-03-05,6.31,8,3.97,1,93,5
75,2025-03-06,5.21,9,4.11,1,94,5
75,2025-03-07,5.23,6,4.05,1,94,5
75,2025-03-08,9.93,6,4.13,0,97,5
75,2025-03-09,6.17,4,4.24,0,97,5
75,2025-03-10,5.13,4,4.08,1,89,5
75,2025-03-11,8.53,7,3.87,1,97,5
75,2025-03-12,4.38,2,3.96,0,95,7
75,2025-03-13,6.16,2,4.08,1,94,4
75,2025-03-14,6.65,7,4.19,0,98,6
75,2025-03-15,8.4,3,4.14,1,90,5
75,2025-03-16,4.64,7,4.15,1,91,6
75,2025-03-17,7.26,7,4.14,0,93,5
75,2025-03-18,6.67,3,4.07,0,98,6
75,2025-03-19,8.15,10,3.99,0,92,5
75,2025-03-20,7.59,10,3.99,0,96,5
75,2025-03-21,4.16,7,4.02,0,93,6
75,2025-03-22,5.55,6,3.85,1,93,5
75,2025-03-23,6.05,10,3.81,1,96,6
75,2025-03-24,5.5,7,4.03,0,91,6
75,2025-03-25,4.96,1,4.2,0,95,6
75,2025-03-26,7.01,8,4.24,1,94,5
75,2025-03-27,5.93,1,4.27,0,95,5
75,2025-03-28,6.85,3,4.26,1,91,6
75,2025-03-29,6.49,9,4.43,1,91,6
75,2025-03-30,8.86,9,4.68,0,94,5
75,2025-03-31,7.41,4,4.86,0,94,4
75,2025-04-01,6.95,10,4.75,0,91,5
75,2025-04-02,7.07,1,4.93,0,96,5
75,2025-04-03,7.46,7,5.0,1,93,4
75,2025-04-04,5.62,6,5.0,1,97,5
75,2025-04-05,5.87,7,5.0,1,95,5
75,2025-04-06,8.29,2,5.0,1,89,5
75,2025-04-07,6.95,6,5.0,0,93,5
75,2025-04-08,6.14,1,5.0,0,93,4
75,2025-04-09,5.43,1,5.0,0,88,4
75,2025-04-10,5.02,7,5.0,1,87,4
76,2025-01-01,7.2,8,3.47,0,79,6
76,2025-01-02,6.77,10,3.46,0,83,7
76,2025-01-03,6.08,6,3.49,0,85,5
76,2025-01-04,5.64,6,3.56,1,83,5
76,2025-01-05,5.86,4,3.35,0,89,7
76,2025-01-06,7.47,3,3.41,0,79,6
76,2025-01-07,6.72,5,3.19,0,88,6
76,2025-01-08,6.68,10,3.34,1,86,5
76,2025-01-09,7.62,2,3.2,1,85,6
76,2025-01-10,6.47,5,3.18,0,86,6
76,2025-01-11,5.5,5,3.36,1,85,6
76,2025-01-12,6.24,1,3.15,1,82,7
76,2025-01-13,7.62,5,2.93,1,87,6
76,2025-01-14,6.49,6,3.17,0,83,6
76,2025-01-15,6.52,6,3.37,1,82,7
76,2025-01-16,4.64,9,3.6,0,80,6
76,2025-01-17,7.03,2,3.68,1,84,5
76,2025-01-18,5.22,3,3.64,0,88,6
76,2025-01-19,7.76,4,3.53,1,83,7
76,2025-01-20,6.96,7,3.32,0,89,7
76,2025-01-21,6.41,4,3.15,1,81,7
76,2025-01-22,8.46,7,2.98,0,79,6
76,2025-01-23,4.32,1,3.15,0,85,7
76,2025-01-24,5.44,9,3.3,1,87,6
76,2025-01-25,7.98,2,3.47,1,80,5
76,2025-01-26,6.7,1,3.68,0,80,5
76,2025-01-27,5.49,1,3.69,0,84,5
76,2025-01-28,7.24,6,3.48,0,82,7
76,2025-01-29,6.82,8,3.45,1,81,7
76,2025-01-30,5.73,9,3.53,1,80,6
76,2025-01-31,6.42,2,3.36,1,84,7
76,2025-02-01,6.76,2,3.49,1,77,5
76,2025-02-02,6.36,10,3.25,0,87,6
76,2025-02-03,7.96,6,3.16,1,79,6
76,2025-02-04,8.51,8,3.25,0,85,7
76,2025-02-05,7.53,5,3.29,0,85,6
76,2025-02-06,6.19,5,3.42,0,86,5
76,2025-02-07,3.91,8,3.34,1,88,6
76,2025-02-08,7.11,6,3.42,0,79,6
76,2025-02-09,7.28,1,3.25,1,84,6
76,2025-02-10,5.45,8,3.29,1,79,6
76,2025-02-11,6.47,10,3.32,0,90,7
76,2025-02-12,7.46,3,3.29,0,86,7
76,2025-02-13,6.99,4,3.18,0,79,6
76,2025-02-14,6.53,3,3.28,1,82,7
76,2025-02-15,5.76,10,3.38,0,89,7
76,2025-02-16,6.69,9,3.31,1,87,6
76,2025-02-17,7.32,6,3.31,0,79,6
76,2025-02-18,6.4,2,3.26,1,88,6
76,2025-02-19,7.79,5,3.32,1,78,5
76,2025-02-20,7.02,7,3.44,1,84,7
76,2025-02-21,6.79,7,3.64,0,84,5
76,2025-02-22,6.78,6,3.6,1,85,5
76,2025-02-23,5.08,5,3.43,0,83,6
76,2025-02-24,5.17,2,3.27,1,84,7
76,2025-02-25,6.44,2,3.11,1,82,6
76,2025-02-26,6.23,1,3.3,0,82,6
76,2025-02-27,10.0,3,3.2,0,79,6
76,2025-02-28,5.95,6,3.29,1,85,6
76,2025-03-01,7.34,3,3.13,0,83,7
76,2025-03-02,5.17,7,3.11,0,82,7
76,2025-03-03,6.88,2,3.0,1,87,6
76,2025-03-04,7.54,6,3.07,0,85,6
76,2025-03-05,7.1,5,2.85,0,85,6
76,2025-03-06,4.72,5,3.01,1,82,7
76,2025-03-07,6.84,7,3.07,1,80,6
76,2025-03-08,7.37,10,2.85,0,83,7
76,2025-03-09,5.2,9,3.07,1,78,5
76,2025-03-10,6.63,1,2.87,1,82,6
76,2025-03-11,5.62,2,3.0,1,86,7
76,2025-03-12,5.09,3,3.08,1,79,6
76,2025-03-13,7.24,10,2.95,1,88,7
76,2025-03-14,6.72,4,3.02,1,88,6
76,2025-03-15,6.32,6,2.97,0,88,6
76,2025-03-16,6.91,9,2.95,1,85,7
76,2025-03-17,7.41,10,2.84,0,82,7
76,2025-03-18,6.94,10,3.04,1,82,6
76,2025-03-19,6.54,5,3.15,0,90,7
76,2025-03-20,7.09,1,2.92,1,84,7
76,2025-03-21,8.34,5,2.7,0,86,7
76,2025-03-22,8.44,3,2.84,0,86,6
76,2025-03-23,6.44,2,3.04,0,83,7
76,2025-03-24,7.21,9,3.02,0,84,7
76,2025-03-25,3.1,2,2.96,0,81,6
76,2025-03-26,5.79,2,3.04,0,88,7
76,2025-03-27,6.16,7,2.85,0,83,7
76,2025-03-28,6.82,4,2.84,0,82,7
76,2025-03-29,6.9,10,2.92,1,82,6
76,2025-03-30,5.78,10,2.96,0,82,6
76,2025-03-31,4.95,10,2.71,0,84,6
76,2025-04-01,7.18,4,2.88,1,83,6
76,2025-04-02,5.52,9,3.09,1,85,7
76,2025-04-03,7.09,1,3.28,0,84,7
76,2025-04-04,8.72,3,3.45,0,87,6
76,2025-04-05,7.72,1,3.58,1,85,7
76,2025-04-06,6.34,8,3.72,1,90,7
76,2025-04-07,4.49,4,3.53,0,89,7
76,2025-04-08,5.93,8,3.46,0,84,5
76,2025-04-09,6.47,2,3.57,1,80,6
76,2025-04-10,4.37,3,3.75,1,79,6
77,2025-01-01,6.55,7,4.07,1,77,4
77,2025-01-02,7.58,7,4.28,0,70,4
77,2025-01-03,7.08,6,4.2,0,74,5
77,2025-01-04,6.03,2,4.23,1,80,6
77,2025-01-05,7.0,6,4.23,1,75,6
77,2025-01-06,5.99,1,4.35,0,76,5
77,2025-01-07,5.82,4,4.55,1,73,5
77,2025-01-08,8.49,1,4.76,0,79,5
77,2025-01-09,7.32,7,4.92,1,71,5
77,2025-01-10,7.81,2,4.7,0,76,4
77,2025-01-11,6.71,5,4.79,1,78,5
77,2025-01-12,6.49,5,4.85,1,76,4
77,2025-01-13,7.22,8,5.0,1,69,4
77,2025-01-14,6.7,3,4.97,1,77,5
77,2025-01-15,5.01,5,5.0,1,79,5
77,2025-01-16,4.67,7,4.97,0,79,5
77,2025-01-17,4.16,8,5.0,1,74,5
77,2025-01-18,5.78,6,5.0,0,69,4
77,2025-01-19,6.94,8,4.98,1,71,5
77,2025-01-20,7.33,9,5.0,1,72,4
77,2025-01-21,6.0,4,5.0,0,74,4
77,2025-01-22,6.69,8,4.89,1,79,5
77,2025-01-23,5.92,9,5.0,0,78,4
77,2025-01-24,6.54,9,4.88,0,79,5
77,2025-01-25,4.91,10,4.68,0,77,4
77,2025-01-26,7.11,5,4.88,1,74,4
77,2025-01-27,5.66,3,5.0,0,78,5
77,2025-01-28,4.59,5,5.0,1,80,5
77,2025-01-29,6.67,4,5.0,0,75,4
77,2025-01-30,6.04,7,5.0,0,74,5
77,2025-01-31,4.12,6,5.0,1,73,5
77,2025-02-01,7.45,9,4.96,0,76,4
77,2025-02-02,3.92,10,5.0,1,76,4
77,2025-02-03,6.99,4,5.0,1,75,4
77,2025-02-04,5.96,7,4.83,1,72,4
77,2025-02-05,9.27,1,4.63,1,72,4
77,2025-02-06,5.17,2,4.52,0,76,5
77,2025-02-07,5.41,2,4.57,1,70,4
77,2025-02-08,5.32,2,4.74,0,73,5
77,2025-02-09,7.33,6,4.82,0,74,4
77,2025-02-10,5.85,3,4.6,1,75,5
77,2025-02-11,8.91,4,4.51,1,82,6
77,2025-02-12,7.15,1,4.31,0,73,6
77,2025-02-13,7.67,10,4.42,1,73,5
77,2025-02-14,7.09,4,4.35,0,82,6
77,2025-02-15,6.09,1,4.36,1,69,4
77,2025-02-16,8.7,4,4.19,1,72,5
77,2025-02-17,8.04,2,4.24,0,71,5
77,2025-02-18,4.85,10,4.39,0,75,5
77,2025-02-19,6.38,10,4.23,1,76,5
77,2025-02-20,5.11,8,4.48,0,73,5
77,2025-02-21,6.2,8,4.29,0,76,6
77,2025-02-22,7.17,7,4.21,0,78,5
77,2025-02-23,8.06,6,4.4,1,78,5
77,2025-02-24,5.83,2,4.16,1,76,4
77,2025-02-25,7.54,4,4.17,1,77,5
77,2025-02-26,5.46,6,4.08,1,75,6
77,2025-02-27,6.43,1,4.06,1,70,4
77,2025-02-28,4.77,6,4.17,0,75,6
77,2025-03-01,6.41,3,4.12,1,77,6
77,2025-03-02,5.63,10,4.15,0,78,6
77,2025-03-03,8.49,6,4.0,0,73,6
77,2025-03-04,7.88,2,4.07,1,76,6
77,2025-03-05,5.6,4,3.88,0,73,6
77,2025-03-06,5.73,6,3.72,0,75,5
77,2025-03-07,7.07,1,3.9,1,71,5
77,2025-03-08,9.53,9,3.71,1,82,6
77,2025-03-09,5.43,10,3.75,0,77,5
77,2025-03-10,7.12,8,3.67,0,74,5
77,2025-03-11,7.02,7,3.76,1,77,5
77,2025-03-12,6.15,4,3.74,0,81,6
77,2025-03-13,5.87,3,3.94,1,79,5
77,2025-03-14,10.0,3,4.18,1,77,6
77,2025-03-15,7.97,4,4.4,1,75,6
77,2025-03-16,4.57,3,4.38,0,71,4
77,2025-03-17,6.31,6,4.31,1,73,4
77,2025-03-18,6.15,7,4.18,1,76,5
77,2025-03-19,8.6,7,4.38,0,75,5
77,2025-03-20,5.79,1,4.24,1,78,5
77,2025-03-21,7.13,4,4.16,1,74,6
77,2025-03-22,7.05,2,4.29,0,75,5
77,2025-03-23,5.36,4,4.1,1,81,6
77,2025-03-24,5.77,4,3.99,1,77,5
77,2025-03-25,7.14,3,3.79,1,80,5
77,2025-03-26,6.4,4,3.72,1,74,6
77,2025-03-27,7.02,2,3.8,1,73,6
77,2025-03-28,6.08,5,3.88,0,82,6
77,2025-03-29,4.87,3,3.98,0,73,5
77,2025-03-30,8.26,8,4.04,0,76,6
77,2025-03-31,7.24,1,4.15,1,82,6
77,2025-04-01,4.18,2,4.23,0,76,5
77,2025-04-02,6.52,2,4.39,0,77,4
77,2025-04-03,5.44,9,4.29,1,76,4
77,2025-04-04,6.12,2,4.51,1,71,4
77,2025-04-05,6.28,10,4.54,1,76,5
77,2025-04-06,7.96,9,4.48,1,75,6
77,2025-04-07,6.04,2,4.54,1,72,5
77,2025-04-08,7.18,4,4.55,0,76,5
77,2025-04-09,8.45,5,4.35,1,79,6
77,2025-04-10,4.67,3,4.18,0,80,6
78,2025-01-01,7.23,3,3.78,0,83,5
78,2025-01-02,5.24,8,3.79,0,86,6
78,2025-01-03,4.47,9,3.7,0,88,6
78,2025-01-04,7.01,6,3.73,0,87,6
78,2025-01-05,7.84,10,3.78,1,79,5
78,2025-01-06,5.09,4,3.95,1,84,7
78,2025-01-07,7.46,2,3.71,1,89,7
78,2025-01-08,5.6,1,3.92,0,89,6
78,2025-01-09,7.23,2,4.05,1,82,5
78,2025-01-10,5.99,6,3.88,0,82,5
78,2025-01-11,6.03,7,3.87,0,89,6
78,2025-01-12,3.31,8,4.04,1,83,5
78,2025-01-13,7.47,10,3.88,1,85,6
78,2025-01-14,3.84,6,4.04,1,86,6
78,2025-01-15,8.26,10,4.07,1,80,4
78,2025-01-16,6.5,8,4.21,0,80,6
78,2025-01-17,8.13,4,4.3,0,82,5
78,2025-01-18,6.38,10,4.33,0,80,4
78,2025-01-19,5.4,10,4.19,1,84,5
78,2025-01-20,7.37,9,4.01,0,86,5
78,2025-01-21,5.04,2,3.88,0,84,6
78,2025-01-22,5.96,3,3.65,0,82,6
78,2025-01-23,6.77,10,3.65,1,89,7
78,2025-01-24,6.74,1,3.48,0,87,6
78,2025-01-25,4.88,6,3.44,1,86,6
78,2025-01-26,5.97,6,3.51,0,82,5
78,2025-01-27,6.8,1,3.62,0,78,5
78,2025-01-28,6.31,3,3.69,1,88,6
78,2025-01-29,8.67,10,3.67,0,85,6
78,2025-01-30,7.01,6,3.8,0,79,5
78,2025-01-31,6.4,1,3.89,0,87,5
78,2025-02-01,6.87,4,3.7,1,84,7
78,2025-02-02,5.36,5,3.94,0,80,5
78,2025-02-03,5.64,9,4.14,0,79,5
78,2025-02-04,8.03,1,4.22,0,85,5
78,2025-02-05,7.21,7,4.24,1,80,6
78,2025-02-06,6.34,1,4.18,1,78,4
78,2025-02-07,5.96,8,4.17,0,82,5
78,2025-02-08,6.23,4,4.1,0,84,5
78,2025-02-09,5.42,8,4.21,1,84,6
78,2025-02-10,5.67,5,4.15,1,83,5
78,2025-02-11,7.77,1,4.05,0,89,6
78,2025-02-12,7.35,9,3.94,1,80,5
78,2025-02-13,6.0,5,4.16,1,87,6
78,2025-02-14,6.25,9,3.95,0,80,6
78,2025-02-15,7.81,6,4.07,1,78,5
78,2025-02-16,5.02,10,3.86,1,89,6
78,2025-02-17,9.07,8,4.04,1,82,6
78,2025-02-18,5.55,3,4.12,1,86,6
78,2025-02-19,5.39,1,4.33,1,80,5
78,2025-02-20,7.34,6,4.46,0,80,5
78,2025-02-21,5.98,9,4.66,1,81,5
78,2025-02-22,5.75,1,4.44,0,78,5
78,2025-02-23,6.35,3,4.25,0,80,4
78,2025-02-24,7.37,5,4.44,1,83,5
78,2025-02-25,8.05,7,4.21,0,80,5
78,2025-02-26,6.9,3,4.36,1,87,6
78,2025-02-27,8.28,5,4.42,0,82,4
78,2025-02-28,6.24,9,4.6,0,84,6
78,2025-03-01,8.01,10,4.6,0,82,4
78,2025-03-02,6.38,7,4.7,0,81,5
78,2025-03-03,8.91,6,4.69,0,80,4
78,2025-03-04,6.13,4,4.86,1,80,5
78,2025-03-05,5.64,4,4.94,0,81,4
78,2025-03-06,5.89,8,5.0,0,83,5
78,2025-03-07,6.57,1,5.0,0,84,4
78,2025-03-08,7.27,6,4.81,1,78,5
78,2025-03-09,5.58,6,4.76,0,80,5
78,2025-03-10,7.48,4,4.75,0,76,4
78,2025-03-11,7.0,6,4.59,1,84,6
78,2025-03-12,6.68,10,4.48,1,84,5
78,2025-03-13,6.4,5,4.67,0,85,6
78,2025-03-14,4.89,5,4.8,1,85,6
78,2025-03-15,6.0,5,4.72,0,77,4
78,2025-03-16,8.0,5,4.67,1,84,5
78,2025-03-17,8.93,5,4.91,1,78,5
78,2025-03-18,7.22,10,4.89,1,80,4
78,2025-03-19,4.84,9,5.0,1,78,5
78,2025-03-20,6.58,4,5.0,0,83,4
78,2025-03-21,8.84,7,4.97,1,78,5
78,2025-03-22,6.79,2,4.8,1,79,4
78,2025-03-23,7.21,6,4.8,0,85,4
78,2025-03-24,4.91,9,5.0,0,87,5
78,2025-03-25,7.9,6,5.0,1,83,4
78,2025-03-26,6.81,9,4.82,1,79,4
78,2025-03-27,5.68,3,4.67,0,84,4
78,2025-03-28,5.44,4,4.5,1,80,6
78,2025-03-29,6.87,1,4.31,0,82,6
78,2025-03-30,5.54,4,4.38,0,81,6
78,2025-03-31,6.24,10,4.24,0,83,5
78,2025-04-01,5.06,1,4.15,1,80,5
78,2025-04-02,8.24,3,4.29,0,79,5
78,2025-04-03,7.81,7,4.4,1,85,5
78,2025-04-04,5.19,2,4.32,1,83,6
78,2025-04-05,7.68,9,4.3,0,76,4
78,2025-04-06,4.91,9,4.17,0,80,4
78,2025-04-07,6.66,5,4.27,0,82,5
78,2025-04-08,7.27,8,4.17,1,85,6
78,2025-04-09,5.63,10,4.38,1,83,6
78,2025-04-10,4.76,1,4.3,1,86,6
79,2025-01-01,6.8,6,3.86,1,94,6
79,2025-01-02,6.37,2,3.69,0,91,6
79,2025-01-03,7.23,1,3.67,1,97,7
79,2025-01-04,7.43,10,3.63,1,96,6
79,2025-01-05,8.98,9,3.78,1,95,7
79,2025-01-06,6.09,1,3.56,1,95,5
79,2025-01-07,7.22,10,3.57,0,93,6
79,2025-01-08,6.78,8,3.5,0,88,5
79,2025-01-09,6.13,8,3.5,1,91,6
79,2025-01-10,6.38,9,3.66,0,94,5
79,2025-01-11,6.19,9,3.78,1,91,6
79,2025-01-12,6.72,1,3.6,1,87,5
79,2025-01-13,8.69,3,3.72,0,93,7
79,2025-01-14,5.59,2,3.72,0,89,6
79,2025-01-15,6.37,3,3.86,1,96,6
79,2025-01-16,5.52,6,3.9,0,90,6
79,2025-01-17,7.22,7,4.06,0,88,5
79,2025-01-18,4.17,10,4.02,0,90,5
79,2025-01-19,4.7,5,3.84,0,91,6
79,2025-01-20,4.81,1,4.0,0,91,6
79,2025-01-21,6.67,2,3.93,0,96,7
79,2025-01-22,6.4,9,3.97,0,98,6
79,2025-01-23,5.88,10,4.04,1,92,6
79,2025-01-24,5.86,8,4.14,1,94,6
79,2025-01-25,6.81,8,4.15,1,95,5
79,2025-01-26,5.07,1,4.33,0,95,6
79,2025-01-27,6.47,1,4.41,0,87,4
79,2025-01-28,5.78,1,4.51,0,89,5
79,2025-01-29,7.13,10,4.39,0,97,6
79,2025-01-30,7.19,8,4.55,1,88,5
79,2025-01-31,4.99,2,4.39,1,93,6
79,2025-02-01,4.81,9,4.48,1,90,4
79,2025-02-02,6.11,7,4.26,0,88,4
79,2025-02-03,7.96,3,4.05,0,93,5
79,2025-02-04,4.74,1,4.29,0,93,4
79,2025-02-05,8.35,1,4.21,0,87,5
79,2025-02-06,6.54,9,4.45,1,96,5
79,2025-02-07,7.19,9,4.26,1,96,5
79,2025-02-08,6.16,2,4.48,1,92,5
79,2025-02-09,6.0,2,4.44,0,93,5
79,2025-02-10,7.0,1,4.63,1,90,5
79,2025-02-11,8.08,4,4.54,0,95,6
79,2025-02-12,5.8,6,4.5,0,95,6
79,2025-02-13,7.78,1,4.63,1,92,5
79,2025-02-14,5.71,7,4.4,1,88,4
79,2025-02-15,8.52,4,4.29,1,96,5
79,2025-02-16,4.12,10,4.35,1,91,5
79,2025-02-17,8.27,10,4.34,0,94,5
79,2025-02-18,5.11,3,4.09,1,92,6
79,2025-02-19,7.3,2,4.21,1,95,5
79,2025-02-20,5.38,3,4.1,0,92,4
79,2025-02-21,8.14,3,4.34,0,92,5
79,2025-02-22,6.31,6,4.37,0,92,5
79,2025-02-23,7.06,10,4.61,0,96,5
79,2025-02-24,7.07,8,4.5,1,86,4
79,2025-02-25,6.75,7,4.39,0,95,6
79,2025-02-26,4.59,1,4.57,0,94,5
79,2025-02-27,5.64,5,4.8,0,90,5
79,2025-02-28,7.94,5,4.75,0,94,6
79,2025-03-01,5.61,6,4.86,0,85,4
79,2025-03-02,6.75,6,4.91,1,89,5
79,2025-03-03,4.68,7,4.96,0,92,4
79,2025-03-04,5.46,3,4.98,0,94,4
79,2025-03-05,8.72,9,5.0,1,90,4
79,2025-03-06,7.08,4,5.0,0,89,5
79,2025-03-07,3.18,1,4.86,0,96,5
79,2025-03-08,7.47,10,4.77,0,92,6
79,2025-03-09,6.63,3,4.9,0,90,4
79,2025-03-10,6.16,2,4.71,1,94,5
79,2025-03-11,6.4,5,4.65,1,94,4
79,2025-03-12,6.96,2,4.87,0,91,5
79,2025-03-13,6.88,7,5.0,0,90,4
79,2025-03-14,6.16,5,5.0,0,85,4
79,2025-03-15,7.19,8,5.0,0,96,5
79,2025-03-16,5.94,9,4.86,1,87,4
79,2025-03-17,6.37,9,4.68,1,92,5
79,2025-03-18,6.85,6,4.63,1,95,5
79,2025-03-19,7.1,5,4.41,1,95,5
79,2025-03-20,4.08,10,4.52,1,87,5
79,2025-03-21,7.88,4,4.71,0,94,4
79,2025-03-22,7.02,1,4.76,0,93,4
79,2025-03-23,5.1,1,4.73,1,92,6
79,2025-03-24,6.31,3,4.75,1,87,5
79,2025-03-25,5.61,9,4.82,1,93,5
79,2025-03-26,6.58,10,4.74,1,93,5
79,2025-03-27,5.7,3,4.6,1,87,4
79,2025-03-28,7.49,4,4.42,0,98,6
79,2025-03-29,5.21,7,4.34,1,91,5
79,2025-03-30,7.29,3,4.45,1,92,5
79,2025-03-31,6.82,3,4.26,0,94,5
79,2025-04-01,6.0,10,4.11,0,92,6
79,2025-04-02,3.88,3,4.35,0,92,5
79,2025-04-03,6.48,6,4.48,1,91,5
79,2025-04-04,6.11,6,4.68,0,96,5
79,2025-04-05,5.24,3,4.5,1,92,4
79,2025-04-06,5.28,4,4.42,1,87,5
79,2025-04-07,5.41,10,4.56,1,94,4
79,2025-04-08,4.87,7,4.67,1,93,6
79,2025-04-09,6.82,9,4.7,1,95,6
79,2025-04-10,5.15,9,4.51,0,95,6
80,2025-01-01,6.84,6,4.16,1,76,5
80,2025-01-02,8.17,5,4.11,0,76,5
80,2025-01-03,8.65,8,4.04,1,77,5
80,2025-01-04,4.34,6,4.11,0,79,5
80,2025-01-05,7.34,5,4.26,1,81,4
80,2025-01-06,6.81,9,4.18,1,76,5
80,2025-01-07,8.69,4,4.11,1,78,6
80,2025-01-08,7.12,2,4.35,0,78,6
80,2025-01-09,5.26,1,4.38,0,79,4
80,2025-01-10,6.08,1,4.32,1,75,4
80,2025-01-11,7.05,7,4.27,0,85,5
80,2025-01-12,5.1,6,4.02,0,78,5
80,2025-01-13,7.28,8,3.84,0,81,6
80,2025-01-14,5.34,1,3.63,0,78,6
80,2025-01-15,3.17,3,3.57,1,86,6
80,2025-01-16,2.71,6,3.52,0,79,6
80,2025-01-17,8.07,7,3.56,1,82,6
80,2025-01-18,6.01,6,3.41,0,80,6
80,2025-01-19,5.93,4,3.57,1,81,5
80,2025-01-20,6.63,7,3.69,0,81,6
80,2025-01-21,6.64,2,3.76,1,83,7
80,2025-01-22,5.9,7,3.52,1,80,6
80,2025-01-23,7.85,7,3.5,0,82,6
80,2025-01-24,6.15,2,3.65,0,78,5
80,2025-01-25,4.92,7,3.62,0,80,6
80,2025-01-26,5.72,4,3.69,0,86,6
80,2025-01-27,7.37,2,3.78,1,79,6
80,2025-01-28,8.21,5,4.03,1,78,5
80,2025-01-29,6.54,10,3.81,0,76,5
80,2025-01-30,6.77,10,3.99,0,83,5
80,2025-01-31,5.71,9,3.96,1,79,5
80,2025-02-01,7.32,10,3.74,0,76,5
80,2025-02-02,7.18,7,3.96,1,79,5
80,2025-02-03,6.19,9,3.75,1,80,5
80,2025-02-04,8.71,6,3.7,0,80,5
80,2025-02-05,6.63,3,3.85,0,76,5
80,2025-02-06,7.16,8,3.98,1,82,5
80,2025-02-07,5.0,5,3.97,1,80,6
80,2025-02-08,5.09,9,3.72,1,81,7
80,2025-02-09,7.41,2,3.53,0,79,6
80,2025-02-10,6.13,1,3.63,1,84,7
80,2025-02-11,7.34,9,3.67,1,77,5
80,2025-02-12,6.66,4,3.62,0,80,6
80,2025-02-13,6.93,1,3.42,0,80,6
80,2025-02-14,6.19,4,3.37,0,79,6
80,2025-02-15,7.1,9,3.47,0,86,7
80,2025-02-16,6.11,5,3.35,0,79,6
80,2025-02-17,9.24,2,3.48,0,81,7
80,2025-02-18,6.04,9,3.4,0,84,5
80,2025-02-19,4.69,8,3.61,1,82,6
80,2025-02-20,6.94,2,3.54,1,87,6
80,2025-02-21,7.07,2,3.66,0,84,5
80,2025-02-22,6.26,7,3.67,0,87,7
80,2025-02-23,6.56,5,3.55,0,80,6
80,2025-02-24,5.71,2,3.36,1,87,7
80,2025-02-25,7.77,6,3.18,1,82,6
80,2025-02-26,5.44,5,2.96,0,82,6
80,2025-02-27,6.96,10,2.88,0,89,7
80,2025-02-28,6.34,7,2.68,0,79,6
80,2025-03-01,4.94,9,2.45,0,85,8
80,2025-03-02,6.04,10,2.36,0,86,7
80,2025-03-03,7.24,1,2.23,0,85,7
80,2025-03-04,6.7,4,2.45,1,80,7
80,2025-03-05,5.47,2,2.23,0,82,7
80,2025-03-06,4.08,9,2.07,1,84,8
80,2025-03-07,6.74,2,2.23,1,83,7
80,2025-03-08,5.62,4,2.3,1,82,7
80,2025-03-09,7.28,1,2.35,1,83,7
80,2025-03-10,5.27,7,2.31,1,80,7
80,2025-03-11,7.62,3,2.36,0,82,8
80,2025-03-12,6.46,2,2.38,0,86,6
80,2025-03-13,6.11,2,2.34,0,85,6
80,2025-03-14,3.24,10,2.58,1,87,8
80,2025-03-15,5.13,6,2.66,1,82,8
80,2025-03-16,6.08,9,2.46,1,83,8
80,2025-03-17,7.27,2,2.24,0,87,8
80,2025-03-18,7.9,3,2.01,1,83,8
80,2025-03-19,4.43,10,2.0,0,82,7
80,2025-03-20,8.75,5,1.94,0,91,8
80,2025-03-21,5.38,4,1.97,0,88,8
80,2025-03-22,5.24,1,1.79,0,85,9
80,2025-03-23,8.6,5,1.72,0,86,8
80,2025-03-24,7.85,8,1.57,1,89,8
80,2025-03-25,6.1,7,1.82,1,90,8
80,2025-03-26,5.98,7,1.98,1,89,8
80,2025-03-27,7.86,3,1.94,0,90,8
80,2025-03-28,4.2,3,1.84,1,88,7
80,2025-03-29,7.21,10,1.85,1,80,7
80,2025-03-30,6.5,8,1.94,1,87,8
80,2025-03-31,6.11,1,1.73,0,91,8
80,2025-04-01,5.39,9,1.5,0,86,8
80,2025-04-02,7.19,6,1.7,0,81,7
80,2025-04-03,5.5,3,1.5,1,82,8
80,2025-04-04,6.76,4,1.27,0,84,8
80,2025-04-05,5.07,2,1.24,0,83,7
80,2025-04-06,7.44,7,1.44,0,90,9
80,2025-04-07,5.03,1,1.65,1,83,8
80,2025-04-08,5.85,6,1.55,0,91,9
80,2025-04-09,4.64,2,1.31,0,92,9
80,2025-04-10,6.04,8,1.12,0,88,9
81,2025-01-01,5.59,2,2.87,0,93,7
81,2025-01-02,9.34,9,3.04,0,90,7
81,2025-01-03,5.2,3,3.22,1,83,6
81,2025-01-04,7.39,5,3.0,0,84,7
81,2025-01-05,6.66,4,2.76,1,89,6
81,2025-01-06,8.2,2,2.92,1,90,6
81,2025-01-07,7.06,3,3.15,1,84,6
81,2025-01-08,6.57,6,3.2,1,88,6
81,2025-01-09,7.29,10,3.05,0,90,7
81,2025-01-10,6.23,3,3.25,0,89,5
81,2025-01-11,7.21,1,3.45,0,86,6
81,2025-01-12,8.06,1,3.64,0,87,5
81,2025-01-13,5.46,10,3.59,0,88,6
81,2025-01-14,8.05,2,3.51,1,85,6
81,2025-01-15,8.2,8,3.44,0,83,6
81,2025-01-16,7.53,4,3.39,0,81,5
81,2025-01-17,4.08,3,3.4,1,93,7
81,2025-01-18,7.59,8,3.36,0,88,5
81,2025-01-19,5.61,10,3.28,0,83,6
81,2025-01-20,7.6,3,3.27,0,84,7
81,2025-01-21,5.69,10,3.5,1,86,5
81,2025-01-22,6.69,10,3.31,0,87,7
81,2025-01-23,7.03,5,3.47,0,89,6
81,2025-01-24,7.11,5,3.24,1,86,7
81,2025-01-25,8.07,6,3.17,1,87,6
81,2025-01-26,6.45,7,2.96,1,82,6
81,2025-01-27,7.1,8,2.9,1,92,7
81,2025-01-28,8.27,1,2.98,0,84,7
81,2025-01-29,6.65,4,3.17,0,86,7
81,2025-01-30,5.78,10,3.29,0,84,6
81,2025-01-31,6.01,10,3.18,1,90,6
81,2025-02-01,6.04,4,3.05,1,91,6
81,2025-02-02,8.25,5,3.04,1,91,6
81,2025-02-03,8.31,7,3.25,1,84,6
81,2025-02-04,7.44,8,3.5,1,81,5
81,2025-02-05,4.32,5,3.27,1,88,7
81,2025-02-06,8.82,9,3.36,1,80,5
81,2025-02-07,6.52,8,3.33,0,87,5
81,2025-02-08,6.82,3,3.09,0,82,6
81,2025-02-09,5.36,5,3.32,0,84,6
81,2025-02-10,7.48,1,3.55,1,86,6
81,2025-02-11,6.93,3,3.55,0,83,6
81,2025-02-12,8.3,7,3.67,0,82,6
81,2025-02-13,5.73,7,3.9,0,87,6
81,2025-02-14,6.81,6,4.04,0,87,5
81,2025-02-15,5.82,3,4.23,0,83,5
81,2025-02-16,6.28,6,4.13,0,87,6
81,2025-02-17,5.37,8,3.98,0,83,6
81,2025-02-18,6.24,2,3.76,0,80,5
81,2025-02-19,6.33,7,3.79,1,82,6
81,2025-02-20,5.77,2,3.62,1,84,6
81,2025-02-21,7.82,9,3.75,1,83,6
81,2025-02-22,8.67,1,3.83,0,83,5
81,2025-02-23,5.89,10,4.07,1,80,5
81,2025-02-24,7.17,3,4.25,1,80,5
81,2025-02-25,6.19,10,4.25,1,88,5
81,2025-02-26,5.97,5,4.48,0,82,6
81,2025-02-27,7.79,10,4.59,1,80,5
81,2025-02-28,6.4,7,4.68,1,84,4
81,2025-03-01,5.91,9,4.67,1,81,4
81,2025-03-02,6.13,1,4.59,1,83,4
81,2025-03-03,7.6,9,4.76,1,83,5
81,2025-03-04,5.24,7,4.91,0,84,4
81,2025-03-05,4.02,9,4.72,1,84,5
81,2025-03-06,6.21,6,4.72,0,81,5
81,2025-03-07,8.04,4,4.74,0,86,5
81,2025-03-08,6.76,3,4.82,0,81,4
81,2025-03-09,8.28,7,4.95,1,78,4
81,2025-03-10,8.48,10,5.0,1,80,4
81,2025-03-11,6.25,7,4.75,1,78,4
81,2025-03-12,8.71,9,4.54,1,87,6
81,2025-03-13,7.53,6,4.54,0,85,6
81,2025-03-14,5.54,3,4.35,1,80,5
81,2025-03-15,6.82,1,4.45,0,84,4
81,2025-03-16,6.83,6,4.69,0,80,5
81,2025-03-17,5.62,2,4.76,0,79,4
81,2025-03-18,5.83,1,4.96,1,78,4
81,2025-03-19,5.97,7,5.0,1,81,5
81,2025-03-20,4.81,6,4.78,0,79,4
81,2025-03-21,6.52,9,4.61,0,89,5
81,2025-03-22,6.56,5,4.86,1,83,5
81,2025-03-23,7.8,1,4.92,0,87,5
81,2025-03-24,6.07,5,4.87,0,83,5
81,2025-03-25,6.12,7,4.89,0,83,5
81,2025-03-26,7.04,2,5.0,1,80,4
81,2025-03-27,6.65,6,5.0,0,83,4
81,2025-03-28,6.83,2,4.76,0,81,5
81,2025-03-29,6.92,3,4.73,1,80,5
81,2025-03-30,6.48,10,4.68,1,79,4
81,2025-03-31,5.15,10,4.9,0,85,5
81,2025-04-01,7.11,7,5.0,0,89,5
81,2025-04-02,6.91,4,4.95,1,87,4
81,2025-04-03,6.33,1,5.0,1,78,4
81,2025-04-04,4.91,10,4.8,0,78,4
81,2025-04-05,6.37,1,4.68,1,78,4
81,2025-04-06,6.25,3,4.82,0,79,4
81,2025-04-07,3.94,7,5.0,0,83,4
81,2025-04-08,6.35,2,5.0,0,78,4
81,2025-04-09,9.0,7,4.89,1,88,5
81,2025-04-10,4.89,6,4.95,0,82,5
82,2025-01-01,7.75,9,3.92,1,78,6
82,2025-01-02,5.17,9,3.94,0,77,5
82,2025-01-03,7.42,7,3.81,0,78,6
82,2025-01-04,7.24,6,3.83,1,83,6
82,2025-01-05,7.08,2,3.75,0,80,5
82,2025-01-06,5.98,4,3.62,0,76,5
82,2025-01-07,4.83,3,3.87,1,85,5
82,2025-01-08,7.42,2,3.68,1,86,6
82,2025-01-09,7.76,9,3.59,0,83,5
82,2025-01-10,6.59,1,3.42,1,84,6
82,2025-01-11,4.92,3,3.57,1,79,6
82,2025-01-12,4.81,6,3.41,0,86,7
82,2025-01-13,7.52,10,3.58,1,81,6
82,2025-01-14,6.2,8,3.51,1,79,6
82,2025-01-15,8.89,7,3.74,1,86,6
82,2025-01-16,5.7,4,3.75,0,86,6
82,2025-01-17,8.32,1,3.81,1,83,5
82,2025-01-18,7.0,9,3.76,1,84,6
82,2025-01-19,6.17,1,3.64,1,76,5
82,2025-01-20,6.56,3,3.79,0,78,5
82,2025-01-21,5.77,5,3.98,0,78,5
82,2025-01-22,7.36,1,3.84,0,89,7
82,2025-01-23,4.08,3,3.66,0,83,6
82,2025-01-24,7.25,1,3.8,1,83,6
82,2025-01-25,6.55,7,3.56,1,79,5
82,2025-01-26,7.48,10,3.69,1,79,6
82,2025-01-27,5.29,6,3.79,0,80,6
82,2025-01-28,7.56,1,3.75,0,87,6
82,2025-01-29,6.73,4,3.68,0,77,5
82,2025-01-30,7.3,7,3.89,0,81,5
82,2025-01-31,6.56,10,3.84,0,89,7
82,2025-02-01,6.21,2,3.61,1,89,7
82,2025-02-02,7.88,7,3.74,1,76,5
82,2025-02-03,4.69,3,3.94,1,78,6
82,2025-02-04,7.39,4,3.82,1,81,6
82,2025-02-05,5.34,7,3.73,1,85,7
82,2025-02-06,8.62,10,3.89,1,82,7
82,2025-02-07,6.25,4,3.7,0,82,5
82,2025-02-08,5.65,10,3.51,1,81,7
82,2025-02-09,6.33,10,3.66,0,79,5
82,2025-02-10,6.01,7,3.42,0,85,5
82,2025-02-11,10.0,10,3.58,0,79,5
82,2025-02-12,8.82,3,3.53,0,83,6
82,2025-02-13,7.27,9,3.41,1,76,5
82,2025-02-14,5.98,1,3.64,0,80,6
82,2025-02-15,8.62,9,3.78,1,81,5
82,2025-02-16,4.43,10,3.97,0,83,6
82,2025-02-17,6.0,3,3.79,0,79,6
82,2025-02-18,7.15,2,3.77,0,77,5
82,2025-02-19,8.38,6,3.86,0,78,5
82,2025-02-20,6.86,4,3.7,1,80,6
82,2025-02-21,5.56,10,3.83,1,79,6
82,2025-02-22,8.51,1,3.73,0,89,7
82,2025-02-23,7.64,10,3.64,1,85,6
82,2025-02-24,6.18,2,3.44,1,80,5
82,2025-02-25,6.75,2,3.67,1,79,6
82,2025-02-26,6.29,2,3.51,1,82,5
82,2025-02-27,6.75,5,3.34,1,84,6
82,2025-02-28,5.99,1,3.22,0,85,6
82,2025-03-01,5.75,10,3.1,1,84,7
82,2025-03-02,5.35,3,2.87,1,81,6
82,2025-03-03,6.3,1,2.99,0,78,6
82,2025-03-04,4.68,6,3.23,1,87,6
82,2025-03-05,5.78,3,3.1,0,86,6
82,2025-03-06,7.91,2,3.17,1,82,7
82,2025-03-07,5.71,1,3.14,0,81,6
82,2025-03-08,7.15,9,3.11,0,85,7
82,2025-03-09,5.61,1,2.98,1,78,6
82,2025-03-10,7.52,9,3.2,1,83,6
82,2025-03-11,6.76,2,3.08,1,78,6
82,2025-03-12,7.73,2,3.05,0,79,6
82,2025-03-13,6.4,5,2.88,1,84,7
82,2025-03-14,9.38,5,3.01,0,81,6
82,2025-03-15,5.6,10,3.0,1,86,6
82,2025-03-16,4.34,4,3.03,0,81,7
82,2025-03-17,7.64,7,2.88,1,82,7
82,2025-03-18,7.16,9,2.66,0,83,8
82,2025-03-19,6.27,5,2.83,1,89,8
82,2025-03-20,7.95,7,2.79,1,79,6
82,2025-03-21,4.31,1,2.94,1,85,6
82,2025-03-22,6.06,5,2.91,1,80,7
82,2025-03-23,4.61,4,2.76,1,80,6
82,2025-03-24,5.27,1,2.68,1,84,7
82,2025-03-25,7.87,5,2.61,1,80,6
82,2025-03-26,5.59,2,2.69,0,80,7
82,2025-03-27,6.89,5,2.8,0,86,7
82,2025-03-28,5.32,5,2.91,1,81,6
82,2025-03-29,7.16,4,2.78,0,84,6
82,2025-03-30,5.8,6,2.79,1,82,6
82,2025-03-31,5.42,8,2.76,1,88,7
82,2025-04-01,6.81,5,2.62,0,79,6
82,2025-04-02,5.46,2,2.72,1,83,7
82,2025-04-03,7.03,10,2.63,1,80,7
82,2025-04-04,5.67,8,2.4,1,82,7
82,2025-04-05,6.99,4,2.35,0,86,7
82,2025-04-06,5.89,3,2.16,1,82,8
82,2025-04-07,7.57,10,1.92,0,81,7
82,2025-04-08,5.42,2,1.96,1,87,8
82,2025-04-09,6.75,1,1.99,1,89,8
82,2025-04-10,6.69,5,1.81,0,84,7
83,2025-01-01,7.32,8,2.51,1,92,7
83,2025-01-02,5.13,9,2.61,0,87,6
83,2025-01-03,6.44,2,2.84,0,89,6
83,2025-01-04,6.6,5,2.96,1,93,7
83,2025-01-05,9.72,9,3.06,0,89,7
83,2025-01-06,6.51,2,3.02,1,82,6
83,2025-01-07,5.04,3,2.87,0,88,6
83,2025-01-08,6.34,1,2.74,0,84,7
83,2025-01-09,8.39,2,2.72,0,88,7
83,2025-01-10,6.08,8,2.91,1,87,7
83,2025-01-11,7.61,4,2.9,1,86,7
83,2025-01-12,6.23,6,2.93,1,89,7
83,2025-01-13,6.28,7,3.1,0,86,7
83,2025-01-14,5.35,7,2.93,1,87,7
83,2025-01-15,4.61,3,2.78,0,86,7
83,2025-01-16,5.65,4,2.89,1,92,7
83,2025-01-17,7.12,7,3.11,0,85,7
83,2025-01-18,6.64,3,2.91,0,86,8
83,2025-01-19,7.46,3,2.96,0,89,7
83,2025-01-20,6.56,9,3.17,1,91,7
83,2025-01-21,6.95,7,3.2,1,89,7
83,2025-01-22,6.86,5,3.27,1,82,6
83,2025-01-23,6.91,3,3.18,0,85,5
83,2025-01-24,7.58,3,3.1,1,85,6
83,2025-01-25,5.53,2,3.0,1,93,7
83,2025-01-26,5.92,5,2.86,0,86,6
83,2025-01-27,4.61,6,3.03,0,87,6
83,2025-01-28,7.84,6,3.22,0,89,6
83,2025-01-29,5.11,6,2.98,0,90,7
83,2025-01-30,8.14,2,2.74,0,89,6
83,2025-01-31,5.83,10,2.73,0,84,6
83,2025-02-01,6.28,10,2.77,1,87,6
83,2025-02-02,6.89,7,2.55,0,92,7
83,2025-02-03,4.32,4,2.74,0,93,7
83,2025-02-04,6.79,8,2.57,0,85,7
83,2025-02-05,5.11,6,2.8,0,91,7
83,2025-02-06,8.84,4,3.04,1,86,6
83,2025-02-07,8.35,8,3.23,1,90,7
83,2025-02-08,4.44,4,3.06,0,85,6
83,2025-02-09,4.77,9,2.83,1,89,7
83,2025-02-10,6.13,6,2.69,0,93,7
83,2025-02-11,8.17,3,2.92,1,88,6
83,2025-02-12,6.61,4,2.88,1,92,7
83,2025-02-13,9.18,2,2.82,1,88,8
83,2025-02-14,5.3,4,2.92,0,86,7
83,2025-02-15,7.88,5,2.72,0,88,8
83,2025-02-16,7.45,10,2.94,0,93,7
83,2025-02-17,7.69,7,2.8,1,85,7
83,2025-02-18,7.28,3,2.84,1,86,7
83,2025-02-19,5.79,10,2.75,1,90,7
83,2025-02-20,5.55,8,2.81,1,95,8
83,2025-02-21,4.71,10,2.64,0,93,7
83,2025-02-22,7.46,10,2.4,0,90,7
83,2025-02-23,7.45,9,2.2,0,90,7
83,2025-02-24,5.87,5,2.28,0,84,7
83,2025-02-25,8.05,9,2.19,0,85,7
83,2025-02-26,6.67,7,2.06,1,91,7
83,2025-02-27,8.7,8,1.88,0,96,9
83,2025-02-28,5.95,7,1.94,1,93,7
83,2025-03-01,5.43,3,2.08,1,89,6
83,2025-03-02,6.33,7,1.97,1,90,7
83,2025-03-03,4.42,5,1.89,0,94,8
83,2025-03-04,7.03,7,1.85,1,87,7
83,2025-03-05,7.87,9,1.67,1,88,8
83,2025-03-06,9.13,1,1.67,1,86,8
83,2025-03-07,5.97,3,1.6,1,88,8
83,2025-03-08,6.24,8,1.36,0,95,9
83,2025-03-09,4.14,10,1.18,1,88,8
83,2025-03-10,7.79,1,1.12,1,89,9
83,2025-03-11,7.83,7,0.88,0,92,9
83,2025-03-12,6.62,5,0.97,1,89,8
83,2025-03-13,7.72,5,0.93,1,91,9
83,2025-03-14,6.51,10,0.81,1,94,9
83,2025-03-15,7.33,10,0.8,0,95,10
83,2025-03-16,7.4,7,0.96,1,94,8
83,2025-03-17,7.71,9,1.01,1,90,8
83,2025-03-18,6.49,4,0.81,0,95,8
83,2025-03-19,7.47,8,0.89,1,89,9
83,2025-03-20,4.29,2,0.94,0,93,9
83,2025-03-21,8.33,10,1.14,0,87,8
83,2025-03-22,6.16,2,1.23,0,85,7
83,2025-03-23,8.15,1,1.27,1,86,8
83,2025-03-24,7.05,3,1.25,0,90,7
83,2025-03-25,5.9,9,1.1,0,91,8
83,2025-03-26,5.55,8,1.35,0,90,7
83,2025-03-27,5.37,2,1.54,1,92,9
83,2025-03-28,6.35,10,1.64,0,90,9
83,2025-03-29,5.96,8,1.88,0,87,7
83,2025-03-30,5.81,5,1.85,0,89,8
83,2025-03-31,9.3,2,1.62,1,87,8
83,2025-04-01,7.39,4,1.78,1,90,8
83,2025-04-02,5.77,5,1.93,0,94,8
83,2025-04-03,6.22,5,1.96,0,91,8
83,2025-04-04,6.08,1,2.1,0,95,8
83,2025-04-05,5.32,6,2.08,0,93,7
83,2025-04-06,7.04,4,2.01,1,88,7
83,2025-04-07,5.65,1,1.85,1,87,7
83,2025-04-08,5.88,10,1.81,1,91,7
83,2025-04-09,7.83,10,2.0,0,94,8
83,2025-04-10,6.58,7,2.18,1,93,8
84,2025-01-01,5.45,7,2.48,1,77,6
84,2025-01-02,6.47,7,2.51,0,79,7
84,2025-01-03,7.94,2,2.37,0,78,6
84,2025-01-04,4.37,7,2.26,0,79,8
84,2025-01-05,7.56,10,2.04,0,86,8
84,2025-01-06,6.38,2,2.19,0,81,6
84,2025-01-07,6.98,7,2.37,0,81,8
84,2025-01-08,7.02,4,2.57,1,80,6
84,2025-01-09,6.88,10,2.37,1,83,7
84,2025-01-10,5.72,1,2.43,0,78,7
84,2025-01-11,6.6,1,2.34,1,77,7
84,2025-01-12,5.32,8,2.29,0,83,8
84,2025-01-13,6.74,1,2.17,0,78,8
84,2025-01-14,6.98,5,2.29,0,85,7
84,2025-01-15,6.07,4,2.28,0,81,8
84,2025-01-16,6.51,8,2.16,1,79,7
84,2025-01-17,7.25,7,2.41,0,80,7
84,2025-01-18,7.25,8,2.38,0,81,7
84,2025-01-19,6.84,2,2.17,0,78,6
84,2025-01-20,4.57,8,2.38,1,84,7
84,2025-01-21,8.55,3,2.2,0,81,8
84,2025-01-22,6.51,9,2.26,1,77,7
84,2025-01-23,7.9,2,2.41,0,77,7
84,2025-01-24,7.46,9,2.23,0,76,7
84,2025-01-25,6.05,3,2.03,0,87,8
84,2025-01-26,8.33,6,1.9,1,80,8
84,2025-01-27,6.94,1,1.79,0,86,8
84,2025-01-28,6.47,5,1.55,0,89,9
84,2025-01-29,7.39,3,1.65,1,77,7
84,2025-01-30,7.46,5,1.45,0,86,8
84,2025-01-31,6.39,4,1.49,1,87,8
84,2025-02-01,6.97,9,1.54,0,83,7
84,2025-02-02,6.96,4,1.62,1,87,8
84,2025-02-03,7.29,9,1.66,0,78,8
84,2025-02-04,6.36,3,1.71,1,85,7
84,2025-02-05,5.53,10,1.69,1,87,8
84,2025-02-06,8.79,4,1.68,1,83,7
84,2025-02-07,7.16,7,1.49,1,85,8
84,2025-02-08,7.64,9,1.27,0,85,7
84,2025-02-09,6.79,2,1.41,1,86,8
84,2025-02-10,5.95,4,1.34,0,80,8
84,2025-02-11,4.24,1,1.11,0,84,9
84,2025-02-12,6.04,6,1.09,0,83,8
84,2025-02-13,7.71,6,1.19,0,87,8
84,2025-02-14,4.69,8,1.32,0,81,8
84,2025-02-15,8.93,7,1.44,1,82,8
84,2025-02-16,7.24,3,1.23,1,86,8
84,2025-02-17,6.82,1,1.2,1,80,8
84,2025-02-18,7.3,3,1.31,1,86,8
84,2025-02-19,6.86,10,1.25,1,83,8
84,2025-02-20,8.29,2,1.4,0,82,7
84,2025-02-21,5.71,10,1.62,0,80,9
84,2025-02-22,8.82,6,1.83,0,85,7
84,2025-02-23,8.1,8,2.02,1,81,8
84,2025-02-24,6.61,1,2.19,0,78,7
84,2025-02-25,6.32,3,2.26,1,82,7
84,2025-02-26,7.76,10,2.08,0,75,6
84,2025-02-27,7.38,5,1.96,0,78,7
84,2025-02-28,7.05,8,1.9,1,82,8
84,2025-03-01,6.12,9,1.68,1,81,9
84,2025-03-02,6.31,7,1.74,0,80,8
84,2025-03-03,5.81,6,1.76,0,82,8
84,2025-03-04,8.59,9,1.78,0,86,9
84,2025-03-05,8.53,1,1.75,1,84,7
84,2025-03-06,5.91,2,1.53,0,87,8
84,2025-03-07,6.32,4,1.34,1,87,8
84,2025-03-08,6.91,6,1.54,1,80,8
84,2025-03-09,5.99,2,1.78,0,83,7
84,2025-03-10,4.24,6,1.88,1,79,8
84,2025-03-11,7.55,7,1.91,0,80,8
84,2025-03-12,7.17,2,2.1,1,78,8
84,2025-03-13,7.55,6,2.27,0,79,7
84,2025-03-14,7.41,7,2.44,0,78,6
84,2025-03-15,6.16,3,2.61,1,76,6
84,2025-03-16,7.45,8,2.41,1,79,7
84,2025-03-17,5.33,7,2.42,0,79,8
84,2025-03-18,7.11,9,2.27,1,84,7
84,2025-03-19,4.41,9,2.06,1,78,6
84,2025-03-20,5.41,9,2.1,0,79,7
84,2025-03-21,7.23,8,2.15,0,77,7
84,2025-03-22,4.49,5,2.14,0,81,6
84,2025-03-23,5.16,9,2.02,1,86,8
84,2025-03-24,6.58,7,1.82,1,85,7
84,2025-03-25,5.23,9,1.99,1,79,8
84,2025-03-26,7.22,10,2.18,1,76,7
84,2025-03-27,6.72,6,2.0,0,84,7
84,2025-03-28,7.33,2,2.05,1,81,7
84,2025-03-29,7.47,7,2.23,1,87,8
84,2025-03-30,4.04,8,2.07,0,81,7
84,2025-03-31,6.61,2,1.96,1,84,7
84,2025-04-01,5.92,5,1.98,1,84,8
84,2025-04-02,5.84,1,1.79,1,76,7
84,2025-04-03,7.96,1,1.79,1,87,8
84,2025-04-04,5.7,6,1.65,0,82,8
84,2025-04-05,7.05,2,1.55,0,82,9
84,2025-04-06,5.82,8,1.5,1,77,7
84,2025-04-07,5.72,10,1.59,1,85,7
84,2025-04-08,6.09,4,1.66,0,86,9
84,2025-04-09,8.75,9,1.88,1,83,8
84,2025-04-10,6.63,6,2.0,1,83,8
85,2025-01-01,6.52,5,3.59,1,80,5
85,2025-01-02,5.19,4,3.81,0,86,6
85,2025-01-03,5.63,4,3.93,0,83,6
85,2025-01-04,5.98,5,3.74,1,85,5
85,2025-01-05,6.44,4,3.49,0,89,6
85,2025-01-06,5.67,1,3.47,1,87,6
85,2025-01-07,6.9,1,3.66,0,84,5
85,2025-01-08,7.42,4,3.73,1,80,5
85,2025-01-09,6.76,9,3.58,0,87,5
85,2025-01-10,6.45,6,3.79,1,86,6
85,2025-01-11,6.54,8,3.88,1,82,6
85,2025-01-12,5.24,9,3.66,1,83,5
85,2025-01-13,5.05,3,3.45,1,86,6
85,2025-01-14,6.51,4,3.5,0,85,6
85,2025-01-15,7.28,3,3.71,1,86,6
85,2025-01-16,5.73,1,3.61,0,79,5
85,2025-01-17,6.94,1,3.58,1,86,6
85,2025-01-18,5.64,9,3.34,1,85,7
85,2025-01-19,6.06,9,3.5,0,87,7
85,2025-01-20,7.5,10,3.53,1,82,6
85,2025-01-21,5.96,3,3.48,0,90,6
85,2025-01-22,5.78,9,3.54,0,83,7
85,2025-01-23,7.07,1,3.72,1,82,5
85,2025-01-24,8.78,9,3.7,1,89,7
85,2025-01-25,9.02,2,3.91,1,89,6
85,2025-01-26,6.13,6,3.96,0,85,6
85,2025-01-27,7.18,6,3.73,1,88,6
85,2025-01-28,6.26,6,3.7,0,84,5
85,2025-01-29,7.64,6,3.49,1,90,7
85,2025-01-30,7.88,7,3.64,1,85,6
85,2025-01-31,5.67,5,3.83,0,90,6
85,2025-02-01,8.12,10,3.92,0,84,6
85,2025-02-02,8.74,8,4.08,1,79,5
85,2025-02-03,8.62,7,3.86,0,82,5
85,2025-02-04,7.16,2,3.75,1,82,6
85,2025-02-05,5.9,7,3.87,1,86,6
85,2025-02-06,6.81,9,3.83,1,83,6
85,2025-02-07,8.31,4,3.9,0,87,5
85,2025-02-08,6.34,7,3.82,1,86,6
85,2025-02-09,3.89,7,3.59,0,90,6
85,2025-02-10,7.5,5,3.63,1,87,7
85,2025-02-11,7.32,5,3.64,0,88,6
85,2025-02-12,8.05,5,3.63,0,87,5
85,2025-02-13,6.51,8,3.56,1,90,6
85,2025-02-14,6.59,3,3.58,0,81,6
85,2025-02-15,5.81,9,3.7,0,81,5
85,2025-02-16,7.7,8,3.75,1,88,6
85,2025-02-17,5.88,3,3.66,0,86,5
85,2025-02-18,6.61,4,3.58,1,84,7
85,2025-02-19,5.59,3,3.62,0,84,6
85,2025-02-20,6.71,7,3.79,0,87,6
85,2025-02-21,5.6,2,3.85,0,83,6
85,2025-02-22,5.67,3,3.94,1,81,6
85,2025-02-23,7.16,1,3.88,1,90,7
85,2025-02-24,4.73,7,3.76,1,83,5
85,2025-02-25,7.36,3,3.79,1,89,7
85,2025-02-26,7.97,1,3.72,1,82,6
85,2025-02-27,5.96,1,3.51,0,82,5
85,2025-02-28,3.52,7,3.55,0,86,7
85,2025-03-01,7.28,6,3.34,0,84,6
85,2025-03-02,6.13,1,3.3,1,89,7
85,2025-03-03,7.01,2,3.35,1,81,6
85,2025-03-04,5.58,8,3.53,1,85,6
85,2025-03-05,4.74,3,3.72,1,88,6
85,2025-03-06,3.2,8,3.79,1,81,5
85,2025-03-07,7.83,5,3.61,0,90,6
85,2025-03-08,6.53,9,3.38,0,90,6
85,2025-03-09,6.32,7,3.57,1,87,5
85,2025-03-10,6.37,7,3.47,1,85,6
85,2025-03-11,8.58,3,3.42,0,87,5
85,2025-03-12,8.96,2,3.41,1,88,7
85,2025-03-13,4.85,10,3.63,0,81,5
85,2025-03-14,5.68,3,3.73,0,86,5
85,2025-03-15,4.73,2,3.58,0,89,6
85,2025-03-16,6.26,8,3.6,1,83,6
85,2025-03-17,4.73,8,3.7,0,83,6
85,2025-03-18,6.35,3,3.53,0,88,6
85,2025-03-19,7.56,2,3.59,0,84,6
85,2025-03-20,5.96,2,3.44,1,89,7
85,2025-03-21,8.23,10,3.58,1,86,6
85,2025-03-22,3.9,8,3.64,1,89,6
85,2025-03-23,6.01,4,3.74,0,82,6
85,2025-03-24,7.84,1,3.59,1,82,6
85,2025-03-25,7.51,10,3.58,0,82,6
85,2025-03-26,7.16,5,3.78,1,83,5
85,2025-03-27,5.81,10,3.58,1,90,6
85,2025-03-28,5.78,8,3.48,1,87,7
85,2025-03-29,7.1,3,3.35,0,82,6
85,2025-03-30,7.79,8,3.4,0,83,6
85,2025-03-31,7.32,2,3.48,0,86,7
85,2025-04-01,5.05,7,3.47,1,84,5
85,2025-04-02,6.92,8,3.37,1,88,5
85,2025-04-03,7.57,5,3.24,0,89,6
85,2025-04-04,6.51,8,3.03,0,82,6
85,2025-04-05,7.29,7,2.91,1,82,6
85,2025-04-06,7.85,3,2.84,0,82,6
85,2025-04-07,7.53,6,2.75,1,82,6
85,2025-04-08,7.22,1,2.93,1,86,6
85,2025-04-09,6.75,2,3.01,1,84,6
85,2025-04-10,7.89,10,3.15,0,86,7
86,2025-01-01,5.2,5,3.82,0,99,6
86,2025-01-02,9.16,2,3.6,1,97,5
86,2025-01-03,6.11,1,3.36,0,99,6
86,2025-01-04,6.24,5,3.41,0,102,7
86,2025-01-05,7.08,6,3.6,0,98,6
86,2025-01-06,5.42,1,3.46,1,93,6
86,2025-01-07,7.01,10,3.42,1,99,5
86,2025-01-08,6.68,9,3.4,1,99,6
86,2025-01-09,6.61,5,3.22,0,100,7
86,2025-01-10,7.5,9,3.39,1,97,6
86,2025-01-11,6.09,7,3.5,0,99,6
86,2025-01-12,6.53,2,3.62,0,98,5
86,2025-01-13,6.18,3,3.68,1,97,5
86,2025-01-14,6.12,6,3.67,0,97,6
86,2025-01-15,8.93,7,3.55,0,98,5
86,2025-01-16,7.61,8,3.73,0,100,6
86,2025-01-17,6.63,9,3.8,0,93,6
86,2025-01-18,6.39,1,3.73,0,97,6
86,2025-01-19,6.72,2,3.49,0,97,6
86,2025-01-20,3.53,10,3.62,0,101,6
86,2025-01-21,3.98,3,3.85,1,93,5
86,2025-01-22,5.41,5,4.07,0,98,6
86,2025-01-23,7.59,10,4.28,1,91,5
86,2025-01-24,6.85,5,4.32,0,95,6
86,2025-01-25,7.5,6,4.52,1,88,4
86,2025-01-26,5.08,9,4.64,0,99,5
86,2025-01-27,4.22,9,4.75,0,92,4
86,2025-01-28,6.73,4,4.58,0,96,5
86,2025-01-29,8.3,1,4.33,0,98,5
86,2025-01-30,6.94,8,4.36,1,94,6
86,2025-01-31,7.73,10,4.17,1,99,5
86,2025-02-01,5.98,7,4.14,1,100,6
86,2025-02-02,7.24,9,3.98,0,101,6
86,2025-02-03,4.79,6,3.83,0,97,5
86,2025-02-04,6.85,4,3.77,1,90,5
86,2025-02-05,5.55,8,4.02,0,92,6
86,2025-02-06,5.29,4,4.02,1,90,5
86,2025-02-07,7.07,10,3.91,0,92,6
86,2025-02-08,6.01,9,3.9,1,94,7
86,2025-02-09,7.62,8,3.93,0,92,6
86,2025-02-10,7.45,4,3.81,1,92,5
86,2025-02-11,4.99,3,3.95,1,91,5
86,2025-02-12,6.61,9,3.99,1,94,6
86,2025-02-13,7.11,8,3.87,0,101,6
86,2025-02-14,6.63,2,3.76,0,100,6
86,2025-02-15,8.71,8,3.69,1,92,5
86,2025-02-16,7.47,8,3.48,0,97,7
86,2025-02-17,9.09,1,3.47,0,92,6
86,2025-02-18,7.79,8,3.63,1,99,7
86,2025-02-19,6.96,7,3.57,1,90,5
86,2025-02-20,5.65,8,3.76,1,96,6
86,2025-02-21,7.11,7,3.82,1,92,5
86,2025-02-22,8.25,2,3.67,1,95,5
86,2025-02-23,5.39,7,3.72,0,92,6
86,2025-02-24,6.09,6,3.83,1,90,5
86,2025-02-25,8.4,9,3.86,0,96,5
86,2025-02-26,7.43,9,3.68,1,96,6
86,2025-02-27,5.57,6,3.71,1,97,6
86,2025-02-28,6.26,10,3.85,1,100,6
86,2025-03-01,8.63,2,3.61,1,94,6
86,2025-03-02,6.79,3,3.45,0,95,5
86,2025-03-03,5.25,9,3.35,0,96,6
86,2025-03-04,5.65,10,3.47,1,91,5
86,2025-03-05,6.6,9,3.5,0,95,6
86,2025-03-06,8.11,5,3.73,0,91,5
86,2025-03-07,7.47,6,3.96,1,101,6
86,2025-03-08,5.97,8,4.13,0,101,6
86,2025-03-09,5.12,3,4.17,1,94,4
86,2025-03-10,6.02,8,4.13,1,97,6
86,2025-03-11,7.92,2,3.9,1,93,6
86,2025-03-12,6.59,5,4.02,0,95,5
86,2025-03-13,6.32,10,4.02,1,95,6
86,2025-03-14,5.52,9,4.16,0,96,4
86,2025-03-15,4.97,10,4.34,0,95,5
86,2025-03-16,7.07,5,4.13,0,95,5
86,2025-03-17,8.52,2,4.03,0,92,5
86,2025-03-18,6.94,5,3.95,0,96,5
86,2025-03-19,5.12,4,3.73,0,97,6
86,2025-03-20,7.16,2,3.53,1,93,6
86,2025-03-21,7.29,8,3.47,0,98,5
86,2025-03-22,8.12,7,3.28,0,102,7
86,2025-03-23,8.56,9,3.27,1,96,6
86,2025-03-24,4.75,10,3.17,1,99,7
86,2025-03-25,4.85,4,3.35,0,93,6
86,2025-03-26,5.7,8,3.13,1,101,7
86,2025-03-27,7.75,10,3.08,0,102,7
86,2025-03-28,6.33,5,2.98,0,98,7
86,2025-03-29,6.86,3,3.15,0,96,6
86,2025-03-30,6.46,5,3.25,1,96,6
86,2025-03-31,5.95,3,3.28,0,92,6
86,2025-04-01,7.86,8,3.51,1,98,6
86,2025-04-02,6.63,4,3.68,1,93,6
86,2025-04-03,7.61,4,3.63,1,92,5
86,2025-04-04,8.61,6,3.69,0,99,6
86,2025-04-05,5.63,5,3.52,0,93,6
86,2025-04-06,6.79,8,3.73,0,94,6
86,2025-04-07,7.26,5,3.84,0,96,5
86,2025-04-08,7.59,2,3.88,0,90,5
86,2025-04-09,7.56,5,4.04,1,94,5
86,2025-04-10,4.66,9,3.99,1,93,5
87,2025-01-01,8.59,2,2.86,1,95,7
87,2025-01-02,8.1,10,2.78,1,97,6
87,2025-01-03,8.38,1,2.64,0,99,7
87,2025-01-04,4.32,4,2.4,1,97,7
87,2025-01-05,7.2,7,2.22,1,100,7
87,2025-01-06,8.03,3,2.46,0,95,7
87,2025-01-07,5.4,1,2.46,0,105,8
87,2025-01-08,7.27,5,2.28,1,102,8
87,2025-01-09,4.27,3,2.37,1,101,8
87,2025-01-10,8.52,10,2.21,1,99,6
87,2025-01-11,8.9,2,2.15,1,101,7
87,2025-01-12,7.3,1,2.38,1,98,7
87,2025-01-13,6.54,7,2.38,0,97,7
87,2025-01-14,5.71,7,2.6,1,97,6
87,2025-01-15,6.19,5,2.65,0,98,6
87,2025-01-16,5.58,4,2.65,1,97,7
87,2025-01-17,6.21,7,2.75,1,102,7
87,2025-01-18,6.85,8,2.74,1,97,7
87,2025-01-19,3.12,9,2.74,1,96,6
87,2025-01-20,6.15,7,2.94,1,96,6
87,2025-01-21,4.83,6,2.77,1,98,7
87,2025-01-22,7.53,10,2.8,1,97,7
87,2025-01-23,7.37,6,3.0,0,95,6
87,2025-01-24,7.03,5,2.83,1,101,6
87,2025-01-25,5.85,7,2.69,1,98,6
87,2025-01-26,7.74,3,2.46,1,100,7
87,2025-01-27,7.18,8,2.22,0,103,7
87,2025-01-28,4.53,10,2.25,0,99,8
87,2025-01-29,4.55,7,2.35,0,101,8
87,2025-01-30,7.46,9,2.4,0,99,8
87,2025-01-31,6.41,3,2.39,0,95,7
87,2025-02-01,5.71,5,2.55,1,105,8
87,2025-02-02,5.74,8,2.63,0,94,7
87,2025-02-03,5.04,3,2.58,0,95,7
87,2025-02-04,6.58,4,2.56,1,96,6
87,2025-02-05,8.36,10,2.37,1,99,7
87,2025-02-06,6.3,8,2.18,1,94,7
87,2025-02-07,7.39,5,2.24,0,105,8
87,2025-02-08,6.41,8,2.04,1,101,8
87,2025-02-09,5.6,2,2.2,0,101,8
87,2025-02-10,8.48,10,2.37,1,102,8
87,2025-02-11,9.23,5,2.2,1,94,7
87,2025-02-12,5.81,4,2.38,0,100,7
87,2025-02-13,7.18,10,2.47,1,103,7
87,2025-02-14,5.7,6,2.37,1,102,8
87,2025-02-15,8.31,7,2.54,0,96,7
87,2025-02-16,5.99,10,2.65,0,101,7
87,2025-02-17,7.33,6,2.43,0,93,6
87,2025-02-18,7.98,2,2.67,0,95,7
87,2025-02-19,6.23,7,2.64,0,100,7
87,2025-02-20,5.93,6,2.52,0,98,6
87,2025-02-21,6.31,8,2.43,0,103,7
87,2025-02-22,7.51,5,2.32,1,101,8
87,2025-02-23,6.52,9,2.45,1,105,8
87,2025-02-24,7.12,10,2.22,0,103,7
87,2025-02-25,7.77,9,2.44,0,103,8
87,2025-02-26,6.41,6,2.27,0,97,7
87,2025-02-27,7.36,2,2.4,1,99,7
87,2025-02-28,6.68,6,2.6,1,99,7
87,2025-03-01,5.5,7,2.42,0,96,7
87,2025-03-02,6.32,10,2.17,1,105,8
87,2025-03-03,4.71,8,2.04,1,103,7
87,2025-03-04,7.11,8,2.13,1,102,7
87,2025-03-05,7.08,4,2.35,1,100,7
87,2025-03-06,7.96,4,2.39,1,95,7
87,2025-03-07,5.15,7,2.24,0,103,7
87,2025-03-08,3.5,4,2.09,0,98,6
87,2025-03-09,6.35,1,1.88,1,103,8
87,2025-03-10,6.25,3,2.09,0,97,7
87,2025-03-11,6.71,3,2.15,1,101,7
87,2025-03-12,7.52,1,1.91,1,103,8
87,2025-03-13,4.98,9,1.84,1,101,7
87,2025-03-14,5.3,7,1.91,0,100,8
87,2025-03-15,6.52,4,1.97,1,96,8
87,2025-03-16,5.75,5,2.06,1,104,8
87,2025-03-17,6.19,4,1.95,1,100,7
87,2025-03-18,7.49,4,2.19,0,102,8
87,2025-03-19,6.8,9,2.4,0,104,8
87,2025-03-20,9.07,7,2.34,0,103,7
87,2025-03-21,6.53,4,2.28,1,98,6
87,2025-03-22,8.46,2,2.16,1,102,7
87,2025-03-23,6.56,2,2.2,1,94,7
87,2025-03-24,8.56,2,2.41,1,105,8
87,2025-03-25,5.12,9,2.18,0,102,7
87,2025-03-26,7.44,4,2.2,1,98,8
87,2025-03-27,8.47,3,1.99,0,103,8
87,2025-03-28,4.72,8,2.02,0,102,7
87,2025-03-29,5.9,9,1.86,0,94,7
87,2025-03-30,5.87,8,2.04,0,96,7
87,2025-03-31,8.17,4,1.91,0,105,8
87,2025-04-01,6.42,2,1.83,0,104,8
87,2025-04-02,7.81,9,1.67,1,96,7
87,2025-04-03,6.55,3,1.91,0,98,8
87,2025-04-04,6.24,6,2.07,1,97,8
87,2025-04-05,7.72,7,2.31,0,101,8
87,2025-04-06,6.55,2,2.29,1,94,7
87,2025-04-07,5.25,6,2.06,0,99,8
87,2025-04-08,6.55,6,1.94,1,99,7
87,2025-04-09,5.16,1,2.07,1,99,7
87,2025-04-10,7.81,2,2.26,1,104,8
88,2025-01-01,5.64,4,3.14,1,85,7
88,2025-01-02,6.58,8,3.06,1,87,6
88,2025-01-03,5.89,2,3.21,0,83,5
88,2025-01-04,6.98,3,3.44,1,87,6
88,2025-01-05,4.36,3,3.36,0,86,6
88,2025-01-06,7.15,3,3.47,0,84,6
88,2025-01-07,4.94,3,3.61,1,76,5
88,2025-01-08,5.46,4,3.42,1,83,6
88,2025-01-09,5.18,8,3.35,1,83,6
88,2025-01-10,6.15,4,3.45,1,78,6
88,2025-01-11,8.61,1,3.26,0,83,7
88,2025-01-12,6.04,6,3.03,1,79,6
88,2025-01-13,5.78,6,3.18,1,85,7
88,2025-01-14,6.41,6,3.27,1,79,6
88,2025-01-15,8.61,5,3.08,0,80,6
88,2025-01-16,7.3,6,3.23,0,78,5
88,2025-01-17,6.6,2,3.02,1,79,6
88,2025-01-18,6.29,1,3.16,0,80,7
88,2025-01-19,7.73,1,3.0,0,86,7
88,2025-01-20,8.72,5,2.99,0,83,7
88,2025-01-21,4.15,10,2.9,1,89,7
88,2025-01-22,5.59,9,2.91,1,86,7
88,2025-01-23,7.2,8,2.9,1,83,6
88,2025-01-24,7.07,4,2.71,0,80,6
88,2025-01-25,6.92,4,2.73,1,82,7
88,2025-01-26,5.47,9,2.8,0,83,6
88,2025-01-27,5.72,10,2.75,1,87,6
88,2025-01-28,5.75,7,2.56,0,81,7
88,2025-01-29,7.87,2,2.47,1,87,6
88,2025-01-30,8.07,8,2.46,0,82,7
88,2025-01-31,5.73,4,2.42,0,86,6
88,2025-02-01,7.03,10,2.46,1,85,7
88,2025-02-02,4.69,4,2.68,1,89,7
88,2025-02-03,8.29,10,2.73,1,86,6
88,2025-02-04,7.5,2,2.96,0,80,7
88,2025-02-05,6.64,5,2.97,1,80,6
88,2025-02-06,6.93,4,3.18,1,83,6
88,2025-02-07,5.04,8,2.95,1,82,7
88,2025-02-08,5.33,10,2.8,0,83,7
88,2025-02-09,7.44,2,2.6,1,81,7
88,2025-02-10,8.21,4,2.52,0,78,6
88,2025-02-11,6.58,8,2.66,0,78,6
88,2025-02-12,7.71,7,2.78,0,83,6
88,2025-02-13,6.03,10,2.84,0,84,6
88,2025-02-14,8.04,3,2.63,0,86,8
88,2025-02-15,8.09,2,2.74,0,83,6
88,2025-02-16,5.13,6,2.78,0,80,7
88,2025-02-17,8.31,8,2.58,0,86,6
88,2025-02-18,6.83,5,2.8,0,80,6
88,2025-02-19,8.58,9,2.91,0,80,6
88,2025-02-20,6.82,5,3.07,0,80,6
88,2025-02-21,7.78,6,3.19,1,81,6
88,2025-02-22,6.63,7,3.19,1,89,7
88,2025-02-23,5.8,5,3.05,1,84,7
88,2025-02-24,5.31,5,3.28,0,78,6
88,2025-02-25,5.48,1,3.26,1,76,5
88,2025-02-26,8.03,9,3.36,0,83,6
88,2025-02-27,6.45,10,3.28,1,86,7
88,2025-02-28,6.15,10,3.09,0,78,6
88,2025-03-01,7.34,1,2.86,0,83,6
88,2025-03-02,8.45,3,2.72,0,86,7
88,2025-03-03,6.78,5,2.85,0,83,6
88,2025-03-04,6.89,2,2.93,1,84,7
88,2025-03-05,6.77,5,2.95,1,89,7
88,2025-03-06,4.56,1,2.92,0,81,6
88,2025-03-07,7.31,8,2.78,0,80,7
88,2025-03-08,5.38,2,2.86,0,79,6
88,2025-03-09,5.26,10,2.96,1,83,6
88,2025-03-10,7.64,7,3.14,1,83,7
88,2025-03-11,9.12,5,2.97,1,83,7
88,2025-03-12,5.68,5,2.89,0,79,6
88,2025-03-13,5.98,9,2.66,0,86,6
88,2025-03-14,6.25,7,2.5,1,85,6
88,2025-03-15,4.87,9,2.7,0,91,8
88,2025-03-16,6.29,5,2.79,0,85,6
88,2025-03-17,6.11,5,3.0,1,81,6
88,2025-03-18,6.05,1,3.11,1,80,7
88,2025-03-19,6.18,8,2.99,0,84,6
88,2025-03-20,4.55,9,3.12,0,85,7
88,2025-03-21,5.13,10,2.97,0,87,7
88,2025-03-22,6.48,7,2.87,0,83,6
88,2025-03-23,6.96,5,3.02,1,78,6
88,2025-03-24,4.56,7,2.79,0,87,7
88,2025-03-25,8.13,10,2.86,0,83,6
88,2025-03-26,7.48,4,3.03,0,82,6
88,2025-03-27,5.6,1,3.28,1,84,5
88,2025-03-28,8.79,5,3.4,0,86,6
88,2025-03-29,7.6,6,3.49,1,80,7
88,2025-03-30,6.87,8,3.52,1,89,7
88,2025-03-31,6.38,10,3.6,1,82,6
88,2025-04-01,6.81,10,3.35,0,87,6
88,2025-04-02,5.46,4,3.5,1,85,6
88,2025-04-03,5.96,8,3.38,0,89,7
88,2025-04-04,3.46,2,3.54,0,87,6
88,2025-04-05,3.7,6,3.48,0,86,6
88,2025-04-06,7.52,5,3.6,0,81,5
88,2025-04-07,6.8,1,3.48,1,83,6
88,2025-04-08,5.9,10,3.31,1,85,6
88,2025-04-09,6.99,9,3.12,1,80,6
88,2025-04-10,7.19,8,2.9,0,87,6
89,2025-01-01,8.33,8,2.95,1,83,7
89,2025-01-02,6.55,5,2.71,0,85,6
89,2025-01-03,5.11,6,2.88,0,89,7
89,2025-01-04,6.47,6,2.91,1,82,6
89,2025-01-05,7.0,8,2.77,1,88,6
89,2025-01-06,7.49,3,2.71,0,83,7
89,2025-01-07,6.17,3,2.65,1,84,7
89,2025-01-08,5.98,1,2.42,0,88,6
89,2025-01-09,5.42,3,2.33,0,85,8
89,2025-01-10,8.25,5,2.35,1,85,6
89,2025-01-11,6.83,4,2.2,0,88,7
89,2025-01-12,4.89,3,2.33,0,85,8
89,2025-01-13,9.87,1,2.48,1,87,7
89,2025-01-14,5.79,10,2.53,0,90,7
89,2025-01-15,6.13,4,2.64,1,85,6
89,2025-01-16,5.6,2,2.57,0,86,8
89,2025-01-17,5.54,5,2.46,1,92,7
89,2025-01-18,5.71,2,2.48,0,90,7
89,2025-01-19,9.09,1,2.55,1,90,7
89,2025-01-20,4.69,8,2.66,1,85,8
89,2025-01-21,4.63,4,2.89,0,85,6
89,2025-01-22,7.67,9,2.68,1,88,7
89,2025-01-23,7.28,7,2.5,0,92,7
89,2025-01-24,6.92,7,2.29,0,82,6
89,2025-01-25,6.97,8,2.41,1,89,6
89,2025-01-26,6.22,8,2.42,0,92,7
89,2025-01-27,7.37,10,2.51,0,86,8
89,2025-01-28,5.67,10,2.41,0,87,8
89,2025-01-29,6.37,6,2.44,1,92,7
89,2025-01-30,9.04,3,2.34,0,90,7
89,2025-01-31,6.14,5,2.33,1,94,8
89,2025-02-01,7.49,8,2.42,1,86,7
89,2025-02-02,5.2,4,2.29,0,94,8
89,2025-02-03,6.54,4,2.52,1,91,7
89,2025-02-04,6.41,1,2.49,1,88,6
89,2025-02-05,6.97,6,2.47,1,85,8
89,2025-02-06,5.38,8,2.56,0,94,8
89,2025-02-07,6.78,10,2.53,1,89,7
89,2025-02-08,5.6,7,2.71,1,87,6
89,2025-02-09,5.99,5,2.89,1,84,6
89,2025-02-10,7.77,2,2.92,0,89,6
89,2025-02-11,7.14,5,2.87,1,84,6
89,2025-02-12,7.21,5,2.81,1,88,7
89,2025-02-13,7.36,2,2.76,0,84,7
89,2025-02-14,6.71,1,2.68,1,83,7
89,2025-02-15,6.34,5,2.68,0,83,7
89,2025-02-16,7.33,7,2.51,0,85,7
89,2025-02-17,7.31,3,2.5,0,91,8
89,2025-02-18,7.63,2,2.53,1,91,7
89,2025-02-19,7.96,3,2.41,1,86,8
89,2025-02-20,6.58,4,2.52,0,84,7
89,2025-02-21,7.32,2,2.4,0,85,8
89,2025-02-22,7.21,4,2.27,0,91,8
89,2025-02-23,5.95,10,2.14,0,83,7
89,2025-02-24,7.17,7,2.32,0,88,7
89,2025-02-25,8.92,1,2.38,1,86,8
89,2025-02-26,4.97,6,2.48,0,91,7
89,2025-02-27,7.65,1,2.36,1,92,8
89,2025-02-28,6.72,4,2.5,1,82,6
89,2025-03-01,7.65,10,2.42,1,86,8
89,2025-03-02,5.32,5,2.47,0,83,6
89,2025-03-03,7.85,7,2.53,1,92,7
89,2025-03-04,5.63,5,2.32,1,88,8
89,2025-03-05,6.78,8,2.38,1,81,6
89,2025-03-06,6.97,6,2.32,1,81,6
89,2025-03-07,8.13,10,2.53,1,94,8
89,2025-03-08,6.61,2,2.48,1,84,6
89,2025-03-09,7.59,5,2.5,0,85,6
89,2025-03-10,6.14,4,2.35,0,91,8
89,2025-03-11,7.61,2,2.32,1,81,6
89,2025-03-12,6.62,4,2.45,1,85,7
89,2025-03-13,5.33,2,2.65,0,83,6
89,2025-03-14,7.68,7,2.79,0,92,8
89,2025-03-15,6.3,5,3.0,0,86,6
89,2025-03-16,5.93,6,3.18,0,83,6
89,2025-03-17,5.78,4,3.0,0,84,6
89,2025-03-18,7.46,3,3.09,0,83,7
89,2025-03-19,7.64,8,3.24,0,87,7
89,2025-03-20,5.53,9,3.3,0,82,6
89,2025-03-21,5.83,6,3.35,0,89,7
89,2025-03-22,5.76,10,3.33,1,86,6
89,2025-03-23,7.88,5,3.43,0,85,6
89,2025-03-24,6.23,3,3.41,0,88,5
89,2025-03-25,7.33,4,3.17,1,88,6
89,2025-03-26,4.85,5,3.1,0,85,7
89,2025-03-27,5.57,3,3.02,0,83,6
89,2025-03-28,5.26,8,3.13,0,87,6
89,2025-03-29,7.21,4,3.15,0,84,7
89,2025-03-30,5.73,7,3.0,1,91,7
89,2025-03-31,7.87,3,2.95,1,81,6
89,2025-04-01,8.67,6,2.93,1,85,7
89,2025-04-02,6.45,9,2.81,1,85,6
89,2025-04-03,5.92,8,2.82,1,88,7
89,2025-04-04,5.87,8,2.97,1,83,7
89,2025-04-05,7.21,1,3.17,1,88,7
89,2025-04-06,6.44,2,3.33,0,90,7
89,2025-04-07,5.65,1,3.18,1,87,6
89,2025-04-08,6.67,8,3.01,0,86,6
89,2025-04-09,6.92,7,2.81,1,87,7
89,2025-04-10,8.18,6,2.62,0,91,8
90,2025-01-01,6.64,3,4.01,0,91,5
90,2025-01-02,6.09,8,3.96,0,92,6
90,2025-01-03,8.63,8,3.76,1,91,5
90,2025-01-04,4.18,4,3.53,0,95,5
90,2025-01-05,7.39,3,3.68,0,98,5
90,2025-01-06,6.96,7,3.87,0,101,6
90,2025-01-07,7.64,8,3.9,0,97,6
90,2025-01-08,5.22,2,3.87,0,95,6
90,2025-01-09,6.69,2,3.89,0,97,6
90,2025-01-10,6.43,10,3.92,1,98,6
90,2025-01-11,5.45,3,3.81,1,92,6
90,2025-01-12,4.48,7,3.89,0,96,6
90,2025-01-13,5.58,8,3.89,0,96,5
90,2025-01-14,5.64,10,4.09,0,95,5
90,2025-01-15,6.23,2,3.94,0,96,6
90,2025-01-16,5.62,8,4.19,0,96,6
90,2025-01-17,7.97,4,4.09,1,93,6
90,2025-01-18,6.58,5,4.08,1,92,6
90,2025-01-19,7.45,8,3.88,1,92,6
90,2025-01-20,6.24,10,4.01,0,97,6
90,2025-01-21,7.01,1,4.23,0,88,4
90,2025-01-22,6.52,8,4.16,0,97,5
90,2025-01-23,6.73,3,4.29,0,101,6
90,2025-01-24,4.92,3,4.49,1,100,6
90,2025-01-25,5.79,3,4.29,0,95,6
90,2025-01-26,6.84,7,4.16,1,93,4
90,2025-01-27,7.83,6,4.29,0,95,5
90,2025-01-28,5.7,6,4.46,1,98,6
90,2025-01-29,5.24,1,4.7,1,97,6
90,2025-01-30,2.96,6,4.45,1,89,4
90,2025-01-31,6.26,4,4.3,0,101,6
90,2025-02-01,7.57,8,4.3,1,95,5
90,2025-02-02,6.38,2,4.12,0,90,5
90,2025-02-03,7.26,6,4.12,0,95,4
90,2025-02-04,6.67,2,4.05,1,98,6
90,2025-02-05,6.89,4,4.23,0,97,5
90,2025-02-06,6.24,4,4.07,0,97,5
90,2025-02-07,5.69,1,3.88,0,93,5
90,2025-02-08,8.43,5,4.08,1,96,6
90,2025-02-09,6.8,6,4.01,1,92,5
90,2025-02-10,5.98,5,3.84,1,99,6
90,2025-02-11,7.79,4,3.87,0,92,5
90,2025-02-12,6.69,3,3.67,0,92,6
90,2025-02-13,9.16,10,3.73,0,95,7
90,2025-02-14,8.34,10,3.87,1,99,6
90,2025-02-15,4.65,10,4.02,0,95,5
90,2025-02-16,5.91,10,3.83,0,98,6
90,2025-02-17,8.38,1,3.77,0,98,6
90,2025-02-18,5.74,5,3.58,1,99,6
90,2025-02-19,3.85,10,3.34,1,101,6
90,2025-02-20,6.12,7,3.56,0,99,7
90,2025-02-21,9.4,9,3.67,1,94,5
90,2025-02-22,3.91,3,3.46,1,96,7
90,2025-02-23,5.51,4,3.66,1,93,5
90,2025-02-24,8.56,1,3.6,1,92,5
90,2025-02-25,7.07,3,3.51,0,94,6
90,2025-02-26,6.54,10,3.29,1,98,6
90,2025-02-27,8.19,1,3.15,0,98,6
90,2025-02-28,7.08,7,3.23,1,97,6
90,2025-03-01,6.23,10,3.41,1,101,6
90,2025-03-02,6.69,5,3.39,1,99,6
90,2025-03-03,5.73,8,3.31,0,97,5
90,2025-03-04,6.74,10,3.53,0,97,5
90,2025-03-05,5.15,6,3.74,0,95,5
90,2025-03-06,7.36,8,3.56,1,94,5
90,2025-03-07,6.94,6,3.53,1,94,7
90,2025-03-08,6.83,9,3.58,1,100,7
90,2025-03-09,5.52,8,3.37,0,99,6
90,2025-03-10,9.35,5,3.19,0,101,7
90,2025-03-11,6.98,10,3.27,1,101,6
90,2025-03-12,6.61,10,3.12,0,95,7
90,2025-03-13,4.82,5,2.88,1,94,6
90,2025-03-14,6.07,7,3.05,1,92,6
90,2025-03-15,5.77,2,2.93,0,102,7
90,2025-03-16,7.26,2,2.84,1,98,7
90,2025-03-17,7.26,2,2.88,1,97,6
90,2025-03-18,5.74,5,2.7,0,95,7
90,2025-03-19,6.19,10,2.82,1,102,7
90,2025-03-20,9.89,3,2.73,1,96,7
90,2025-03-21,5.27,1,2.83,1,97,7
90,2025-03-22,6.22,8,2.97,1,94,6
90,2025-03-23,6.06,5,3.05,0,103,7
90,2025-03-24,7.69,6,3.24,0,95,7
90,2025-03-25,6.11,9,3.48,0,99,6
90,2025-03-26,6.23,9,3.38,1,96,6
90,2025-03-27,6.29,4,3.58,0,94,5
90,2025-03-28,4.53,2,3.52,0,92,6
90,2025-03-29,8.16,1,3.29,1,101,6
90,2025-03-30,7.45,5,3.17,1,102,7
90,2025-03-31,5.84,1,3.34,0,100,6
90,2025-04-01,6.19,7,3.32,1,103,7
90,2025-04-02,6.93,5,3.42,1,101,7
90,2025-04-03,6.06,7,3.46,0,91,5
90,2025-04-04,6.11,8,3.23,1,99,7
90,2025-04-05,8.04,6,3.18,0,94,7
90,2025-04-06,6.67,2,3.24,1,92,6
90,2025-04-07,5.73,8,3.33,0,99,5
90,2025-04-08,6.87,2,3.35,1,100,7
90,2025-04-09,7.02,2,3.56,0,95,7
90,2025-04-10,6.06,5,3.45,0,99,6
91,2025-01-01,6.13,4,3.1,1,95,7
91,2025-01-02,5.44,4,3.13,0,101,7
91,2025-01-03,7.96,8,3.19,1,102,7
91,2025-01-04,7.69,10,3.06,1,95,7
91,2025-01-05,9.93,7,3.15,0,95,7
91,2025-01-06,4.84,8,3.18,1,98,7
91,2025-01-07,6.49,8,3.4,0,94,5
91,2025-01-08,6.27,2,3.37,1,93,6
91,2025-01-09,6.61,9,3.28,1,95,6
91,2025-01-10,6.35,3,3.34,1,101,7
91,2025-01-11,6.04,9,3.19,0,93,7
91,2025-01-12,6.11,7,3.12,0,100,7
91,2025-01-13,7.16,3,3.28,1,95,6
91,2025-01-14,5.63,1,3.11,0,93,7
91,2025-01-15,6.6,9,3.19,1,96,6
91,2025-01-16,5.81,10,3.4,0,95,6
91,2025-01-17,6.48,6,3.42,0,97,6
91,2025-01-18,7.08,10,3.45,1,96,7
91,2025-01-19,6.48,7,3.58,1,94,5
91,2025-01-20,5.94,8,3.53,0,94,7
91,2025-01-21,9.21,6,3.35,1,101,7
91,2025-01-22,7.56,10,3.54,1,93,6
91,2025-01-23,6.98,10,3.66,0,99,6
91,2025-01-24,5.93,8,3.9,0,96,5
91,2025-01-25,5.09,1,3.97,0,93,6
91,2025-01-26,7.0,6,4.08,0,94,5
91,2025-01-27,4.41,7,4.3,1,97,5
91,2025-01-28,5.05,3,4.25,0,93,6
91,2025-01-29,7.51,3,4.14,1,100,6
91,2025-01-30,5.42,8,3.9,1,98,5
91,2025-01-31,5.67,7,3.89,1,93,7
91,2025-02-01,5.47,3,4.03,0,91,6
91,2025-02-02,8.89,9,4.04,0,91,5
91,2025-02-03,6.31,3,3.81,0,98,5
91,2025-02-04,5.09,4,3.67,1,99,6
91,2025-02-05,7.53,4,3.47,1,98,6
91,2025-02-06,6.2,4,3.65,1,93,7
91,2025-02-07,5.28,5,3.88,1,99,7
91,2025-02-08,6.93,2,3.79,0,91,6
91,2025-02-09,5.72,9,3.7,1,90,5
91,2025-02-10,4.17,10,3.66,0,92,6
91,2025-02-11,6.1,7,3.69,1,96,7
91,2025-02-12,5.86,9,3.58,1,91,6
91,2025-02-13,6.29,2,3.75,0,97,7
91,2025-02-14,7.46,2,3.9,1,93,5
91,2025-02-15,7.03,10,4.14,1,95,6
91,2025-02-16,7.18,6,4.27,1,97,6
91,2025-02-17,7.64,8,4.18,0,89,4
91,2025-02-18,5.55,6,4.07,0,95,6
91,2025-02-19,6.08,3,3.86,0,98,5
91,2025-02-20,6.27,2,3.73,0,98,6
91,2025-02-21,7.47,2,3.87,1,98,6
91,2025-02-22,5.62,10,3.62,0,95,5
91,2025-02-23,8.03,4,3.74,1,90,5
91,2025-02-24,9.42,8,3.99,1,89,5
91,2025-02-25,6.02,8,4.23,0,97,5
91,2025-02-26,5.38,2,4.36,1,90,5
91,2025-02-27,7.52,6,4.46,1,91,4
91,2025-02-28,7.71,7,4.31,0,94,4
91,2025-03-01,7.77,9,4.51,1,97,6
91,2025-03-02,6.03,10,4.28,1,94,5
91,2025-03-03,8.13,2,4.32,0,96,5
91,2025-03-04,7.41,7,4.28,0,96,6
91,2025-03-05,6.41,5,4.2,0,89,5
91,2025-03-06,6.3,2,4.24,0,98,6
91,2025-03-07,6.64,5,4.17,0,93,4
91,2025-03-08,6.58,4,3.99,1,91,6
91,2025-03-09,6.1,3,4.17,0,95,6
91,2025-03-10,6.56,6,4.24,0,97,5
91,2025-03-11,7.84,2,4.02,0,99,6
91,2025-03-12,6.58,9,4.03,0,94,5
91,2025-03-13,7.57,4,4.19,0,93,5
91,2025-03-14,6.56,2,4.3,1,97,5
91,2025-03-15,7.79,5,4.46,0,97,5
91,2025-03-16,6.47,9,4.26,0,95,5
91,2025-03-17,7.38,3,4.19,1,91,6
91,2025-03-18,6.22,2,4.29,0,93,5
91,2025-03-19,5.22,9,4.09,1,91,5
91,2025-03-20,6.11,1,4.22,1,89,4
91,2025-03-21,3.86,4,3.99,0,91,5
91,2025-03-22,5.51,5,3.85,1,94,5
91,2025-03-23,6.39,3,3.64,0,96,6
91,2025-03-24,6.26,3,3.7,1,96,5
91,2025-03-25,7.13,1,3.95,1,89,5
91,2025-03-26,5.15,2,3.81,1,99,6
91,2025-03-27,4.68,1,3.62,0,95,5
91,2025-03-28,7.86,1,3.44,0,97,5
91,2025-03-29,7.34,7,3.67,0,97,6
91,2025-03-30,6.92,1,3.5,0,91,6
91,2025-03-31,5.87,10,3.61,1,97,6
91,2025-04-01,4.68,3,3.79,1,98,6
91,2025-04-02,5.85,8,3.78,1,98,6
91,2025-04-03,5.82,3,3.63,1,96,6
91,2025-04-04,5.23,10,3.66,0,98,5
91,2025-04-05,7.87,5,3.86,1,96,6
91,2025-04-06,6.77,9,3.64,0,92,5
91,2025-04-07,5.6,6,3.81,1,92,5
91,2025-04-08,6.52,6,3.56,0,93,6
91,2025-04-09,7.39,3,3.71,0,99,7
91,2025-04-10,7.44,7,3.54,1,97,6
92,2025-01-01,9.26,8,3.78,0,77,5
92,2025-01-02,6.59,6,3.64,0,78,5
92,2025-01-03,6.01,9,3.66,1,81,6
92,2025-01-04,4.85,8,3.75,0,76,6
92,2025-01-05,5.57,2,3.9,1,75,6
92,2025-01-06,6.24,1,4.08,1,74,4
92,2025-01-07,5.69,6,4.25,1,80,6
92,2025-01-08,5.58,5,4.35,1,76,6
92,2025-01-09,7.57,4,4.53,1,71,4
92,2025-01-10,6.5,8,4.77,0,75,5
92,2025-01-11,6.18,1,4.98,0,74,5
92,2025-01-12,5.5,1,4.94,1,79,6
92,2025-01-13,3.52,1,4.76,1,78,5
92,2025-01-14,7.06,4,4.91,0,71,5
92,2025-01-15,8.68,10,5.0,0,73,5
92,2025-01-16,4.37,8,5.0,0,73,4
92,2025-01-17,5.75,6,4.82,1,72,4
92,2025-01-18,6.3,9,4.65,1,75,5
92,2025-01-19,6.93,3,4.73,0,78,5
92,2025-01-20,5.06,7,4.53,0,71,4
92,2025-01-21,7.65,10,4.33,1,78,6
92,2025-01-22,7.23,3,4.57,0,77,5
92,2025-01-23,6.86,6,4.77,0,73,5
92,2025-01-24,8.35,10,4.78,0,76,4
92,2025-01-25,3.95,8,5.0,0,75,5
92,2025-01-26,5.81,4,5.0,1,77,4
92,2025-01-27,5.64,4,5.0,1,74,4
92,2025-01-28,6.75,4,4.84,0,70,5
92,2025-01-29,5.14,8,4.99,0,71,4
92,2025-01-30,6.37,1,5.0,1,76,4
92,2025-01-31,7.43,4,4.8,0,79,5
92,2025-02-01,7.2,4,4.93,1,69,4
92,2025-02-02,7.31,2,5.0,1,78,5
92,2025-02-03,10.0,3,4.94,1,75,5
92,2025-02-04,6.7,1,4.81,1,78,6
92,2025-02-05,6.65,1,4.94,0,79,5
92,2025-02-06,8.11,8,4.91,0,76,5
92,2025-02-07,6.61,9,4.75,1,79,5
92,2025-02-08,7.28,4,4.59,1,69,4
92,2025-02-09,5.67,8,4.44,1,77,6
92,2025-02-10,7.23,7,4.65,0,74,5
92,2025-02-11,5.87,9,4.64,0,78,5
92,2025-02-12,6.42,2,4.4,1,76,5
92,2025-02-13,5.98,6,4.37,1,76,5
92,2025-02-14,4.54,9,4.51,0,73,6
92,2025-02-15,6.72,3,4.43,1,68,4
92,2025-02-16,8.19,7,4.33,1,72,5
92,2025-02-17,7.64,9,4.09,1,72,5
92,2025-02-18,6.16,9,4.08,0,73,6
92,2025-02-19,6.77,6,4.06,1,81,6
92,2025-02-20,4.4,8,4.07,0,80,6
92,2025-02-21,7.1,4,3.92,1,76,6
92,2025-02-22,7.44,3,4.08,1,79,6
92,2025-02-23,4.77,4,3.87,1,75,7
92,2025-02-24,6.68,9,4.08,1,76,5
92,2025-02-25,6.7,5,4.01,0,78,6
92,2025-02-26,7.88,7,4.06,1,77,5
92,2025-02-27,6.21,4,4.0,0,74,6
92,2025-02-28,6.36,8,4.21,0,70,4
92,2025-03-01,5.19,10,4.08,1,81,6
92,2025-03-02,6.75,2,4.07,1,74,5
92,2025-03-03,6.97,2,4.12,0,81,6
92,2025-03-04,6.4,8,3.92,0,74,6
92,2025-03-05,7.83,7,4.05,0,73,5
92,2025-03-06,4.95,4,4.14,1,72,5
92,2025-03-07,6.17,5,4.33,1,79,6
92,2025-03-08,6.78,3,4.42,0,70,5
92,2025-03-09,6.79,9,4.39,0,74,6
92,2025-03-10,7.16,7,4.57,0,74,5
92,2025-03-11,4.23,3,4.67,0,74,4
92,2025-03-12,7.35,1,4.7,1,72,4
92,2025-03-13,9.03,7,4.8,0,70,5
92,2025-03-14,5.55,7,4.72,1,77,6
92,2025-03-15,7.86,6,4.66,1,81,6
92,2025-03-16,7.11,6,4.52,1,69,4
92,2025-03-17,6.49,6,4.67,0,68,4
92,2025-03-18,5.08,2,4.59,0,73,5
92,2025-03-19,7.44,1,4.64,1,79,5
92,2025-03-20,7.09,9,4.48,1,72,5
92,2025-03-21,4.91,7,4.72,1,72,4
92,2025-03-22,6.03,1,4.8,0,75,5
92,2025-03-23,6.53,9,4.92,1,75,5
92,2025-03-24,5.87,2,4.99,1,75,4
92,2025-03-25,7.4,5,4.86,0,77,4
92,2025-03-26,7.8,3,4.82,1,70,4
92,2025-03-27,7.09,5,4.85,1,75,5
92,2025-03-28,5.38,6,5.0,0,71,4
92,2025-03-29,6.76,10,4.85,0,74,5
92,2025-03-30,4.2,9,4.89,0,78,5
92,2025-03-31,6.14,2,5.0,1,70,5
92,2025-04-01,6.65,1,5.0,0,79,5
92,2025-04-02,7.21,3,4.84,0,76,5
92,2025-04-03,5.31,5,4.98,1,79,5
92,2025-04-04,5.41,5,4.9,1,78,5
92,2025-04-05,8.4,1,5.0,1,74,4
92,2025-04-06,6.24,10,4.97,1,76,5
92,2025-04-07,6.78,10,4.99,1,75,5
92,2025-04-08,5.68,5,4.98,1,74,5
92,2025-04-09,5.76,4,5.0,0,70,5
92,2025-04-10,6.44,4,4.84,1,69,4
93,2025-01-01,5.84,2,2.63,0,97,8
93,2025-01-02,5.99,2,2.4,0,97,7
93,2025-01-03,7.99,3,2.44,1,92,7
93,2025-01-04,5.12,4,2.68,1,101,8
93,2025-01-05,6.9,5,2.71,1,100,7
93,2025-01-06,6.46,4,2.62,0,100,7
93,2025-01-07,7.76,6,2.54,0,97,8
93,2025-01-08,6.14,10,2.45,0,99,7
93,2025-01-09,8.56,7,2.53,0,95,6
93,2025-01-10,5.8,2,2.68,1,99,6
93,2025-01-11,5.49,2,2.65,1,97,7
93,2025-01-12,7.96,4,2.5,0,95,7
93,2025-01-13,6.34,1,2.69,1,100,7
93,2025-01-14,7.18,2,2.88,1,97,7
93,2025-01-15,5.41,6,2.77,0,100,8
93,2025-01-16,7.21,2,2.63,0,95,7
93,2025-01-17,5.43,7,2.59,1,95,7
93,2025-01-18,7.1,2,2.44,1,97,7
93,2025-01-19,7.02,5,2.3,0,94,7
93,2025-01-20,8.56,1,2.21,1,96,8
93,2025-01-21,8.56,9,2.45,1,92,7
93,2025-01-22,5.81,7,2.24,1,96,8
93,2025-01-23,6.37,1,2.46,0,96,8
93,2025-01-24,4.79,1,2.35,0,100,7
93,2025-01-25,5.97,4,2.15,1,94,7
93,2025-01-26,6.24,10,2.11,0,94,8
93,2025-01-27,5.54,2,2.22,0,93,6
93,2025-01-28,5.93,1,2.17,0,101,8
93,2025-01-29,6.04,10,2.15,0,98,7
93,2025-01-30,5.82,5,2.4,0,90,6
93,2025-01-31,6.43,5,2.55,0,100,7
93,2025-02-01,8.2,7,2.47,0,98,7
93,2025-02-02,5.11,3,2.28,0,100,8
93,2025-02-03,5.77,10,2.24,1,100,7
93,2025-02-04,7.11,2,2.21,0,97,7
93,2025-02-05,7.12,4,2.19,1,99,7
93,2025-02-06,8.39,8,2.02,0,92,7
93,2025-02-07,4.88,10,2.0,0,100,7
93,2025-02-08,6.49,6,1.77,0,103,8
93,2025-02-09,7.72,8,1.68,0,94,8
93,2025-02-10,8.13,8,1.55,1,94,7
93,2025-02-11,7.47,2,1.59,1,97,8
93,2025-02-12,6.64,9,1.67,1,99,8
93,2025-02-13,7.67,7,1.72,1,103,9
93,2025-02-14,7.53,10,1.91,1,100,8
93,2025-02-15,8.52,7,2.04,0,96,7
93,2025-02-16,7.37,9,1.8,1,99,8
93,2025-02-17,6.21,7,1.6,1,99,8
93,2025-02-18,4.8,6,1.54,0,94,8
93,2025-02-19,6.72,6,1.35,1,100,9
93,2025-02-20,4.35,7,1.22,0,103,9
93,2025-02-21,4.18,8,1.27,0,99,7
93,2025-02-22,4.03,10,1.43,0,103,9
93,2025-02-23,7.52,9,1.65,0,93,7
93,2025-02-24,6.89,8,1.42,1,103,8
93,2025-02-25,7.41,7,1.18,0,102,8
93,2025-02-26,4.3,10,1.06,0,102,8
93,2025-02-27,5.26,7,1.24,0,102,8
93,2025-02-28,7.59,6,1.1,0,100,9
93,2025-03-01,5.44,2,0.91,1,97,8
93,2025-03-02,7.0,7,1.02,1,96,8
93,2025-03-03,8.23,5,0.81,0,105,9
93,2025-03-04,4.86,8,0.98,0,100,9
93,2025-03-05,5.72,7,0.74,0,101,9
93,2025-03-06,5.84,9,0.66,0,101,8
93,2025-03-07,6.18,9,0.77,0,105,9
93,2025-03-08,5.84,4,0.87,0,98,9
93,2025-03-09,8.48,8,0.66,1,105,10
93,2025-03-10,7.91,10,0.51,1,105,10
93,2025-03-11,6.66,6,0.7,1,99,10
93,2025-03-12,7.22,7,0.78,0,102,8
93,2025-03-13,4.0,1,0.73,0,104,9
93,2025-03-14,4.37,6,0.78,1,100,8
93,2025-03-15,6.8,8,0.6,0,103,9
93,2025-03-16,5.93,9,0.82,1,105,9
93,2025-03-17,5.0,6,1.01,0,95,8
93,2025-03-18,6.56,2,1.07,0,97,8
93,2025-03-19,7.74,9,1.18,1,105,9
93,2025-03-20,5.83,4,0.95,0,101,9
93,2025-03-21,8.29,7,0.78,0,96,9
93,2025-03-22,4.22,8,0.74,1,103,8
93,2025-03-23,4.98,4,0.61,1,96,9
93,2025-03-24,7.08,3,0.53,1,103,9
93,2025-03-25,7.6,6,0.62,1,99,9
93,2025-03-26,4.86,6,0.42,0,99,9
93,2025-03-27,5.76,7,0.35,0,99,9
93,2025-03-28,6.23,5,0.27,1,99,8
93,2025-03-29,6.86,5,0.45,1,106,10
93,2025-03-30,6.3,2,0.38,1,102,10
93,2025-03-31,6.5,9,0.43,1,106,10
93,2025-04-01,9.5,2,0.25,1,104,9
93,2025-04-02,6.36,2,0.3,0,104,9
93,2025-04-03,5.85,4,0.32,1,101,10
93,2025-04-04,4.78,8,0.52,0,99,9
93,2025-04-05,5.53,10,0.7,0,99,9
93,2025-04-06,6.76,3,0.73,0,99,8
93,2025-04-07,5.68,3,0.73,0,102,9
93,2025-04-08,9.28,7,0.92,0,98,8
93,2025-04-09,6.94,1,1.01,0,103,9
93,2025-04-10,4.53,7,1.11,1,101,9
94,2025-01-01,5.67,8,3.79,1,76,5
94,2025-01-02,6.28,10,3.58,1,78,5
94,2025-01-03,7.9,1,3.41,0,79,6
94,2025-01-04,6.89,4,3.51,0,76,5
94,2025-01-05,7.72,10,3.68,0,77,6
94,2025-01-06,8.42,3,3.71,1,77,6
94,2025-01-07,7.08,3,3.68,1,83,7
94,2025-01-08,5.86,4,3.93,0,83,5
94,2025-01-09,4.56,3,3.92,1,84,7
94,2025-01-10,8.2,9,3.77,0,84,6
94,2025-01-11,5.34,1,3.97,1,78,5
94,2025-01-12,6.78,1,3.89,1,84,5
94,2025-01-13,5.73,7,3.97,1,82,5
94,2025-01-14,6.33,4,4.13,1,82,6
94,2025-01-15,6.85,7,3.99,0,84,5
94,2025-01-16,3.92,6,4.1,1,78,4
94,2025-01-17,6.38,9,4.22,1,80,6
94,2025-01-18,4.53,5,4.33,1,80,6
94,2025-01-19,6.5,5,4.1,1,74,4
94,2025-01-20,7.77,8,3.92,0,85,6
94,2025-01-21,6.18,7,3.86,1,78,6
94,2025-01-22,6.99,1,3.85,0,76,5
94,2025-01-23,6.21,9,3.95,1,78,6
94,2025-01-24,8.05,8,4.03,1,79,6
94,2025-01-25,7.71,1,3.89,1,79,5
94,2025-01-26,4.39,3,4.09,0,81,5
94,2025-01-27,6.84,8,4.22,0,85,6
94,2025-01-28,5.73,3,4.04,1,86,6
94,2025-01-29,6.65,7,4.07,0,80,5
94,2025-01-30,5.27,5,4.16,0,80,6
94,2025-01-31,5.47,6,4.38,1,81,6
94,2025-02-01,5.67,10,4.32,1,77,5
94,2025-02-02,5.46,7,4.12,1,76,5
94,2025-02-03,7.31,9,4.14,0,79,6
94,2025-02-04,5.88,6,4.08,1,84,6
94,2025-02-05,7.06,9,3.88,0,77,6
94,2025-02-06,5.67,2,4.02,0,80,5
94,2025-02-07,6.1,4,3.99,1,78,5
94,2025-02-08,6.19,7,4.18,1,80,6
94,2025-02-09,4.41,8,4.09,0,84,6
94,2025-02-10,7.19,9,4.14,0,78,5
94,2025-02-11,7.81,3,4.15,0,83,5
94,2025-02-12,8.27,8,4.21,0,82,6
94,2025-02-13,6.0,8,4.26,1,80,6
94,2025-02-14,5.78,7,4.34,1,84,5
94,2025-02-15,5.36,5,4.16,1,82,5
94,2025-02-16,5.53,2,4.05,1,75,5
94,2025-02-17,4.7,10,4.29,0,79,5
94,2025-02-18,7.39,1,4.5,0,73,4
94,2025-02-19,6.62,5,4.64,0,78,5
94,2025-02-20,7.1,7,4.65,0,82,6
94,2025-02-21,7.46,5,4.85,0,77,5
94,2025-02-22,8.08,4,4.97,0,80,5
94,2025-02-23,5.64,8,4.81,0,79,4
94,2025-02-24,5.88,8,4.98,1,81,4
94,2025-02-25,6.51,4,5.0,0,79,5
94,2025-02-26,7.18,9,4.96,0,84,5
94,2025-02-27,8.0,3,5.0,1,76,5
94,2025-02-28,6.83,9,4.91,0,76,5
94,2025-03-01,7.81,2,4.99,1,84,5
94,2025-03-02,7.47,9,5.0,0,78,5
94,2025-03-03,5.74,2,5.0,1,77,4
94,2025-03-04,6.26,7,4.87,0,74,4
94,2025-03-05,5.86,8,4.79,1,84,5
94,2025-03-06,7.77,4,4.72,0,79,5
94,2025-03-07,5.82,4,4.85,0,77,4
94,2025-03-08,8.79,10,4.83,0,78,4
94,2025-03-09,5.55,6,5.0,1,81,5
94,2025-03-10,5.98,3,4.83,1,82,4
94,2025-03-11,6.8,4,4.93,0,78,4
94,2025-03-12,6.42,7,5.0,0,82,5
94,2025-03-13,8.37,1,4.81,1,73,4
94,2025-03-14,6.19,2,4.78,0,76,5
94,2025-03-15,8.13,10,4.85,0,80,4
94,2025-03-16,7.1,3,4.93,1,83,5
94,2025-03-17,4.77,6,4.9,1,75,4
94,2025-03-18,5.81,3,4.86,0,76,4
94,2025-03-19,8.47,8,4.86,0,83,5
94,2025-03-20,6.58,9,4.88,0,75,5
94,2025-03-21,5.82,3,4.7,0,84,5
94,2025-03-22,3.24,6,4.51,1,77,5
94,2025-03-23,7.06,7,4.75,0,83,5
94,2025-03-24,5.12,3,4.75,1,82,6
94,2025-03-25,4.33,2,4.7,1,75,4
94,2025-03-26,8.4,7,4.95,1,76,4
94,2025-03-27,7.94,9,5.0,1,76,5
94,2025-03-28,6.09,3,4.79,0,82,4
94,2025-03-29,7.01,2,4.84,0,78,5
94,2025-03-30,7.63,9,4.77,1,82,5
94,2025-03-31,8.86,3,4.95,0,82,5
94,2025-04-01,6.95,2,4.99,0,81,5
94,2025-04-02,8.82,2,4.91,1,84,5
94,2025-04-03,7.26,8,4.74,1,78,5
94,2025-04-04,7.75,1,4.75,0,83,5
94,2025-04-05,6.26,5,4.92,0,79,4
94,2025-04-06,6.45,6,4.97,1,75,4
94,2025-04-07,8.63,7,5.0,0,84,5
94,2025-04-08,6.01,2,5.0,0,77,4
94,2025-04-09,5.7,8,4.83,1,74,4
94,2025-04-10,8.43,10,4.62,0,79,5
95,2025-01-01,6.41,7,3.01,0,86,7
95,2025-01-02,8.48,2,2.84,1,80,7
95,2025-01-03,6.45,7,2.98,0,83,6
95,2025-01-04,6.41,7,3.04,0,78,6
95,2025-01-05,5.62,3,2.99,0,84,7
95,2025-01-06,6.59,10,2.97,1,82,8
95,2025-01-07,6.44,1,2.9,0,77,6
95,2025-01-08,5.48,6,2.91,1,83,6
95,2025-01-09,5.47,1,2.76,1,81,7
95,2025-01-10,5.47,2,2.83,0,80,7
95,2025-01-11,7.51,4,2.98,0,85,7
95,2025-01-12,8.06,9,2.85,1,80,6
95,2025-01-13,4.62,1,2.78,1,85,7
95,2025-01-14,6.44,5,2.75,1,80,6
95,2025-01-15,7.68,8,2.61,1,85,7
95,2025-01-16,6.43,2,2.71,1,82,7
95,2025-01-17,5.7,4,2.58,1,85,6
95,2025-01-18,7.82,7,2.73,1,84,6
95,2025-01-19,5.18,8,2.95,1,87,7
95,2025-01-20,5.4,2,2.7,1,87,7
95,2025-01-21,5.58,6,2.83,1,82,7
95,2025-01-22,6.34,4,2.79,0,85,6
95,2025-01-23,7.41,8,2.9,1,86,7
95,2025-01-24,5.59,5,2.84,1,81,6
95,2025-01-25,5.7,5,2.77,1,83,7
95,2025-01-26,8.04,6,2.87,0,81,7
95,2025-01-27,5.31,3,3.1,0,84,7
95,2025-01-28,7.13,10,2.95,0,84,6
95,2025-01-29,5.35,3,3.15,0,82,7
95,2025-01-30,5.75,8,3.01,1,82,7
95,2025-01-31,6.89,10,2.78,1,88,7
95,2025-02-01,6.24,8,2.65,0,90,8
95,2025-02-02,8.48,5,2.61,1,82,7
95,2025-02-03,5.4,8,2.76,0,85,7
95,2025-02-04,5.99,6,2.64,0,82,8
95,2025-02-05,6.46,10,2.77,0,78,6
95,2025-02-06,6.76,2,2.81,0,81,6
95,2025-02-07,6.72,9,2.61,0,80,7
95,2025-02-08,6.56,5,2.59,1,86,7
95,2025-02-09,6.11,4,2.8,1,85,7
95,2025-02-10,5.29,6,2.83,0,86,7
95,2025-02-11,4.89,1,2.92,0,84,6
95,2025-02-12,6.91,4,2.72,1,84,6
95,2025-02-13,9.22,1,2.7,0,81,7
95,2025-02-14,6.76,6,2.49,1,84,7
95,2025-02-15,8.66,4,2.66,0,81,7
95,2025-02-16,6.22,4,2.88,0,84,8
95,2025-02-17,6.54,8,2.89,0,86,7
95,2025-02-18,4.26,9,2.81,1,84,7
95,2025-02-19,4.61,6,2.96,1,88,7
95,2025-02-20,7.01,2,2.78,1,77,6
95,2025-02-21,6.14,10,2.81,0,87,7
95,2025-02-22,5.45,3,2.87,1,87,7
95,2025-02-23,7.48,10,2.82,1,86,7
95,2025-02-24,6.47,9,2.68,1,83,6
95,2025-02-25,7.04,5,2.72,1,86,7
95,2025-02-26,8.52,3,2.96,0,81,7
95,2025-02-27,7.38,5,2.81,1,84,7
95,2025-02-28,5.33,10,2.86,1,87,7
95,2025-03-01,7.13,2,2.96,0,79,7
95,2025-03-02,4.92,6,3.09,0,86,6
95,2025-03-03,7.19,7,3.16,1,83,7
95,2025-03-04,7.48,9,2.92,1,87,7
95,2025-03-05,6.54,6,2.83,0,86,7
95,2025-03-06,6.73,6,2.68,1,80,7
95,2025-03-07,4.81,9,2.92,0,87,7
95,2025-03-08,7.87,4,2.91,1,82,7
95,2025-03-09,5.09,10,2.7,1,87,7
95,2025-03-10,7.64,7,2.65,1,80,7
95,2025-03-11,5.04,2,2.84,0,88,7
95,2025-03-12,6.73,1,2.81,1,82,7
95,2025-03-13,6.07,10,3.05,1,83,6
95,2025-03-14,5.33,9,2.86,1,81,8
95,2025-03-15,6.97,7,3.09,0,85,7
95,2025-03-16,7.53,10,3.12,1,86,7
95,2025-03-17,5.26,3,3.29,1,80,7
95,2025-03-18,6.03,7,3.31,1,79,6
95,2025-03-19,7.63,7,3.37,1,85,6
95,2025-03-20,6.28,8,3.38,0,83,7
95,2025-03-21,7.03,9,3.44,0,78,5
95,2025-03-22,5.28,1,3.26,1,85,6
95,2025-03-23,9.39,6,3.2,0,77,6
95,2025-03-24,7.12,3,3.23,1,86,6
95,2025-03-25,4.81,10,2.98,1,86,8
95,2025-03-26,5.3,1,3.06,0,82,7
95,2025-03-27,6.94,1,3.18,1,85,6
95,2025-03-28,5.58,5,3.06,1,82,7
95,2025-03-29,6.53,5,3.26,0,86,7
95,2025-03-30,6.21,7,3.24,0,82,7
95,2025-03-31,5.05,3,3.38,1,79,7
95,2025-04-01,4.7,5,3.25,0,85,7
95,2025-04-02,9.33,2,3.29,1,88,7
95,2025-04-03,7.52,6,3.04,0,84,7
95,2025-04-04,6.74,8,2.94,0,78,6
95,2025-04-05,5.46,3,2.81,1,88,7
95,2025-04-06,3.41,6,2.74,1,84,6
95,2025-04-07,8.5,4,2.93,0,88,7
95,2025-04-08,5.84,1,2.89,0,82,8
95,2025-04-09,7.78,2,2.77,1,81,7
95,2025-04-10,8.79,9,2.59,1,81,7
96,2025-01-01,5.89,5,3.48,0,93,7
96,2025-01-02,7.31,9,3.66,0,94,6
96,2025-01-03,7.2,5,3.67,1,93,5
96,2025-01-04,5.78,4,3.72,1,84,5
96,2025-01-05,4.89,10,3.94,0,94,6
96,2025-01-06,4.89,2,3.85,0,86,6
96,2025-01-07,8.32,10,3.73,0,87,5
96,2025-01-08,5.78,9,3.78,1,95,7
96,2025-01-09,6.67,9,3.57,0,94,6
96,2025-01-10,4.96,8,3.51,0,92,6
96,2025-01-11,6.56,10,3.38,0,88,5
96,2025-01-12,7.65,10,3.44,0,88,6
96,2025-01-13,7.3,7,3.53,1,87,5
96,2025-01-14,4.44,5,3.31,0,93,7
96,2025-01-15,7.01,2,3.37,0,88,6
96,2025-01-16,7.09,4,3.15,0,90,5
96,2025-01-17,5.44,9,3.04,0,92,7
96,2025-01-18,6.62,3,2.83,1,91,7
96,2025-01-19,6.32,9,3.07,0,92,7
96,2025-01-20,7.43,10,3.17,1,86,6
96,2025-01-21,6.03,8,3.03,1,96,7
96,2025-01-22,5.51,9,2.79,1,91,6
96,2025-01-23,6.97,2,2.59,1,91,7
96,2025-01-24,6.34,8,2.49,1,93,7
96,2025-01-25,6.43,8,2.25,0,92,7
96,2025-01-26,6.08,3,2.19,1,95,7
96,2025-01-27,6.91,9,1.98,0,90,7
96,2025-01-28,7.81,9,2.08,1,97,7
96,2025-01-29,8.23,3,1.84,0,92,8
96,2025-01-30,5.54,5,1.65,0,100,9
96,2025-01-31,6.48,5,1.49,1,93,9
96,2025-02-01,6.24,3,1.31,1,99,8
96,2025-02-02,6.47,6,1.1,0,96,7
96,2025-02-03,6.14,2,0.85,1,95,9
96,2025-02-04,5.29,2,0.98,0,91,8
96,2025-02-05,6.49,2,0.75,0,90,8
96,2025-02-06,8.6,10,0.78,0,93,9
96,2025-02-07,5.99,7,0.53,0,100,9
96,2025-02-08,6.45,5,0.69,0,91,8
96,2025-02-09,8.33,8,0.5,1,100,9
96,2025-02-10,4.1,9,0.61,0,95,9
96,2025-02-11,7.31,10,0.38,0,96,10
96,2025-02-12,7.66,6,0.44,0,90,8
96,2025-02-13,5.69,5,0.55,0,97,10
96,2025-02-14,5.98,1,0.75,0,96,9
96,2025-02-15,5.3,7,0.9,0,91,8
96,2025-02-16,7.29,6,0.8,1,95,9
96,2025-02-17,9.23,8,0.7,1,98,9
96,2025-02-18,4.06,4,0.56,0,92,9
96,2025-02-19,6.82,9,0.72,0,100,9
96,2025-02-20,4.76,9,0.67,1,96,9
96,2025-02-21,5.44,4,0.51,0,97,9
96,2025-02-22,6.59,4,0.39,1,93,9
96,2025-02-23,5.86,5,0.56,0,98,9
96,2025-02-24,4.34,1,0.77,1,95,10
96,2025-02-25,5.63,1,0.69,1,92,9
96,2025-02-26,3.56,3,0.6,0,91,8
96,2025-02-27,6.37,1,0.47,0,94,9
96,2025-02-28,8.72,4,0.26,1,99,8
96,2025-03-01,7.78,6,0.31,1,92,9
96,2025-03-02,4.94,5,0.29,0,92,8
96,2025-03-03,5.2,7,0.2,0,95,9
96,2025-03-04,4.92,9,0.03,0,97,9
96,2025-03-05,6.65,8,0.0,1,101,9
96,2025-03-06,7.65,6,0.05,1,101,10
96,2025-03-07,5.77,10,0.0,0,99,10
96,2025-03-08,7.94,9,0.0,1,97,10
96,2025-03-09,4.25,1,0.2,0,96,9
96,2025-03-10,4.07,6,0.43,1,95,8
96,2025-03-11,7.49,1,0.52,0,100,9
96,2025-03-12,8.18,4,0.45,1,96,8
96,2025-03-13,6.67,3,0.6,0,97,10
96,2025-03-14,6.93,2,0.57,1,98,9
96,2025-03-15,5.34,6,0.57,1,100,9
96,2025-03-16,5.72,9,0.65,0,97,9
96,2025-03-17,6.29,4,0.66,0,102,10
96,2025-03-18,7.89,5,0.74,1,90,8
96,2025-03-19,7.38,7,0.82,0,96,8
96,2025-03-20,5.9,10,0.58,0,93,9
96,2025-03-21,7.28,3,0.71,1,99,8
96,2025-03-22,6.21,10,0.78,1,98,8
96,2025-03-23,5.39,1,0.7,0,91,8
96,2025-03-24,5.06,10,0.54,0,96,9
96,2025-03-25,6.64,5,0.45,0,102,10
96,2025-03-26,5.91,4,0.5,1,98,10
96,2025-03-27,7.49,10,0.64,1,94,10
96,2025-03-28,8.48,9,0.6,0,94,9
96,2025-03-29,8.45,5,0.47,1,93,8
96,2025-03-30,7.72,9,0.27,1,93,9
96,2025-03-31,6.75,8,0.03,0,94,9
96,2025-04-01,7.74,9,0.0,1,97,9
96,2025-04-02,8.88,6,0.0,1,93,9
96,2025-04-03,5.66,9,0.0,1,99,10
96,2025-04-04,6.66,4,0.01,0,103,10
96,2025-04-05,6.17,1,0.0,0,95,9
96,2025-04-06,5.85,2,0.24,0,99,9
96,2025-04-07,4.84,6,0.05,0,98,9
96,2025-04-08,6.77,7,0.0,0,97,9
96,2025-04-09,6.98,2,0.02,1,94,10
96,2025-04-10,7.17,6,0.0,0,95,10
97,2025-01-01,7.31,10,2.67,1,96,8
97,2025-01-02,6.27,9,2.59,1,93,7
97,2025-01-03,6.78,10,2.66,1,91,6
97,2025-01-04,4.6,7,2.42,0,96,7
97,2025-01-05,5.26,1,2.27,1,90,7
97,2025-01-06,6.86,6,2.31,0,90,7
97,2025-01-07,7.41,7,2.55,1,89,7
97,2025-01-08,5.14,7,2.46,0,90,6
97,2025-01-09,6.66,7,2.56,0,95,7
97,2025-01-10,7.95,4,2.67,0,88,6
97,2025-01-11,4.9,7,2.59,1,92,6
97,2025-01-12,7.49,2,2.83,0,97,7
97,2025-01-13,7.63,7,2.97,1,92,6
97,2025-01-14,8.0,8,3.0,1,97,7
97,2025-01-15,7.65,2,3.02,0,89,7
97,2025-01-16,4.64,10,3.11,0,91,6
97,2025-01-17,5.75,7,3.33,1,94,6
97,2025-01-18,5.61,6,3.18,1,92,6
97,2025-01-19,5.84,6,3.33,0,90,5
97,2025-01-20,6.05,10,3.36,0,91,6
97,2025-01-21,6.52,2,3.55,1,91,7
97,2025-01-22,7.45,1,3.42,0,87,5
97,2025-01-23,7.51,2,3.44,0,97,7
97,2025-01-24,2.99,9,3.38,1,96,7
97,2025-01-25,7.34,1,3.26,0,86,5
97,2025-01-26,6.74,4,3.09,0,93,6
97,2025-01-27,4.03,1,2.9,1,94,6
97,2025-01-28,7.88,2,2.99,1,89,6
97,2025-01-29,6.56,7,2.86,1,92,6
97,2025-01-30,6.59,4,2.76,0,92,8
97,2025-01-31,9.01,1,2.89,0,94,6
97,2025-02-01,7.11,8,2.85,0,91,6
97,2025-02-02,5.8,2,3.02,1,88,6
97,2025-02-03,6.64,10,3.17,0,93,7
97,2025-02-04,2.42,9,3.34,0,97,7
97,2025-02-05,8.99,10,3.11,1,91,7
97,2025-02-06,8.45,6,3.13,1,91,7
97,2025-02-07,7.5,6,3.08,1,93,7
97,2025-02-08,6.94,1,2.96,1,89,7
97,2025-02-09,6.11,5,3.18,0,88,6
97,2025-02-10,6.92,3,2.94,0,95,6
97,2025-02-11,4.69,10,2.86,1,95,6
97,2025-02-12,6.86,5,3.03,0,90,6
97,2025-02-13,6.49,1,2.85,1,90,6
97,2025-02-14,6.38,7,2.67,0,94,7
97,2025-02-15,7.07,7,2.57,1,96,7
97,2025-02-16,7.67,5,2.33,0,92,6
97,2025-02-17,4.15,4,2.39,1,91,7
97,2025-02-18,4.97,2,2.18,1,94,7
97,2025-02-19,3.85,6,2.33,0,100,8
97,2025-02-20,5.02,5,2.32,1,98,8
97,2025-02-21,6.78,2,2.16,0,96,7
97,2025-02-22,6.91,8,2.32,1,90,7
97,2025-02-23,7.29,4,2.16,1,93,8
97,2025-02-24,4.22,3,2.1,1,96,8
97,2025-02-25,6.6,8,1.87,1,93,8
97,2025-02-26,5.27,4,1.78,0,96,7
97,2025-02-27,7.29,9,1.98,0,97,7
97,2025-02-28,5.38,3,1.87,0,95,8
97,2025-03-01,4.78,8,1.73,0,93,8
97,2025-03-02,6.58,4,1.85,1,98,8
97,2025-03-03,6.17,1,1.7,1,97,7
97,2025-03-04,6.11,10,1.6,1,100,8
97,2025-03-05,4.24,1,1.59,0,100,8
97,2025-03-06,5.49,3,1.44,1,96,9
97,2025-03-07,7.24,6,1.6,0,99,9
97,2025-03-08,4.48,7,1.69,0,93,9
97,2025-03-09,4.7,8,1.5,1,91,7
97,2025-03-10,5.64,1,1.31,0,92,7
97,2025-03-11,7.42,8,1.26,0,98,9
97,2025-03-12,5.16,2,1.02,1,96,9
97,2025-03-13,4.79,8,1.18,1,96,8
97,2025-03-14,9.26,7,1.24,1,97,9
97,2025-03-15,6.05,10,1.4,1,94,9
97,2025-03-16,5.99,8,1.2,1,93,8
97,2025-03-17,5.81,3,1.4,1,99,8
97,2025-03-18,6.44,4,1.61,1,95,8
97,2025-03-19,5.31,8,1.81,0,93,7
97,2025-03-20,9.42,4,1.68,0,95,8
97,2025-03-21,7.88,1,1.57,1,97,7
97,2025-03-22,6.31,6,1.33,1,99,8
97,2025-03-23,5.46,9,1.52,1,102,9
97,2025-03-24,7.45,8,1.29,1,89,7
97,2025-03-25,6.67,5,1.35,1,93,8
97,2025-03-26,6.03,2,1.12,1,100,9
97,2025-03-27,7.0,1,1.31,1,97,8
97,2025-03-28,5.27,8,1.31,0,95,9
97,2025-03-29,7.86,5,1.45,1,98,8
97,2025-03-30,7.26,3,1.67,1,98,7
97,2025-03-31,7.57,10,1.54,0,92,8
97,2025-04-01,8.0,5,1.67,0,97,8
97,2025-04-02,5.55,5,1.72,0,93,8
97,2025-04-03,8.14,1,1.49,0,93,8
97,2025-04-04,7.15,2,1.72,0,94,7
97,2025-04-05,7.93,3,1.68,0,97,7
97,2025-04-06,7.27,2,1.79,0,94,7
97,2025-04-07,7.14,6,1.55,1,98,8
97,2025-04-08,4.94,6,1.79,0,92,8
97,2025-04-09,7.97,1,1.93,1,94,7
97,2025-04-10,8.31,8,1.94,1,94,8
98,2025-01-01,7.25,6,2.48,0,90,8
98,2025-01-02,3.04,4,2.31,1,91,8
98,2025-01-03,6.0,5,2.41,0,86,6
98,2025-01-04,5.05,8,2.42,1,91,7
98,2025-01-05,4.26,6,2.43,1,92,8
98,2025-01-06,6.58,6,2.62,1,86,6
98,2025-01-07,8.13,7,2.5,1,86,6
98,2025-01-08,5.36,7,2.51,1,85,7
98,2025-01-09,5.27,2,2.63,0,90,7
98,2025-01-10,8.01,2,2.44,1,91,8
98,2025-01-11,5.97,8,2.57,0,87,7
98,2025-01-12,6.77,9,2.47,1,82,6
98,2025-01-13,7.1,4,2.64,0,87,6
98,2025-01-14,7.62,6,2.44,1,88,7
98,2025-01-15,7.29,6,2.32,0,84,7
98,2025-01-16,6.72,3,2.08,1,85,7
98,2025-01-17,7.79,7,2.2,0,93,8
98,2025-01-18,4.79,10,2.02,0,87,7
98,2025-01-19,7.02,8,1.99,0,86,7
98,2025-01-20,7.19,8,1.85,1,93,8
98,2025-01-21,4.98,4,1.64,0,89,7
98,2025-01-22,5.39,4,1.75,1,85,8
98,2025-01-23,6.82,6,1.6,1,91,8
98,2025-01-24,7.39,5,1.84,1,90,7
98,2025-01-25,5.92,5,1.81,0,91,8
98,2025-01-26,8.8,5,1.59,1,91,7
98,2025-01-27,6.22,3,1.81,1,87,8
98,2025-01-28,5.88,8,2.05,0,86,7
98,2025-01-29,3.98,4,2.19,0,89,8
98,2025-01-30,8.61,10,2.36,0,84,7
98,2025-01-31,6.02,5,2.54,1,81,6
98,2025-02-01,7.28,4,2.64,0,86,8
98,2025-02-02,7.55,2,2.48,1,93,8
98,2025-02-03,6.5,6,2.32,1,83,6
98,2025-02-04,5.26,10,2.3,0,83,7
98,2025-02-05,7.19,7,2.14,1,90,7
98,2025-02-06,4.93,4,2.31,0,94,8
98,2025-02-07,6.44,9,2.45,0,83,6
98,2025-02-08,7.35,2,2.49,0,85,6
98,2025-02-09,6.07,2,2.35,1,88,6
98,2025-02-10,5.44,10,2.39,0,83,7
98,2025-02-11,5.73,6,2.45,1,87,6
98,2025-02-12,6.01,5,2.22,0,93,8
98,2025-02-13,7.02,2,1.99,1,90,7
98,2025-02-14,6.13,3,1.8,0,86,8
98,2025-02-15,4.99,5,1.99,0,91,8
98,2025-02-16,9.08,3,2.1,1,84,7
98,2025-02-17,6.92,2,2.32,0,84,7
98,2025-02-18,8.56,9,2.51,0,90,6
98,2025-02-19,4.81,5,2.66,1,90,6
98,2025-02-20,7.8,4,2.8,0,83,6
98,2025-02-21,5.06,5,2.72,0,87,7
98,2025-02-22,8.64,8,2.87,1,90,6
98,2025-02-23,6.61,1,2.7,0,90,7
98,2025-02-24,5.76,1,2.88,0,85,7
98,2025-02-25,8.12,7,2.64,0,83,7
98,2025-02-26,6.17,2,2.67,1,86,6
98,2025-02-27,6.28,9,2.58,0,92,8
98,2025-02-28,8.54,3,2.61,1,83,6
98,2025-03-01,7.66,3,2.72,1,87,7
98,2025-03-02,7.29,7,2.78,0,83,7
98,2025-03-03,7.03,9,2.55,0,87,8
98,2025-03-04,7.59,4,2.45,1,84,7
98,2025-03-05,8.08,10,2.59,1,83,6
98,2025-03-06,6.4,9,2.5,0,86,8
98,2025-03-07,6.71,2,2.64,0,86,6
98,2025-03-08,6.49,4,2.63,1,88,7
98,2025-03-09,6.54,10,2.39,1,88,7
98,2025-03-10,6.91,10,2.52,0,87,8
98,2025-03-11,5.36,7,2.76,0,86,8
98,2025-03-12,5.51,2,2.57,1,85,6
98,2025-03-13,6.99,9,2.7,1,86,7
98,2025-03-14,7.32,10,2.61,0,84,7
98,2025-03-15,6.98,3,2.82,1,87,7
98,2025-03-16,4.84,1,2.61,1,90,8
98,2025-03-17,4.78,6,2.78,0,83,6
98,2025-03-18,8.08,6,2.77,0,87,7
98,2025-03-19,4.24,2,2.78,0,87,7
98,2025-03-20,7.13,3,2.98,0,88,6
98,2025-03-21,6.21,5,2.88,0,89,7
98,2025-03-22,6.12,5,2.84,1,83,7
98,2025-03-23,3.26,1,2.62,1,91,7
98,2025-03-24,7.16,7,2.54,1,90,7
98,2025-03-25,7.16,3,2.78,1,87,6
98,2025-03-26,5.93,6,2.78,1,85,6
98,2025-03-27,6.78,6,2.74,1,87,7
98,2025-03-28,6.29,2,2.8,1,93,8
98,2025-03-29,6.88,4,3.02,0,87,6
98,2025-03-30,5.11,2,3.05,1,81,6
98,2025-03-31,3.7,1,3.18,0,86,6
98,2025-04-01,6.56,2,3.24,0,81,6
98,2025-04-02,6.57,6,3.35,1,89,7
98,2025-04-03,8.93,9,3.35,0,84,6
98,2025-04-04,6.47,5,3.36,0,90,7
98,2025-04-05,5.97,7,3.48,0,88,5
98,2025-04-06,6.93,8,3.37,0,88,5
98,2025-04-07,7.76,8,3.57,1,86,6
98,2025-04-08,5.93,4,3.37,0,84,6
98,2025-04-09,6.29,9,3.55,1,86,5
98,2025-04-10,6.37,6,3.5,0,82,5
99,2025-01-01,8.87,6,3.35,0,92,7
99,2025-01-02,5.89,1,3.16,0,83,6
99,2025-01-03,7.57,3,3.41,0,84,6
99,2025-01-04,8.55,7,3.42,0,86,6
99,2025-01-05,6.22,1,3.44,1,90,6
99,2025-01-06,6.35,9,3.61,1,83,6
99,2025-01-07,7.0,4,3.4,1,85,7
99,2025-01-08,3.96,3,3.55,1,82,5
99,2025-01-09,8.09,8,3.72,0,83,5
99,2025-01-10,8.22,2,3.52,0,84,5
99,2025-01-11,5.87,10,3.31,0,84,6
99,2025-01-12,6.8,5,3.26,0,92,6
99,2025-01-13,8.65,7,3.33,0,85,6
99,2025-01-14,4.91,9,3.29,1,89,6
99,2025-01-15,9.06,6,3.37,1,91,6
99,2025-01-16,6.1,8,3.42,1,90,6
99,2025-01-17,6.93,9,3.63,1,85,6
99,2025-01-18,4.56,7,3.65,0,90,6
99,2025-01-19,5.26,7,3.6,1,87,6
99,2025-01-20,8.2,9,3.49,0,86,5
99,2025-01-21,6.02,7,3.66,0,89,6
99,2025-01-22,5.94,2,3.64,0,88,6
99,2025-01-23,6.13,4,3.54,1,85,6
99,2025-01-24,4.73,1,3.71,0,92,6
99,2025-01-25,6.77,5,3.51,1,88,7
99,2025-01-26,5.88,4,3.47,1,91,6
99,2025-01-27,7.1,2,3.68,0,92,6
99,2025-01-28,6.89,7,3.7,0,87,6
99,2025-01-29,8.19,10,3.59,0,87,6
99,2025-01-30,7.03,2,3.51,0,94,7
99,2025-01-31,4.57,10,3.53,1,82,5
99,2025-02-01,4.43,3,3.51,0,89,5
99,2025-02-02,6.57,1,3.45,0,91,6
99,2025-02-03,6.28,9,3.3,0,91,7
99,2025-02-04,5.15,8,3.3,1,87,6
99,2025-02-05,4.53,7,3.5,1,85,6
99,2025-02-06,7.54,5,3.67,0,91,6
99,2025-02-07,6.33,8,3.56,0,83,5
99,2025-02-08,5.51,3,3.51,0,90,6
99,2025-02-09,5.76,8,3.68,1,84,6
99,2025-02-10,5.91,9,3.76,1,92,6
99,2025-02-11,5.22,2,3.75,0,89,6
99,2025-02-12,6.04,7,3.94,1,86,5
99,2025-02-13,6.83,1,3.96,0,83,5
99,2025-02-14,6.78,10,4.17,0,83,6
99,2025-02-15,7.53,7,4.3,0,82,5
99,2025-02-16,8.82,9,4.39,1,86,5
99,2025-02-17,7.22,10,4.28,1,85,4
99,2025-02-18,7.1,1,4.06,1,84,5
99,2025-02-19,6.38,10,3.81,1,84,6
99,2025-02-20,6.75,5,3.88,1,89,7
99,2025-02-21,5.77,6,3.78,1,84,6
99,2025-02-22,5.79,3,3.86,0,81,5
99,2025-02-23,5.62,10,3.87,1,91,7
99,2025-02-24,6.33,3,3.9,1,81,5
99,2025-02-25,7.16,6,4.01,1,83,6
99,2025-02-26,6.13,8,4.02,1,88,6
99,2025-02-27,5.32,2,4.11,0,85,6
99,2025-02-28,7.41,5,3.99,1,92,6
99,2025-03-01,5.15,9,4.21,0,82,5
99,2025-03-02,4.58,8,4.43,0,88,5
99,2025-03-03,6.64,4,4.31,1,81,5
99,2025-03-04,5.17,3,4.29,1,89,5
99,2025-03-05,5.2,9,4.34,0,81,4
99,2025-03-06,3.94,6,4.51,1,89,6
99,2025-03-07,7.54,2,4.51,1,80,4
99,2025-03-08,6.06,8,4.54,0,89,6
99,2025-03-09,6.74,9,4.38,1,88,6
99,2025-03-10,8.6,8,4.27,1,84,5
99,2025-03-11,5.6,8,4.2,1,85,5
99,2025-03-12,7.08,9,4.07,1,81,5
99,2025-03-13,4.89,4,4.1,1,85,6
99,2025-03-14,3.26,6,4.02,1,87,6
99,2025-03-15,5.19,1,4.16,1,84,5
99,2025-03-16,6.94,4,4.39,1,89,6
99,2025-03-17,7.63,7,4.37,0,80,4
99,2025-03-18,6.14,9,4.51,1,90,5
99,2025-03-19,7.64,10,4.44,0,82,4
99,2025-03-20,7.04,9,4.4,0,85,6
99,2025-03-21,8.53,1,4.25,1,89,6
99,2025-03-22,7.4,10,4.27,0,88,4
99,2025-03-23,5.82,2,4.39,0,87,5
99,2025-03-24,4.25,7,4.57,1,90,5
99,2025-03-25,6.62,1,4.77,0,82,5
99,2025-03-26,4.54,7,4.98,0,86,4
99,2025-03-27,7.27,3,4.95,1,85,4
99,2025-03-28,9.03,5,4.9,0,88,6
99,2025-03-29,6.45,10,5.0,1,88,5
99,2025-03-30,6.08,3,4.94,1,90,5
99,2025-03-31,7.13,8,4.72,0,83,5
99,2025-04-01,4.88,4,4.75,1,84,4
99,2025-04-02,6.69,5,4.53,0,87,5
99,2025-04-03,5.75,4,4.65,1,91,6
99,2025-04-04,6.71,1,4.82,1,84,4
99,2025-04-05,7.37,3,4.65,1,86,5
99,2025-04-06,5.35,2,4.69,1,85,4
99,2025-04-07,5.26,9,4.87,1,80,4
99,2025-04-08,7.93,4,5.0,0,89,5
99,2025-04-09,6.86,1,4.86,1,90,5
99,2025-04-10,6.02,7,4.73,1,82,5
100,2025-01-01,5.14,9,3.3,0,100,6
100,2025-01-02,6.15,3,3.38,0,94,5
100,2025-01-03,7.4,6,3.63,1,96,6
100,2025-01-04,7.73,1,3.65,1,92,5
100,2025-01-05,3.86,8,3.79,1,95,7
100,2025-01-06,5.76,3,3.76,1,92,5
100,2025-01-07,7.57,6,3.68,1,99,6
100,2025-01-08,6.74,7,3.82,1,94,6
100,2025-01-09,8.03,3,3.96,0,91,5
100,2025-01-10,6.46,5,3.71,0,92,5
100,2025-01-11,6.93,4,3.71,0,97,5
100,2025-01-12,5.83,1,3.57,1,98,7
100,2025-01-13,6.99,1,3.78,0,93,6
100,2025-01-14,6.64,6,3.99,0,95,5
100,2025-01-15,7.18,3,4.08,0,91,5
100,2025-01-16,5.47,3,3.99,0,95,5
100,2025-01-17,5.05,3,3.83,1,97,7
100,2025-01-18,4.93,8,4.04,1,98,6
100,2025-01-19,4.59,6,4.14,0,93,6
100,2025-01-20,7.32,1,4.19,1,93,6
100,2025-01-21,7.43,4,4.24,0,92,4
100,2025-01-22,7.34,4,4.25,1,97,5
100,2025-01-23,6.44,4,4.46,0,97,6
100,2025-01-24,9.0,8,4.68,0,89,4
100,2025-01-25,7.06,2,4.65,1,97,6
100,2025-01-26,4.93,10,4.76,1,97,5
100,2025-01-27,7.21,9,4.62,0,94,6
100,2025-01-28,7.94,8,4.86,1,92,5
100,2025-01-29,5.09,3,4.72,1,89,4
100,2025-01-30,6.75,9,4.65,0,92,6
100,2025-01-31,7.29,1,4.74,1,96,4
100,2025-02-01,4.86,9,4.96,0,90,5
100,2025-02-02,7.56,2,5.0,1,92,4
100,2025-02-03,8.44,4,4.93,1,96,5
100,2025-02-04,8.27,7,5.0,0,93,4
100,2025-02-05,8.07,4,4.98,0,90,5
100,2025-02-06,5.93,10,4.82,1,94,4
100,2025-02-07,5.33,9,4.94,1,94,4
100,2025-02-08,8.08,10,5.0,0,96,5
100,2025-02-09,5.72,8,4.95,1,94,5
100,2025-02-10,4.49,7,4.91,1,95,4
100,2025-02-11,6.75,3,4.71,0,89,4
100,2025-02-12,5.5,7,4.95,0,90,5
100,2025-02-13,8.5,10,4.83,1,96,5
100,2025-02-14,6.92,9,4.69,1,88,4
100,2025-02-15,7.92,7,4.71,0,92,5
100,2025-02-16,6.43,6,4.5,0,92,5
100,2025-02-17,6.28,3,4.34,1,94,6
100,2025-02-18,5.72,7,4.27,0,90,4
100,2025-02-19,5.04,9,4.44,0,98,5
100,2025-02-20,7.58,6,4.54,0,97,6
100,2025-02-21,5.98,8,4.76,1,96,5
100,2025-02-22,5.89,4,4.75,0,90,5
100,2025-02-23,4.78,4,4.85,0,90,4
100,2025-02-24,5.25,8,4.89,0,89,5
100,2025-02-25,8.46,3,5.0,0,92,5
100,2025-02-26,5.62,4,5.0,0,93,5
100,2025-02-27,5.51,5,5.0,1,91,4
100,2025-02-28,8.85,5,5.0,1,91,5
100,2025-03-01,5.94,6,4.84,1,91,5
100,2025-03-02,8.44,8,4.59,0,95,4
100,2025-03-03,5.77,4,4.78,0,91,5
100,2025-03-04,7.55,4,4.98,0,88,4
100,2025-03-05,6.09,6,4.95,0,87,4
100,2025-03-06,8.44,1,5.0,1,96,5
100,2025-03-07,6.6,9,4.98,0,94,5
100,2025-03-08,7.04,3,5.0,0,91,4
100,2025-03-09,6.6,7,4.96,1,96,5
100,2025-03-10,6.72,7,4.76,1,98,5
100,2025-03-11,7.73,3,4.55,1,94,5
100,2025-03-12,7.21,5,4.49,0,93,5
100,2025-03-13,5.11,10,4.51,1,98,6
100,2025-03-14,5.39,10,4.66,1,96,4
100,2025-03-15,5.34,8,4.56,0,93,5
100,2025-03-16,6.62,2,4.43,1,87,4
100,2025-03-17,8.73,5,4.37,1,95,5
100,2025-03-18,8.6,4,4.44,1,87,4
100,2025-03-19,6.58,8,4.24,0,96,6
100,2025-03-20,7.93,5,4.27,1,91,6
100,2025-03-21,6.75,6,4.48,0,92,5
100,2025-03-22,8.78,5,4.64,0,98,5
100,2025-03-23,7.38,8,4.5,0,93,5
100,2025-03-24,7.25,7,4.44,0,96,4
100,2025-03-25,4.92,9,4.34,1,90,5
100,2025-03-26,5.89,7,4.2,1,94,6
100,2025-03-27,6.35,9,4.23,0,100,6
100,2025-03-28,7.57,4,4.37,0,94,5
100,2025-03-29,4.4,10,4.15,1,92,5
100,2025-03-30,5.05,2,3.9,1,100,7
100,2025-03-31,5.34,6,3.85,0,94,6
100,2025-04-01,6.03,6,4.0,1,97,6
100,2025-04-02,5.61,3,4.2,0,90,5
100,2025-04-03,7.92,8,4.24,0,92,6
100,2025-04-04,7.32,8,4.17,1,93,6
100,2025-04-05,7.17,7,4.03,1,93,6
100,2025-04-06,6.05,6,3.9,0,90,5
100,2025-04-07,7.68,3,4.14,0,91,5
100,2025-04-08,8.16,4,4.04,0,95,6
100,2025-04-09,4.81,8,3.83,0,98,5
100,2025-04-10,5.42,10,3.95,1,98,5
